step,task,prompt_idx,sample_idx,reward,bucket,reason,matched,segment_chars
1,task_002642_f2240af4,3,97,1.0,traceback_in_exit0,traceback_only_no_test_failure,Traceback (most recent call last),202
1,task_002642_f2240af4,3,110,0.0,traceback_in_exit0,traceback_only_no_test_failure,Traceback (most recent call last),147
1,task_002642_f2240af4,3,115,0.0,traceback_in_exit0,traceback_only_no_test_failure,Traceback (most recent call last),857
1,task_002642_f2240af4,3,117,1.0,traceback_in_exit0,traceback_only_no_test_failure,Traceback (most recent call last),134
1,task_002642_f2240af4,3,120,0.0,traceback_in_exit0,traceback_only_no_test_failure,Traceback (most recent call last),148
1,task_002642_f2240af4,3,123,0.0,traceback_in_exit0,traceback_only_no_test_failure,Traceback (most recent call last),2761
1,task_002642_f2240af4,3,126,0.0,traceback_in_exit0,traceback_only_no_test_failure,Traceback (most recent call last),182
1,task_005085_31c5a191,4,153,0.0,traceback_in_exit0,traceback_only_no_test_failure,Traceback (most recent call last),127
1,task_005085_31c5a191,4,155,0.0,traceback_in_exit0,traceback_only_no_test_failure,Traceback (most recent call last),126
1,task_000757_aaf4ddc1,6,205,0.0,traceback_in_exit0,traceback_only_no_test_failure,Traceback (most recent call last),1133
1,task_000757_aaf4ddc1,6,212,1.0,traceback_in_exit0,traceback_only_no_test_failure,Traceback (most recent call last),1187
1,task_001215_8cf1fe6c,7,229,0.0,traceback_in_exit0,traceback_only_no_test_failure,Traceback (most recent call last),121
2,task_006432_c57d406c,4,134,1.0,traceback_in_exit0,traceback_only_no_test_failure,Traceback (most recent call last),145
2,task_006432_c57d406c,4,143,1.0,traceback_in_exit0,traceback_only_no_test_failure,Traceback (most recent call last),149
2,task_001742_1119d25e,6,197,0.0,traceback_in_exit0,traceback_only_no_test_failure,Traceback (most recent call last),1813
2,task_001742_1119d25e,6,199,0.0,traceback_in_exit0,traceback_only_no_test_failure,Traceback (most recent call last),1967
2,task_001742_1119d25e,6,203,0.0,traceback_in_exit0,traceback_only_no_test_failure,Traceback (most recent call last),460
2,task_001742_1119d25e,6,206,0.0,traceback_in_exit0,traceback_only_no_test_failure,Traceback (most recent call last),1865
2,task_001742_1119d25e,6,212,0.0,traceback_in_exit0,traceback_only_no_test_failure,Traceback (most recent call last),2806
2,task_001742_1119d25e,6,213,0.0,traceback_in_exit0,traceback_only_no_test_failure,Traceback (most recent call last),2135
2,task_001742_1119d25e,6,218,1.0,traceback_in_exit0,traceback_only_no_test_failure,Traceback (most recent call last),2160
2,task_001742_1119d25e,6,220,0.0,traceback_in_exit0,traceback_only_no_test_failure,Traceback (most recent call last),1182
3,task_004296_251060ee,1,36,1.0,traceback_in_exit0,traceback_only_no_test_failure,Traceback (most recent call last),455
5,task_009063_cfa85938,4,135,0.0,traceback_in_exit0,traceback_only_no_test_failure,Traceback (most recent call last),621
5,task_009063_cfa85938,4,140,0.0,traceback_in_exit0,traceback_only_no_test_failure,Traceback (most recent call last),417
5,task_009063_cfa85938,4,148,0.0,traceback_in_exit0,traceback_only_no_test_failure,Traceback (most recent call last),383
6,task_001465_6dc099ec,0,14,1.0,traceback_in_exit0,traceback_only_no_test_failure,Traceback (most recent call last),266
6,task_001465_6dc099ec,0,15,1.0,traceback_in_exit0,traceback_only_no_test_failure,Traceback (most recent call last),266
6,task_001418_17a07cd7,5,161,0.0,traceback_in_exit0,traceback_only_no_test_failure,Traceback (most recent call last),1155
6,task_003957_1924e7ab,7,226,1.0,traceback_in_exit0,traceback_only_no_test_failure,Traceback (most recent call last),1066
6,task_003957_1924e7ab,7,229,1.0,traceback_in_exit0,traceback_only_no_test_failure,Traceback (most recent call last),145
6,task_003957_1924e7ab,7,230,1.0,traceback_in_exit0,traceback_only_no_test_failure,Traceback (most recent call last),1256
6,task_003957_1924e7ab,7,231,1.0,traceback_in_exit0,traceback_only_no_test_failure,Traceback (most recent call last),391
6,task_003957_1924e7ab,7,232,1.0,traceback_in_exit0,traceback_only_no_test_failure,Traceback (most recent call last),163
6,task_003957_1924e7ab,7,233,1.0,traceback_in_exit0,traceback_only_no_test_failure,Traceback (most recent call last),1290
6,task_003957_1924e7ab,7,239,1.0,traceback_in_exit0,traceback_only_no_test_failure,Traceback (most recent call last),147
6,task_003957_1924e7ab,7,240,1.0,traceback_in_exit0,traceback_only_no_test_failure,Traceback (most recent call last),805
6,task_003957_1924e7ab,7,241,1.0,traceback_in_exit0,traceback_only_no_test_failure,Traceback (most recent call last),158
6,task_003957_1924e7ab,7,243,1.0,traceback_in_exit0,traceback_only_no_test_failure,Traceback (most recent call last),401
6,task_003957_1924e7ab,7,244,1.0,traceback_in_exit0,traceback_only_no_test_failure,Traceback (most recent call last),1748
6,task_003957_1924e7ab,7,248,1.0,traceback_in_exit0,traceback_only_no_test_failure,Traceback (most recent call last),324
6,task_003957_1924e7ab,7,250,1.0,traceback_in_exit0,traceback_only_no_test_failure,Traceback (most recent call last),1062
6,task_003957_1924e7ab,7,255,1.0,traceback_in_exit0,traceback_only_no_test_failure,Traceback (most recent call last),437
7,task_002161_2692b62c,0,10,1.0,traceback_in_exit0,traceback_only_no_test_failure,Traceback (most recent call last),254
7,task_003211_9fe67691,1,32,1.0,traceback_in_exit0,traceback_only_no_test_failure,Traceback (most recent call last),148
7,task_003211_9fe67691,1,36,1.0,traceback_in_exit0,traceback_only_no_test_failure,Traceback (most recent call last),791
7,task_003211_9fe67691,1,44,1.0,traceback_in_exit0,traceback_only_no_test_failure,Traceback (most recent call last),240
7,task_003211_9fe67691,1,48,1.0,traceback_in_exit0,traceback_only_no_test_failure,Traceback (most recent call last),284
7,task_003211_9fe67691,1,49,1.0,traceback_in_exit0,traceback_only_no_test_failure,Traceback (most recent call last),511
7,task_003211_9fe67691,1,55,0.0,traceback_in_exit0,traceback_only_no_test_failure,Traceback (most recent call last),293
7,task_002033_7e5eea7a,7,224,0.0,traceback_in_exit0,traceback_only_no_test_failure,Traceback (most recent call last),421
7,task_002033_7e5eea7a,7,234,1.0,traceback_in_exit0,traceback_only_no_test_failure,Traceback (most recent call last),595
8,task_003579_d3a6d84a,6,195,1.0,traceback_in_exit0,traceback_only_no_test_failure,Traceback (most recent call last),255
8,task_006486_83be373e,7,238,1.0,traceback_in_exit0,traceback_only_no_test_failure,Traceback (most recent call last),566
9,task_001288_305375d1,0,0,0.0,traceback_in_exit0,traceback_only_no_test_failure,Traceback (most recent call last),264
9,task_001288_305375d1,0,2,0.0,traceback_in_exit0,traceback_only_no_test_failure,Traceback (most recent call last),147
9,task_001288_305375d1,0,4,0.0,traceback_in_exit0,traceback_only_no_test_failure,Traceback (most recent call last),161
9,task_001288_305375d1,0,5,0.0,traceback_in_exit0,traceback_only_no_test_failure,Traceback (most recent call last),205
9,task_001288_305375d1,0,6,0.0,traceback_in_exit0,traceback_only_no_test_failure,Traceback (most recent call last),349
9,task_001288_305375d1,0,7,0.0,traceback_in_exit0,traceback_only_no_test_failure,Traceback (most recent call last),128
9,task_001288_305375d1,0,14,0.0,traceback_in_exit0,traceback_only_no_test_failure,Traceback (most recent call last),195
9,task_001288_305375d1,0,18,1.0,traceback_in_exit0,traceback_only_no_test_failure,Traceback (most recent call last),1083
9,task_001288_305375d1,0,20,0.0,traceback_in_exit0,traceback_only_no_test_failure,Traceback (most recent call last),231
9,task_001288_305375d1,0,24,0.0,traceback_in_exit0,traceback_only_no_test_failure,Traceback (most recent call last),171
9,task_001288_305375d1,0,27,0.0,traceback_in_exit0,traceback_only_no_test_failure,Traceback (most recent call last),116
9,task_009068_ceebc4fa,1,35,0.0,traceback_in_exit0,traceback_only_no_test_failure,Traceback (most recent call last),726
9,task_009068_ceebc4fa,1,44,0.0,traceback_in_exit0,traceback_only_no_test_failure,Traceback (most recent call last),782
9,task_009068_ceebc4fa,1,47,0.0,traceback_in_exit0,traceback_only_no_test_failure,Traceback (most recent call last),180
9,task_009068_ceebc4fa,1,52,1.0,tests_failed_in_exit0,unexplained_exit0_with_test_failure_with_traceback,2 failed,4167
9,task_000816_72e21ee9,3,99,0.0,traceback_in_exit0,traceback_only_no_test_failure,Traceback (most recent call last),954
9,task_000816_72e21ee9,3,110,1.0,traceback_in_exit0,traceback_only_no_test_failure,Traceback (most recent call last),291
9,task_008110_be7a6a0b,4,130,0.0,traceback_in_exit0,traceback_only_no_test_failure,Traceback (most recent call last),224
9,task_008110_be7a6a0b,4,131,0.0,traceback_in_exit0,traceback_only_no_test_failure,Traceback (most recent call last),1560
9,task_002016_29630eda,5,170,0.0,traceback_in_exit0,traceback_only_no_test_failure,Traceback (most recent call last),458
9,task_002016_29630eda,5,175,0.0,traceback_in_exit0,traceback_only_no_test_failure,Traceback (most recent call last),1824
9,task_002016_29630eda,5,180,1.0,traceback_in_exit0,traceback_only_no_test_failure,Traceback (most recent call last),842
9,task_002016_29630eda,5,181,0.0,traceback_in_exit0,traceback_only_no_test_failure,Traceback (most recent call last),274
9,task_002016_29630eda,5,187,1.0,traceback_in_exit0,traceback_only_no_test_failure,Traceback (most recent call last),949
10,task_001183_482d8e00,1,32,0.0,traceback_in_exit0,traceback_only_no_test_failure,Traceback (most recent call last),473
10,task_001183_482d8e00,1,34,0.0,traceback_in_exit0,traceback_only_no_test_failure,Traceback (most recent call last),275
10,task_001183_482d8e00,1,36,0.0,traceback_in_exit0,traceback_only_no_test_failure,Traceback (most recent call last),119
10,task_001183_482d8e00,1,37,0.0,traceback_in_exit0,traceback_only_no_test_failure,Traceback (most recent call last),672
10,task_001183_482d8e00,1,38,0.0,traceback_in_exit0,traceback_only_no_test_failure,Traceback (most recent call last),578
10,task_001183_482d8e00,1,39,0.0,traceback_in_exit0,traceback_only_no_test_failure,Traceback (most recent call last),285
10,task_001183_482d8e00,1,41,1.0,traceback_in_exit0,traceback_only_no_test_failure,Traceback (most recent call last),1401
10,task_001183_482d8e00,1,43,0.0,traceback_in_exit0,traceback_only_no_test_failure,Traceback (most recent call last),141
10,task_001183_482d8e00,1,44,0.0,traceback_in_exit0,traceback_only_no_test_failure,Traceback (most recent call last),609
10,task_001183_482d8e00,1,46,0.0,traceback_in_exit0,traceback_only_no_test_failure,Traceback (most recent call last),220
10,task_001183_482d8e00,1,49,0.0,traceback_in_exit0,traceback_only_no_test_failure,Traceback (most recent call last),274
10,task_001183_482d8e00,1,51,0.0,traceback_in_exit0,traceback_only_no_test_failure,Traceback (most recent call last),428
10,task_001183_482d8e00,1,53,0.0,traceback_in_exit0,traceback_only_no_test_failure,Traceback (most recent call last),1604
10,task_001183_482d8e00,1,55,0.0,traceback_in_exit0,traceback_only_no_test_failure,Traceback (most recent call last),271
10,task_001183_482d8e00,1,56,0.0,traceback_in_exit0,traceback_only_no_test_failure,Traceback (most recent call last),174
10,task_001183_482d8e00,1,57,0.0,traceback_in_exit0,traceback_only_no_test_failure,Traceback (most recent call last),663
10,task_001183_482d8e00,1,58,0.0,traceback_in_exit0,traceback_only_no_test_failure,Traceback (most recent call last),324
10,task_001183_482d8e00,1,59,1.0,traceback_in_exit0,traceback_only_no_test_failure,Traceback (most recent call last),300
10,task_001183_482d8e00,1,63,0.0,traceback_in_exit0,traceback_only_no_test_failure,Traceback (most recent call last),253
10,task_000076_dbbf4aed,3,102,0.0,traceback_in_exit0,traceback_only_no_test_failure,Traceback (most recent call last),2709
10,task_000076_dbbf4aed,3,119,0.0,traceback_in_exit0,traceback_only_no_test_failure,Traceback (most recent call last),338
10,task_002999_f7a7fdaf,4,129,0.0,traceback_in_exit0,traceback_only_no_test_failure,Traceback (most recent call last),904
10,task_002999_f7a7fdaf,4,133,0.0,traceback_in_exit0,traceback_only_no_test_failure,Traceback (most recent call last),884
10,task_002999_f7a7fdaf,4,136,0.0,traceback_in_exit0,traceback_only_no_test_failure,Traceback (most recent call last),663
10,task_002999_f7a7fdaf,4,143,0.0,traceback_in_exit0,traceback_only_no_test_failure,Traceback (most recent call last),843
10,task_002999_f7a7fdaf,4,144,0.0,traceback_in_exit0,traceback_only_no_test_failure,Traceback (most recent call last),1240
10,task_002999_f7a7fdaf,4,148,0.0,traceback_in_exit0,traceback_only_no_test_failure,Traceback (most recent call last),904
10,task_002999_f7a7fdaf,4,150,0.0,traceback_in_exit0,traceback_only_no_test_failure,Traceback (most recent call last),1209
10,task_002999_f7a7fdaf,4,151,0.0,traceback_in_exit0,traceback_only_no_test_failure,Traceback (most recent call last),1272
10,task_002999_f7a7fdaf,4,156,0.0,traceback_in_exit0,traceback_only_no_test_failure,Traceback (most recent call last),901
10,task_002999_f7a7fdaf,4,158,0.0,traceback_in_exit0,traceback_only_no_test_failure,Traceback (most recent call last),1108
10,task_002825_779b5973,5,168,1.0,traceback_in_exit0,traceback_only_no_test_failure,Traceback (most recent call last),949
10,task_002825_779b5973,5,170,0.0,traceback_in_exit0,traceback_only_no_test_failure,Traceback (most recent call last),324
10,task_002825_779b5973,5,175,0.0,traceback_in_exit0,traceback_only_no_test_failure,Traceback (most recent call last),438
10,task_002825_779b5973,5,176,0.0,traceback_in_exit0,traceback_only_no_test_failure,Traceback (most recent call last),426
10,task_002825_779b5973,5,177,0.0,traceback_in_exit0,traceback_only_no_test_failure,Traceback (most recent call last),134
10,task_002825_779b5973,5,179,0.0,traceback_in_exit0,traceback_only_no_test_failure,Traceback (most recent call last),385
10,task_002825_779b5973,5,180,0.0,traceback_in_exit0,traceback_only_no_test_failure,Traceback (most recent call last),128
10,task_002825_779b5973,5,181,0.0,traceback_in_exit0,traceback_only_no_test_failure,Traceback (most recent call last),437
10,task_002825_779b5973,5,182,0.0,traceback_in_exit0,traceback_only_no_test_failure,Traceback (most recent call last),1107
10,task_002825_779b5973,5,184,0.0,traceback_in_exit0,traceback_only_no_test_failure,Traceback (most recent call last),150
10,task_002825_779b5973,5,189,0.0,traceback_in_exit0,traceback_only_no_test_failure,Traceback (most recent call last),149
10,task_007571_0e0bcc23,6,216,1.0,traceback_in_exit0,traceback_only_no_test_failure,Traceback (most recent call last),488
10,task_007571_0e0bcc23,6,222,0.0,traceback_in_exit0,traceback_only_no_test_failure,Traceback (most recent call last),1153
11,task_000213_02e842d1,1,47,0.0,traceback_in_exit0,traceback_only_no_test_failure,Traceback (most recent call last),145
11,task_000213_02e842d1,1,54,0.0,traceback_in_exit0,traceback_only_no_test_failure,Traceback (most recent call last),1452
11,task_000213_02e842d1,1,61,1.0,traceback_in_exit0,traceback_only_no_test_failure,Traceback (most recent call last),1097
11,task_005410_44602b17,4,130,1.0,traceback_in_exit0,traceback_only_no_test_failure,Traceback (most recent call last),254
11,task_005410_44602b17,4,135,0.0,traceback_in_exit0,traceback_only_no_test_failure,Traceback (most recent call last),196
11,task_005410_44602b17,4,143,0.0,traceback_in_exit0,traceback_only_no_test_failure,Traceback (most recent call last),458
11,task_005410_44602b17,4,152,0.0,traceback_in_exit0,traceback_only_no_test_failure,Traceback (most recent call last),420
11,task_005410_44602b17,4,154,1.0,traceback_in_exit0,traceback_only_no_test_failure,Traceback (most recent call last),1362
11,task_001108_6c5e7a40,5,168,1.0,traceback_in_exit0,traceback_only_no_test_failure,Traceback (most recent call last),250
11,task_001108_6c5e7a40,5,175,1.0,traceback_in_exit0,traceback_only_no_test_failure,Traceback (most recent call last),265
11,task_001108_6c5e7a40,5,178,1.0,traceback_in_exit0,traceback_only_no_test_failure,Traceback (most recent call last),261
11,task_001108_6c5e7a40,5,179,0.0,traceback_in_exit0,traceback_only_no_test_failure,Traceback (most recent call last),286
11,task_000779_e7ae5af2,6,192,1.0,traceback_in_exit0,traceback_only_no_test_failure,Traceback (most recent call last),276
11,task_000779_e7ae5af2,6,201,0.0,traceback_in_exit0,traceback_only_no_test_failure,Traceback (most recent call last),345
11,task_000779_e7ae5af2,6,203,0.0,traceback_in_exit0,traceback_only_no_test_failure,Traceback (most recent call last),357
11,task_000779_e7ae5af2,6,205,0.0,traceback_in_exit0,traceback_only_no_test_failure,Traceback (most recent call last),292
11,task_000779_e7ae5af2,6,210,0.0,traceback_in_exit0,traceback_only_no_test_failure,Traceback (most recent call last),167
11,task_000779_e7ae5af2,6,212,0.0,traceback_in_exit0,traceback_only_no_test_failure,Traceback (most recent call last),123
11,task_000779_e7ae5af2,6,213,0.0,traceback_in_exit0,traceback_only_no_test_failure,Traceback (most recent call last),602
11,task_000779_e7ae5af2,6,214,0.0,traceback_in_exit0,traceback_only_no_test_failure,Traceback (most recent call last),134
11,task_000779_e7ae5af2,6,215,0.0,traceback_in_exit0,traceback_only_no_test_failure,Traceback (most recent call last),1248
11,task_000779_e7ae5af2,6,222,0.0,traceback_in_exit0,traceback_only_no_test_failure,Traceback (most recent call last),269
12,task_003542_92eb9d6b,1,32,1.0,traceback_in_exit0,traceback_only_no_test_failure,Traceback (most recent call last),547
12,task_003542_92eb9d6b,1,33,1.0,traceback_in_exit0,traceback_only_no_test_failure,Traceback (most recent call last),982
12,task_003542_92eb9d6b,1,34,0.0,traceback_in_exit0,traceback_only_no_test_failure,Traceback (most recent call last),445
12,task_003542_92eb9d6b,1,35,0.0,traceback_in_exit0,traceback_only_no_test_failure,Traceback (most recent call last),470
12,task_003542_92eb9d6b,1,36,1.0,traceback_in_exit0,traceback_only_no_test_failure,Traceback (most recent call last),122
12,task_003542_92eb9d6b,1,37,0.0,traceback_in_exit0,traceback_only_no_test_failure,Traceback (most recent call last),257
12,task_003542_92eb9d6b,1,39,0.0,traceback_in_exit0,traceback_only_no_test_failure,Traceback (most recent call last),636
12,task_003542_92eb9d6b,1,41,1.0,traceback_in_exit0,traceback_only_no_test_failure,Traceback (most recent call last),828
12,task_003542_92eb9d6b,1,42,0.0,traceback_in_exit0,traceback_only_no_test_failure,Traceback (most recent call last),889
12,task_003542_92eb9d6b,1,43,0.0,traceback_in_exit0,traceback_only_no_test_failure,Traceback (most recent call last),164
12,task_003542_92eb9d6b,1,45,0.0,traceback_in_exit0,traceback_only_no_test_failure,Traceback (most recent call last),600
12,task_003542_92eb9d6b,1,46,0.0,traceback_in_exit0,traceback_only_no_test_failure,Traceback (most recent call last),883
12,task_003542_92eb9d6b,1,47,0.0,traceback_in_exit0,traceback_only_no_test_failure,Traceback (most recent call last),845
12,task_003542_92eb9d6b,1,51,0.0,traceback_in_exit0,traceback_only_no_test_failure,Traceback (most recent call last),479
12,task_003542_92eb9d6b,1,52,0.0,traceback_in_exit0,traceback_only_no_test_failure,Traceback (most recent call last),179
12,task_003542_92eb9d6b,1,55,0.0,traceback_in_exit0,traceback_only_no_test_failure,Traceback (most recent call last),461
12,task_003542_92eb9d6b,1,59,0.0,traceback_in_exit0,traceback_only_no_test_failure,Traceback (most recent call last),681
12,task_003542_92eb9d6b,1,60,0.0,traceback_in_exit0,traceback_only_no_test_failure,Traceback (most recent call last),1212
12,task_003542_92eb9d6b,1,61,0.0,traceback_in_exit0,traceback_only_no_test_failure,Traceback (most recent call last),302
12,task_003542_92eb9d6b,1,62,0.0,traceback_in_exit0,traceback_only_no_test_failure,Traceback (most recent call last),153
12,task_009526_5dfa5955,2,85,0.0,traceback_in_exit0,traceback_only_no_test_failure,Traceback (most recent call last),1735
12,task_009526_5dfa5955,2,88,1.0,traceback_in_exit0,traceback_only_no_test_failure,Traceback (most recent call last),122
12,task_004971_c19ec3c8,3,97,1.0,traceback_in_exit0,traceback_only_no_test_failure,Traceback (most recent call last),368
12,task_004971_c19ec3c8,3,98,0.0,traceback_in_exit0,traceback_only_no_test_failure,Traceback (most recent call last),10542
12,task_004971_c19ec3c8,3,100,1.0,traceback_in_exit0,traceback_only_no_test_failure,Traceback (most recent call last),107
12,task_004971_c19ec3c8,3,103,0.0,traceback_in_exit0,traceback_only_no_test_failure,Traceback (most recent call last),279
12,task_004971_c19ec3c8,3,106,1.0,traceback_in_exit0,traceback_only_no_test_failure,Traceback (most recent call last),360
12,task_004971_c19ec3c8,3,107,0.0,tests_failed_in_exit0,unexplained_exit0_with_test_failure,Test 5 failed,119
12,task_004971_c19ec3c8,3,108,1.0,tests_failed_in_exit0,unexplained_exit0_with_test_failure,4 failed,10542
12,task_004971_c19ec3c8,3,111,0.0,traceback_in_exit0,traceback_only_no_test_failure,Traceback (most recent call last),192
12,task_004971_c19ec3c8,3,120,0.0,traceback_in_exit0,traceback_only_no_test_failure,Traceback (most recent call last),439
12,task_004971_c19ec3c8,3,121,1.0,traceback_in_exit0,traceback_only_no_test_failure,Traceback (most recent call last),592
12,task_004971_c19ec3c8,3,124,1.0,traceback_in_exit0,traceback_only_no_test_failure,Traceback (most recent call last),439
12,task_004971_c19ec3c8,3,125,1.0,traceback_in_exit0,traceback_only_no_test_failure,Traceback (most recent call last),248
12,task_004971_c19ec3c8,3,127,1.0,traceback_in_exit0,traceback_only_no_test_failure,Traceback (most recent call last),522
12,task_008325_2ff7c2c7,5,161,1.0,traceback_in_exit0,traceback_only_no_test_failure,Traceback (most recent call last),296
12,task_008325_2ff7c2c7,5,165,0.0,traceback_in_exit0,traceback_only_no_test_failure,Traceback (most recent call last),296
12,task_008325_2ff7c2c7,5,166,1.0,traceback_in_exit0,traceback_only_no_test_failure,Traceback (most recent call last),310
12,task_008325_2ff7c2c7,5,168,1.0,traceback_in_exit0,traceback_only_no_test_failure,Traceback (most recent call last),296
12,task_008325_2ff7c2c7,5,172,1.0,traceback_in_exit0,traceback_only_no_test_failure,Traceback (most recent call last),309
12,task_008325_2ff7c2c7,5,189,1.0,traceback_in_exit0,traceback_only_no_test_failure,Traceback (most recent call last),315
12,task_004040_cd855147,6,192,0.0,traceback_in_exit0,traceback_only_no_test_failure,Traceback (most recent call last),452
12,task_004040_cd855147,6,193,0.0,traceback_in_exit0,traceback_only_no_test_failure,Traceback (most recent call last),1027
12,task_004040_cd855147,6,194,0.0,traceback_in_exit0,traceback_only_no_test_failure,Traceback (most recent call last),1035
12,task_004040_cd855147,6,195,1.0,traceback_in_exit0,traceback_only_no_test_failure,Traceback (most recent call last),1045
12,task_004040_cd855147,6,196,0.0,traceback_in_exit0,traceback_only_no_test_failure,Traceback (most recent call last),1040
12,task_004040_cd855147,6,198,0.0,traceback_in_exit0,traceback_only_no_test_failure,Traceback (most recent call last),140
12,task_004040_cd855147,6,201,0.0,traceback_in_exit0,traceback_only_no_test_failure,Traceback (most recent call last),1961
12,task_004040_cd855147,6,203,0.0,traceback_in_exit0,traceback_only_no_test_failure,Traceback (most recent call last),717
12,task_004040_cd855147,6,206,0.0,traceback_in_exit0,traceback_only_no_test_failure,Traceback (most recent call last),1048
12,task_004040_cd855147,6,207,0.0,traceback_in_exit0,traceback_only_no_test_failure,Traceback (most recent call last),740
12,task_004040_cd855147,6,211,0.0,traceback_in_exit0,traceback_only_no_test_failure,Traceback (most recent call last),1048
12,task_004040_cd855147,6,212,0.0,traceback_in_exit0,traceback_only_no_test_failure,Traceback (most recent call last),651
12,task_004040_cd855147,6,213,0.0,traceback_in_exit0,traceback_only_no_test_failure,Traceback (most recent call last),1034
12,task_004040_cd855147,6,214,0.0,traceback_in_exit0,traceback_only_no_test_failure,Traceback (most recent call last),758
12,task_004040_cd855147,6,217,0.0,traceback_in_exit0,traceback_only_no_test_failure,Traceback (most recent call last),655
12,task_004040_cd855147,6,218,0.0,traceback_in_exit0,traceback_only_no_test_failure,Traceback (most recent call last),1349
12,task_004040_cd855147,6,219,1.0,traceback_in_exit0,traceback_only_no_test_failure,Traceback (most recent call last),1107
12,task_004040_cd855147,6,220,0.0,traceback_in_exit0,traceback_only_no_test_failure,Traceback (most recent call last),121
13,task_000486_8ed674fd,6,194,0.0,traceback_in_exit0,traceback_only_no_test_failure,Traceback (most recent call last),613
13,task_000486_8ed674fd,6,195,0.0,traceback_in_exit0,traceback_only_no_test_failure,Traceback (most recent call last),665
13,task_000486_8ed674fd,6,196,0.0,traceback_in_exit0,traceback_only_no_test_failure,Traceback (most recent call last),1347
13,task_000486_8ed674fd,6,199,0.0,traceback_in_exit0,traceback_only_no_test_failure,Traceback (most recent call last),164
13,task_000486_8ed674fd,6,200,0.0,traceback_in_exit0,traceback_only_no_test_failure,Traceback (most recent call last),665
13,task_000486_8ed674fd,6,202,0.0,traceback_in_exit0,traceback_only_no_test_failure,Traceback (most recent call last),514
13,task_000486_8ed674fd,6,206,0.0,traceback_in_exit0,traceback_only_no_test_failure,Traceback (most recent call last),584
13,task_000486_8ed674fd,6,207,0.0,traceback_in_exit0,traceback_only_no_test_failure,Traceback (most recent call last),1430
13,task_000486_8ed674fd,6,209,0.0,traceback_in_exit0,traceback_only_no_test_failure,Traceback (most recent call last),1419
13,task_000486_8ed674fd,6,210,0.0,traceback_in_exit0,traceback_only_no_test_failure,Traceback (most recent call last),486
13,task_000486_8ed674fd,6,211,0.0,traceback_in_exit0,traceback_only_no_test_failure,Traceback (most recent call last),584
13,task_000486_8ed674fd,6,214,0.0,traceback_in_exit0,traceback_only_no_test_failure,Traceback (most recent call last),1394
13,task_000486_8ed674fd,6,215,0.0,traceback_in_exit0,traceback_only_no_test_failure,Traceback (most recent call last),1417
13,task_000486_8ed674fd,6,217,0.0,traceback_in_exit0,traceback_only_no_test_failure,Traceback (most recent call last),613
13,task_000486_8ed674fd,6,221,0.0,traceback_in_exit0,traceback_only_no_test_failure,Traceback (most recent call last),1372
13,task_000486_8ed674fd,6,223,0.0,traceback_in_exit0,traceback_only_no_test_failure,Traceback (most recent call last),1289
14,task_002914_aa582825,0,11,0.0,traceback_in_exit0,traceback_only_no_test_failure,Traceback (most recent call last),10541
14,task_002914_aa582825,0,29,0.0,traceback_in_exit0,traceback_only_no_test_failure,Traceback (most recent call last),138
14,task_000684_b3cc1d2c,4,130,0.0,traceback_in_exit0,traceback_only_no_test_failure,Traceback (most recent call last),699
14,task_000684_b3cc1d2c,4,135,0.0,traceback_in_exit0,traceback_only_no_test_failure,Traceback (most recent call last),699
14,task_000684_b3cc1d2c,4,138,0.0,traceback_in_exit0,traceback_only_no_test_failure,Traceback (most recent call last),701
14,task_000684_b3cc1d2c,4,151,0.0,traceback_in_exit0,traceback_only_no_test_failure,Traceback (most recent call last),699
14,task_000684_b3cc1d2c,4,156,0.0,traceback_in_exit0,traceback_only_no_test_failure,Traceback (most recent call last),699
14,task_000684_b3cc1d2c,4,158,0.0,traceback_in_exit0,traceback_only_no_test_failure,Traceback (most recent call last),530
14,task_004387_5d12d34b,5,173,0.0,traceback_in_exit0,traceback_only_no_test_failure,Traceback (most recent call last),180
15,task_004517_cc8d84ca,0,18,1.0,tests_failed_in_exit0,unexplained_exit0_with_test_failure,2 failed,912
15,task_002259_1f0efb5e,3,113,1.0,traceback_in_exit0,traceback_only_no_test_failure,Traceback (most recent call last),241
15,task_009207_d5ef8558,6,197,0.0,traceback_in_exit0,traceback_only_no_test_failure,Traceback (most recent call last),232
15,task_009207_d5ef8558,6,199,0.0,traceback_in_exit0,traceback_only_no_test_failure,Traceback (most recent call last),246
15,task_009207_d5ef8558,6,200,0.0,traceback_in_exit0,traceback_only_no_test_failure,Traceback (most recent call last),236
15,task_009207_d5ef8558,6,201,0.0,traceback_in_exit0,traceback_only_no_test_failure,Traceback (most recent call last),262
15,task_009207_d5ef8558,6,203,0.0,traceback_in_exit0,traceback_only_no_test_failure,Traceback (most recent call last),233
15,task_009207_d5ef8558,6,204,0.0,traceback_in_exit0,traceback_only_no_test_failure,Traceback (most recent call last),248
15,task_009207_d5ef8558,6,207,0.0,traceback_in_exit0,traceback_only_no_test_failure,Traceback (most recent call last),312
15,task_009207_d5ef8558,6,208,0.0,traceback_in_exit0,traceback_only_no_test_failure,Traceback (most recent call last),375
15,task_009207_d5ef8558,6,211,0.0,traceback_in_exit0,traceback_only_no_test_failure,Traceback (most recent call last),236
15,task_009207_d5ef8558,6,212,0.0,traceback_in_exit0,traceback_only_no_test_failure,Traceback (most recent call last),728
15,task_009207_d5ef8558,6,214,0.0,traceback_in_exit0,traceback_only_no_test_failure,Traceback (most recent call last),270
15,task_009207_d5ef8558,6,217,0.0,traceback_in_exit0,traceback_only_no_test_failure,Traceback (most recent call last),233
15,task_009207_d5ef8558,6,220,0.0,traceback_in_exit0,traceback_only_no_test_failure,Traceback (most recent call last),236
15,task_009207_d5ef8558,6,223,0.0,traceback_in_exit0,traceback_only_no_test_failure,Traceback (most recent call last),247
16,task_005297_5ac1bb40,2,65,0.0,traceback_in_exit0,traceback_only_no_test_failure,Traceback (most recent call last),320
16,task_005297_5ac1bb40,2,66,0.0,traceback_in_exit0,traceback_only_no_test_failure,Traceback (most recent call last),1142
16,task_005297_5ac1bb40,2,67,1.0,traceback_in_exit0,traceback_only_no_test_failure,Traceback (most recent call last),892
16,task_005297_5ac1bb40,2,73,0.0,traceback_in_exit0,traceback_only_no_test_failure,Traceback (most recent call last),773
16,task_005297_5ac1bb40,2,80,1.0,traceback_in_exit0,traceback_only_no_test_failure,Traceback (most recent call last),397
16,task_005297_5ac1bb40,2,84,0.0,traceback_in_exit0,traceback_only_no_test_failure,Traceback (most recent call last),241
16,task_005297_5ac1bb40,2,87,0.0,traceback_in_exit0,traceback_only_no_test_failure,Traceback (most recent call last),326
16,task_005297_5ac1bb40,2,89,0.0,traceback_in_exit0,traceback_only_no_test_failure,Traceback (most recent call last),196
16,task_005297_5ac1bb40,2,92,0.0,traceback_in_exit0,traceback_only_no_test_failure,Traceback (most recent call last),777
16,task_006202_9784dd48,3,126,0.0,traceback_in_exit0,traceback_only_no_test_failure,Traceback (most recent call last),306
16,task_006522_4be98413,4,143,0.0,traceback_in_exit0,traceback_only_no_test_failure,Traceback (most recent call last),235
16,task_006522_4be98413,4,147,1.0,traceback_in_exit0,traceback_only_no_test_failure,Traceback (most recent call last),550
16,task_004566_9720e74f,5,160,0.0,traceback_in_exit0,traceback_only_no_test_failure,Traceback (most recent call last),324
16,task_004566_9720e74f,5,162,0.0,traceback_in_exit0,traceback_only_no_test_failure,Traceback (most recent call last),139
16,task_004566_9720e74f,5,164,0.0,traceback_in_exit0,traceback_only_no_test_failure,Traceback (most recent call last),509
16,task_004566_9720e74f,5,168,1.0,traceback_in_exit0,traceback_only_no_test_failure,Traceback (most recent call last),426
16,task_004566_9720e74f,5,170,1.0,traceback_in_exit0,traceback_only_no_test_failure,Traceback (most recent call last),175
16,task_004566_9720e74f,5,179,0.0,traceback_in_exit0,traceback_only_no_test_failure,Traceback (most recent call last),111
16,task_004566_9720e74f,5,184,0.0,traceback_in_exit0,traceback_only_no_test_failure,Traceback (most recent call last),346
16,task_004566_9720e74f,5,185,0.0,traceback_in_exit0,traceback_only_no_test_failure,Traceback (most recent call last),634
16,task_001615_672d967e,6,200,0.0,traceback_in_exit0,traceback_only_no_test_failure,Traceback (most recent call last),175
16,task_001615_672d967e,6,212,0.0,traceback_in_exit0,traceback_only_no_test_failure,Traceback (most recent call last),271
16,task_001615_672d967e,6,214,0.0,traceback_in_exit0,traceback_only_no_test_failure,Traceback (most recent call last),123
16,task_001615_672d967e,6,216,0.0,traceback_in_exit0,traceback_only_no_test_failure,Traceback (most recent call last),182
16,task_001615_672d967e,6,222,0.0,traceback_in_exit0,traceback_only_no_test_failure,Traceback (most recent call last),298
17,task_008408_f962b456,0,27,0.0,traceback_in_exit0,traceback_only_no_test_failure,Traceback (most recent call last),806
17,task_008408_f962b456,0,28,0.0,traceback_in_exit0,traceback_only_no_test_failure,Traceback (most recent call last),822
17,task_000801_899e79ba,6,210,1.0,traceback_in_exit0,traceback_only_no_test_failure,Traceback (most recent call last),355
17,task_000801_899e79ba,6,211,1.0,traceback_in_exit0,traceback_only_no_test_failure,Traceback (most recent call last),460
17,task_000801_899e79ba,6,212,1.0,traceback_in_exit0,traceback_only_no_test_failure,Traceback (most recent call last),169
17,task_000801_899e79ba,6,216,1.0,traceback_in_exit0,traceback_only_no_test_failure,Traceback (most recent call last),155
17,task_000801_899e79ba,6,222,1.0,traceback_in_exit0,traceback_only_no_test_failure,Traceback (most recent call last),167
18,task_002900_50902924,1,37,1.0,traceback_in_exit0,traceback_only_no_test_failure,Traceback (most recent call last),128
18,task_002844_88bc9d37,4,132,0.0,tests_failed_in_exit0,unexplained_exit0_with_test_failure,2 failed,7391
18,task_002844_88bc9d37,4,134,1.0,traceback_in_exit0,traceback_only_no_test_failure,Traceback (most recent call last),5160
18,task_002844_88bc9d37,4,135,0.0,tests_failed_in_exit0,pytest_collection_error,error during collection,1135
18,task_002844_88bc9d37,4,138,0.0,tests_failed_in_exit0,unexplained_exit0_with_test_failure,1 failed,1421
18,task_002844_88bc9d37,4,142,1.0,tests_failed_in_exit0,unexplained_exit0_with_test_failure,1 failed,1992
18,task_002844_88bc9d37,4,143,0.0,tests_failed_in_exit0,unexplained_exit0_with_test_failure,2 failed,5350
18,task_002844_88bc9d37,4,145,1.0,tests_failed_in_exit0,pytest_collection_error,error during collection,902
18,task_002844_88bc9d37,4,149,1.0,tests_failed_in_exit0,pytest_collection_error,error during collection,1126
18,task_002844_88bc9d37,4,150,0.0,tests_failed_in_exit0,pytest_collection_error,error during collection,1239
18,task_002844_88bc9d37,4,151,1.0,traceback_in_exit0,traceback_only_no_test_failure,Traceback (most recent call last),2500
18,task_002844_88bc9d37,4,152,1.0,tests_failed_in_exit0,pytest_collection_error,error during collection,970
18,task_002844_88bc9d37,4,154,1.0,tests_failed_in_exit0,pytest_collection_error,error during collection,1573
18,task_002844_88bc9d37,4,156,1.0,tests_failed_in_exit0,unexplained_exit0_with_test_failure,1 failed,1154
18,task_002844_88bc9d37,4,159,0.0,tests_failed_in_exit0,unexplained_exit0_with_test_failure,1 failed,1819
18,task_003118_5dc6fb33,5,170,1.0,traceback_in_exit0,traceback_only_no_test_failure,Traceback (most recent call last),407
18,task_007190_43982ab7,6,195,0.0,traceback_in_exit0,traceback_only_no_test_failure,Traceback (most recent call last),377
18,task_007190_43982ab7,6,197,1.0,traceback_in_exit0,traceback_only_no_test_failure,Traceback (most recent call last),377
18,task_007190_43982ab7,6,199,0.0,traceback_in_exit0,traceback_only_no_test_failure,Traceback (most recent call last),377
18,task_007190_43982ab7,6,200,0.0,traceback_in_exit0,traceback_only_no_test_failure,Traceback (most recent call last),322
18,task_007190_43982ab7,6,202,0.0,traceback_in_exit0,traceback_only_no_test_failure,Traceback (most recent call last),390
18,task_007190_43982ab7,6,207,1.0,traceback_in_exit0,traceback_only_no_test_failure,Traceback (most recent call last),377
18,task_007190_43982ab7,6,215,1.0,traceback_in_exit0,traceback_only_no_test_failure,Traceback (most recent call last),377
18,task_007190_43982ab7,6,218,0.0,traceback_in_exit0,traceback_only_no_test_failure,Traceback (most recent call last),377
18,task_007190_43982ab7,6,219,0.0,traceback_in_exit0,traceback_only_no_test_failure,Traceback (most recent call last),131
18,task_007190_43982ab7,6,221,0.0,traceback_in_exit0,traceback_only_no_test_failure,Traceback (most recent call last),377
18,task_007190_43982ab7,6,223,0.0,traceback_in_exit0,traceback_only_no_test_failure,Traceback (most recent call last),390
19,task_001867_9b7a58f4,0,18,0.0,traceback_in_exit0,traceback_only_no_test_failure,Traceback (most recent call last),166
19,task_006704_467f8fac,2,65,1.0,traceback_in_exit0,traceback_only_no_test_failure,Traceback (most recent call last),542
19,task_006704_467f8fac,2,66,0.0,traceback_in_exit0,traceback_only_no_test_failure,Traceback (most recent call last),542
19,task_006704_467f8fac,2,67,0.0,traceback_in_exit0,traceback_only_no_test_failure,Traceback (most recent call last),526
19,task_006704_467f8fac,2,70,1.0,traceback_in_exit0,traceback_only_no_test_failure,Traceback (most recent call last),580
19,task_006704_467f8fac,2,72,1.0,traceback_in_exit0,traceback_only_no_test_failure,Traceback (most recent call last),542
19,task_006704_467f8fac,2,73,0.0,traceback_in_exit0,traceback_only_no_test_failure,Traceback (most recent call last),221
19,task_006704_467f8fac,2,75,0.0,traceback_in_exit0,traceback_only_no_test_failure,Traceback (most recent call last),542
19,task_006704_467f8fac,2,78,0.0,traceback_in_exit0,traceback_only_no_test_failure,Traceback (most recent call last),580
19,task_006704_467f8fac,2,80,0.0,traceback_in_exit0,traceback_only_no_test_failure,Traceback (most recent call last),580
19,task_006704_467f8fac,2,81,1.0,traceback_in_exit0,traceback_only_no_test_failure,Traceback (most recent call last),542
19,task_006704_467f8fac,2,83,0.0,traceback_in_exit0,traceback_only_no_test_failure,Traceback (most recent call last),542
19,task_006704_467f8fac,2,87,0.0,traceback_in_exit0,traceback_only_no_test_failure,Traceback (most recent call last),542
19,task_006704_467f8fac,2,88,0.0,traceback_in_exit0,traceback_only_no_test_failure,Traceback (most recent call last),288
19,task_006704_467f8fac,2,89,1.0,traceback_in_exit0,traceback_only_no_test_failure,Traceback (most recent call last),144
19,task_006704_467f8fac,2,91,1.0,traceback_in_exit0,traceback_only_no_test_failure,Traceback (most recent call last),573
19,task_006704_467f8fac,2,94,0.0,traceback_in_exit0,traceback_only_no_test_failure,Traceback (most recent call last),948
19,task_006704_467f8fac,2,95,1.0,traceback_in_exit0,traceback_only_no_test_failure,Traceback (most recent call last),565
20,task_001806_dee7a340,1,43,0.0,traceback_in_exit0,traceback_only_no_test_failure,Traceback (most recent call last),371
20,task_001806_dee7a340,1,50,0.0,traceback_in_exit0,traceback_only_no_test_failure,Traceback (most recent call last),180
20,task_001806_dee7a340,1,62,0.0,traceback_in_exit0,traceback_only_no_test_failure,Traceback (most recent call last),1217
20,task_005038_79e17055,2,69,0.0,traceback_in_exit0,traceback_only_no_test_failure,Traceback (most recent call last),137
20,task_005038_79e17055,2,75,0.0,traceback_in_exit0,traceback_only_no_test_failure,Traceback (most recent call last),119
20,task_005038_79e17055,2,78,0.0,traceback_in_exit0,traceback_only_no_test_failure,Traceback (most recent call last),129
20,task_005038_79e17055,2,86,0.0,traceback_in_exit0,traceback_only_no_test_failure,Traceback (most recent call last),550
20,task_001316_5366e63c,3,102,1.0,traceback_in_exit0,traceback_only_no_test_failure,Traceback (most recent call last),139
20,task_000617_8f5395ac,6,193,1.0,traceback_in_exit0,traceback_only_no_test_failure,Traceback (most recent call last),578
20,task_000617_8f5395ac,6,195,1.0,traceback_in_exit0,traceback_only_no_test_failure,Traceback (most recent call last),171
20,task_000617_8f5395ac,6,199,1.0,traceback_in_exit0,traceback_only_no_test_failure,Traceback (most recent call last),147
20,task_000617_8f5395ac,6,207,1.0,traceback_in_exit0,traceback_only_no_test_failure,Traceback (most recent call last),147
20,task_000617_8f5395ac,6,208,1.0,traceback_in_exit0,traceback_only_no_test_failure,Traceback (most recent call last),578
20,task_001594_36c21edd,7,224,0.0,traceback_in_exit0,traceback_only_no_test_failure,Traceback (most recent call last),318
20,task_001594_36c21edd,7,226,1.0,traceback_in_exit0,traceback_only_no_test_failure,Traceback (most recent call last),597
20,task_001594_36c21edd,7,227,1.0,traceback_in_exit0,traceback_only_no_test_failure,Traceback (most recent call last),3972
20,task_001594_36c21edd,7,230,0.0,traceback_in_exit0,traceback_only_no_test_failure,Traceback (most recent call last),1218
20,task_001594_36c21edd,7,232,0.0,traceback_in_exit0,traceback_only_no_test_failure,Traceback (most recent call last),163
20,task_001594_36c21edd,7,233,1.0,traceback_in_exit0,traceback_only_no_test_failure,Traceback (most recent call last),158
20,task_001594_36c21edd,7,234,1.0,traceback_in_exit0,traceback_only_no_test_failure,Traceback (most recent call last),158
20,task_001594_36c21edd,7,235,1.0,traceback_in_exit0,traceback_only_no_test_failure,Traceback (most recent call last),161
20,task_001594_36c21edd,7,237,0.0,traceback_in_exit0,traceback_only_no_test_failure,Traceback (most recent call last),158
20,task_001594_36c21edd,7,238,0.0,traceback_in_exit0,traceback_only_no_test_failure,Traceback (most recent call last),1537
20,task_001594_36c21edd,7,241,0.0,traceback_in_exit0,traceback_only_no_test_failure,Traceback (most recent call last),319
20,task_001594_36c21edd,7,242,0.0,traceback_in_exit0,traceback_only_no_test_failure,Traceback (most recent call last),158
20,task_001594_36c21edd,7,247,0.0,traceback_in_exit0,traceback_only_no_test_failure,Traceback (most recent call last),319
20,task_001594_36c21edd,7,248,1.0,traceback_in_exit0,traceback_only_no_test_failure,Traceback (most recent call last),317
20,task_001594_36c21edd,7,254,1.0,traceback_in_exit0,traceback_only_no_test_failure,Traceback (most recent call last),1279
20,task_001594_36c21edd,7,255,0.0,traceback_in_exit0,traceback_only_no_test_failure,Traceback (most recent call last),634
21,task_003340_b40e9875,3,97,0.0,traceback_in_exit0,traceback_only_no_test_failure,Traceback (most recent call last),1171
21,task_003340_b40e9875,3,98,1.0,traceback_in_exit0,traceback_only_no_test_failure,Traceback (most recent call last),1198
21,task_003340_b40e9875,3,102,1.0,traceback_in_exit0,traceback_only_no_test_failure,Traceback (most recent call last),940
21,task_003340_b40e9875,3,110,1.0,traceback_in_exit0,traceback_only_no_test_failure,Traceback (most recent call last),1424
21,task_003340_b40e9875,3,111,1.0,traceback_in_exit0,traceback_only_no_test_failure,Traceback (most recent call last),860
21,task_003340_b40e9875,3,112,1.0,traceback_in_exit0,traceback_only_no_test_failure,Traceback (most recent call last),1242
21,task_003340_b40e9875,3,115,0.0,traceback_in_exit0,traceback_only_no_test_failure,Traceback (most recent call last),513
21,task_003340_b40e9875,3,119,1.0,traceback_in_exit0,traceback_only_no_test_failure,Traceback (most recent call last),543
21,task_003340_b40e9875,3,122,1.0,traceback_in_exit0,traceback_only_no_test_failure,Traceback (most recent call last),1405
21,task_003340_b40e9875,3,123,0.0,traceback_in_exit0,traceback_only_no_test_failure,Traceback (most recent call last),529
21,task_003340_b40e9875,3,124,0.0,traceback_in_exit0,traceback_only_no_test_failure,Traceback (most recent call last),513
22,task_002542_06b3ac4d,0,2,0.0,traceback_in_exit0,traceback_only_no_test_failure,Traceback (most recent call last),790
22,task_005728_bf60dfe4,3,122,0.0,traceback_in_exit0,traceback_only_no_test_failure,Traceback (most recent call last),136
22,task_002709_dcc81fa5,7,248,0.0,traceback_in_exit0,traceback_only_no_test_failure,Traceback (most recent call last),273
23,task_005242_dafeb8dc,1,35,0.0,traceback_in_exit0,traceback_only_no_test_failure,Traceback (most recent call last),140
23,task_005242_dafeb8dc,1,51,0.0,traceback_in_exit0,traceback_only_no_test_failure,Traceback (most recent call last),140
23,task_005242_dafeb8dc,1,55,0.0,traceback_in_exit0,traceback_only_no_test_failure,Traceback (most recent call last),663
23,task_005242_dafeb8dc,1,56,0.0,traceback_in_exit0,traceback_only_no_test_failure,Traceback (most recent call last),144
23,task_006926_7fbcf425,4,151,0.0,traceback_in_exit0,traceback_only_no_test_failure,Traceback (most recent call last),323
23,task_003671_cfe7c5f8,6,195,0.0,traceback_in_exit0,traceback_only_no_test_failure,Traceback (most recent call last),239
23,task_003671_cfe7c5f8,6,199,0.0,traceback_in_exit0,traceback_only_no_test_failure,Traceback (most recent call last),153
23,task_003671_cfe7c5f8,6,219,0.0,traceback_in_exit0,traceback_only_no_test_failure,Traceback (most recent call last),126
23,task_003671_cfe7c5f8,6,222,1.0,traceback_in_exit0,traceback_only_no_test_failure,Traceback (most recent call last),142
24,task_001426_9e68633b,0,4,0.0,traceback_in_exit0,traceback_only_no_test_failure,Traceback (most recent call last),145
24,task_001426_9e68633b,0,7,0.0,traceback_in_exit0,traceback_only_no_test_failure,Traceback (most recent call last),145
24,task_001426_9e68633b,0,10,1.0,traceback_in_exit0,traceback_only_no_test_failure,Traceback (most recent call last),155
24,task_001426_9e68633b,0,12,1.0,traceback_in_exit0,traceback_only_no_test_failure,Traceback (most recent call last),162
24,task_001426_9e68633b,0,13,1.0,traceback_in_exit0,traceback_only_no_test_failure,Traceback (most recent call last),1349
24,task_001426_9e68633b,0,19,0.0,traceback_in_exit0,traceback_only_no_test_failure,Traceback (most recent call last),145
24,task_002572_02a8c841,2,64,0.0,traceback_in_exit0,traceback_only_no_test_failure,Traceback (most recent call last),153
24,task_002572_02a8c841,2,91,1.0,traceback_in_exit0,traceback_only_no_test_failure,Traceback (most recent call last),138
24,task_003707_9f05bcd8,4,147,1.0,traceback_in_exit0,traceback_only_no_test_failure,Traceback (most recent call last),2358
24,task_004942_0660bcde,6,197,1.0,traceback_in_exit0,traceback_only_no_test_failure,Traceback (most recent call last),139
25,task_002425_6dec18bc,1,49,0.0,traceback_in_exit0,traceback_only_no_test_failure,Traceback (most recent call last),2336
25,task_001914_63936762,2,65,1.0,tests_failed_in_exit0,unexplained_exit0_with_test_failure,20 failed,1045
25,task_001914_63936762,2,69,1.0,tests_failed_in_exit0,later_pass_supersedes_in_same_segment,Test 1 failed,290
25,task_001914_63936762,2,70,1.0,tests_failed_in_exit0,unexplained_exit0_with_test_failure,2 failed,841
25,task_001914_63936762,2,73,1.0,tests_failed_in_exit0,unexplained_exit0_with_test_failure,1 failed,1152
25,task_001914_63936762,2,75,1.0,tests_failed_in_exit0,unexplained_exit0_with_test_failure,TEST1 FAILED,15
25,task_001914_63936762,2,95,1.0,tests_failed_in_exit0,unexplained_exit0_with_test_failure,1 failed,660
25,task_000766_f1d2a1fa,4,128,0.0,traceback_in_exit0,traceback_only_no_test_failure,Traceback (most recent call last),795
25,task_000766_f1d2a1fa,4,130,0.0,traceback_in_exit0,traceback_only_no_test_failure,Traceback (most recent call last),498
25,task_000766_f1d2a1fa,4,131,0.0,traceback_in_exit0,traceback_only_no_test_failure,Traceback (most recent call last),457
25,task_000766_f1d2a1fa,4,135,0.0,traceback_in_exit0,traceback_only_no_test_failure,Traceback (most recent call last),251
25,task_000766_f1d2a1fa,4,138,0.0,traceback_in_exit0,traceback_only_no_test_failure,Traceback (most recent call last),229
25,task_000766_f1d2a1fa,4,139,0.0,traceback_in_exit0,traceback_only_no_test_failure,Traceback (most recent call last),152
25,task_000766_f1d2a1fa,4,141,0.0,traceback_in_exit0,traceback_only_no_test_failure,Traceback (most recent call last),489
25,task_000766_f1d2a1fa,4,142,0.0,traceback_in_exit0,traceback_only_no_test_failure,Traceback (most recent call last),259
25,task_000766_f1d2a1fa,4,143,0.0,traceback_in_exit0,traceback_only_no_test_failure,Traceback (most recent call last),1093
25,task_000766_f1d2a1fa,4,144,0.0,traceback_in_exit0,traceback_only_no_test_failure,Traceback (most recent call last),119
25,task_000766_f1d2a1fa,4,145,0.0,traceback_in_exit0,traceback_only_no_test_failure,Traceback (most recent call last),140
25,task_000766_f1d2a1fa,4,146,0.0,traceback_in_exit0,traceback_only_no_test_failure,Traceback (most recent call last),264
25,task_000766_f1d2a1fa,4,147,0.0,traceback_in_exit0,traceback_only_no_test_failure,Traceback (most recent call last),221
25,task_000766_f1d2a1fa,4,148,0.0,traceback_in_exit0,traceback_only_no_test_failure,Traceback (most recent call last),597
25,task_000766_f1d2a1fa,4,149,0.0,traceback_in_exit0,traceback_only_no_test_failure,Traceback (most recent call last),260
25,task_000766_f1d2a1fa,4,151,0.0,traceback_in_exit0,traceback_only_no_test_failure,Traceback (most recent call last),258
25,task_000766_f1d2a1fa,4,152,0.0,traceback_in_exit0,traceback_only_no_test_failure,Traceback (most recent call last),418
25,task_000766_f1d2a1fa,4,153,0.0,traceback_in_exit0,traceback_only_no_test_failure,Traceback (most recent call last),265
25,task_000766_f1d2a1fa,4,157,0.0,traceback_in_exit0,traceback_only_no_test_failure,Traceback (most recent call last),255
25,task_000766_f1d2a1fa,4,158,0.0,traceback_in_exit0,traceback_only_no_test_failure,Traceback (most recent call last),569
25,task_005388_3c2a233f,5,160,0.0,traceback_in_exit0,traceback_only_no_test_failure,Traceback (most recent call last),355
25,task_005388_3c2a233f,5,161,1.0,traceback_in_exit0,traceback_only_no_test_failure,Traceback (most recent call last),360
25,task_005388_3c2a233f,5,162,0.0,traceback_in_exit0,traceback_only_no_test_failure,Traceback (most recent call last),360
25,task_005388_3c2a233f,5,163,1.0,traceback_in_exit0,traceback_only_no_test_failure,Traceback (most recent call last),355
25,task_005388_3c2a233f,5,164,1.0,traceback_in_exit0,traceback_only_no_test_failure,Traceback (most recent call last),360
25,task_005388_3c2a233f,5,165,1.0,traceback_in_exit0,traceback_only_no_test_failure,Traceback (most recent call last),360
25,task_005388_3c2a233f,5,166,1.0,traceback_in_exit0,traceback_only_no_test_failure,Traceback (most recent call last),360
25,task_005388_3c2a233f,5,167,1.0,traceback_in_exit0,traceback_only_no_test_failure,Traceback (most recent call last),445
25,task_005388_3c2a233f,5,169,0.0,traceback_in_exit0,traceback_only_no_test_failure,Traceback (most recent call last),355
25,task_005388_3c2a233f,5,171,1.0,traceback_in_exit0,traceback_only_no_test_failure,Traceback (most recent call last),355
25,task_005388_3c2a233f,5,172,0.0,traceback_in_exit0,traceback_only_no_test_failure,Traceback (most recent call last),355
25,task_005388_3c2a233f,5,173,0.0,traceback_in_exit0,traceback_only_no_test_failure,Traceback (most recent call last),360
25,task_005388_3c2a233f,5,174,0.0,traceback_in_exit0,traceback_only_no_test_failure,Traceback (most recent call last),347
25,task_005388_3c2a233f,5,175,0.0,traceback_in_exit0,traceback_only_no_test_failure,Traceback (most recent call last),360
25,task_005388_3c2a233f,5,176,0.0,traceback_in_exit0,traceback_only_no_test_failure,Traceback (most recent call last),360
25,task_005388_3c2a233f,5,178,0.0,traceback_in_exit0,traceback_only_no_test_failure,Traceback (most recent call last),368
25,task_005388_3c2a233f,5,179,0.0,traceback_in_exit0,traceback_only_no_test_failure,Traceback (most recent call last),366
25,task_005388_3c2a233f,5,180,1.0,traceback_in_exit0,traceback_only_no_test_failure,Traceback (most recent call last),360
25,task_005388_3c2a233f,5,181,0.0,traceback_in_exit0,traceback_only_no_test_failure,Traceback (most recent call last),381
25,task_005388_3c2a233f,5,184,0.0,traceback_in_exit0,traceback_only_no_test_failure,Traceback (most recent call last),360
25,task_005388_3c2a233f,5,185,0.0,traceback_in_exit0,traceback_only_no_test_failure,Traceback (most recent call last),360
25,task_005388_3c2a233f,5,186,0.0,traceback_in_exit0,traceback_only_no_test_failure,Traceback (most recent call last),355
25,task_005388_3c2a233f,5,187,0.0,traceback_in_exit0,traceback_only_no_test_failure,Traceback (most recent call last),532
25,task_005388_3c2a233f,5,189,0.0,traceback_in_exit0,traceback_only_no_test_failure,Traceback (most recent call last),360
25,task_005388_3c2a233f,5,190,0.0,traceback_in_exit0,traceback_only_no_test_failure,Traceback (most recent call last),347
25,task_005388_3c2a233f,5,191,0.0,traceback_in_exit0,traceback_only_no_test_failure,Traceback (most recent call last),380
25,task_004789_d88e5681,7,234,1.0,traceback_in_exit0,traceback_only_no_test_failure,Traceback (most recent call last),384
25,task_004789_d88e5681,7,238,1.0,traceback_in_exit0,traceback_only_no_test_failure,Traceback (most recent call last),176
26,task_007618_23d964ce,0,0,0.0,traceback_in_exit0,traceback_only_no_test_failure,Traceback (most recent call last),503
26,task_007618_23d964ce,0,4,0.0,traceback_in_exit0,traceback_only_no_test_failure,Traceback (most recent call last),287
26,task_007618_23d964ce,0,15,1.0,traceback_in_exit0,traceback_only_no_test_failure,Traceback (most recent call last),314
26,task_001497_9b95ad20,4,131,0.0,traceback_in_exit0,traceback_only_no_test_failure,Traceback (most recent call last),119
26,task_001497_9b95ad20,4,145,0.0,traceback_in_exit0,traceback_only_no_test_failure,Traceback (most recent call last),238
26,task_001497_9b95ad20,4,147,0.0,traceback_in_exit0,traceback_only_no_test_failure,Traceback (most recent call last),120
26,task_001497_9b95ad20,4,150,1.0,traceback_in_exit0,traceback_only_no_test_failure,Traceback (most recent call last),4134
26,task_001497_9b95ad20,4,152,0.0,traceback_in_exit0,traceback_only_no_test_failure,Traceback (most recent call last),10542
26,task_001497_9b95ad20,4,154,0.0,traceback_in_exit0,traceback_only_no_test_failure,Traceback (most recent call last),156
26,task_001497_9b95ad20,4,156,1.0,traceback_in_exit0,traceback_only_no_test_failure,Traceback (most recent call last),137
26,task_001497_9b95ad20,4,158,0.0,traceback_in_exit0,traceback_only_no_test_failure,Traceback (most recent call last),299
26,task_004518_99f02e33,5,171,0.0,traceback_in_exit0,traceback_only_no_test_failure,Traceback (most recent call last),1143
26,task_003090_073c9355,7,225,0.0,traceback_in_exit0,traceback_only_no_test_failure,Traceback (most recent call last),371
26,task_003090_073c9355,7,227,0.0,traceback_in_exit0,traceback_only_no_test_failure,Traceback (most recent call last),152
26,task_003090_073c9355,7,228,0.0,traceback_in_exit0,traceback_only_no_test_failure,Traceback (most recent call last),236
26,task_003090_073c9355,7,229,0.0,traceback_in_exit0,traceback_only_no_test_failure,Traceback (most recent call last),137
26,task_003090_073c9355,7,230,0.0,traceback_in_exit0,traceback_only_no_test_failure,Traceback (most recent call last),118
26,task_003090_073c9355,7,234,0.0,traceback_in_exit0,traceback_only_no_test_failure,Traceback (most recent call last),713
26,task_003090_073c9355,7,245,0.0,traceback_in_exit0,traceback_only_no_test_failure,Traceback (most recent call last),592
26,task_003090_073c9355,7,246,0.0,traceback_in_exit0,traceback_only_no_test_failure,Traceback (most recent call last),600
26,task_003090_073c9355,7,251,0.0,traceback_in_exit0,traceback_only_no_test_failure,Traceback (most recent call last),166
26,task_003090_073c9355,7,252,0.0,traceback_in_exit0,traceback_only_no_test_failure,Traceback (most recent call last),293
26,task_003090_073c9355,7,253,0.0,traceback_in_exit0,traceback_only_no_test_failure,Traceback (most recent call last),140
26,task_003090_073c9355,7,254,0.0,traceback_in_exit0,traceback_only_no_test_failure,Traceback (most recent call last),140
27,task_004896_c30499bb,2,64,0.0,traceback_in_exit0,traceback_only_no_test_failure,Traceback (most recent call last),172
27,task_004896_c30499bb,2,67,0.0,traceback_in_exit0,traceback_only_no_test_failure,Traceback (most recent call last),1334
27,task_004896_c30499bb,2,70,0.0,traceback_in_exit0,traceback_only_no_test_failure,Traceback (most recent call last),708
27,task_004896_c30499bb,2,72,0.0,traceback_in_exit0,traceback_only_no_test_failure,Traceback (most recent call last),366
27,task_004896_c30499bb,2,86,0.0,traceback_in_exit0,traceback_only_no_test_failure,Traceback (most recent call last),492
27,task_004896_c30499bb,2,87,0.0,traceback_in_exit0,traceback_only_no_test_failure,Traceback (most recent call last),807
27,task_004896_c30499bb,2,93,0.0,traceback_in_exit0,traceback_only_no_test_failure,Traceback (most recent call last),1263
27,task_004896_c30499bb,2,94,0.0,traceback_in_exit0,traceback_only_no_test_failure,Traceback (most recent call last),636
27,task_003692_a7f53479,3,108,0.0,traceback_in_exit0,traceback_only_no_test_failure,Traceback (most recent call last),271
27,task_003692_a7f53479,3,113,1.0,traceback_in_exit0,traceback_only_no_test_failure,Traceback (most recent call last),191
27,task_003692_a7f53479,3,120,0.0,traceback_in_exit0,traceback_only_no_test_failure,Traceback (most recent call last),133
27,task_005437_9babb6f6,5,185,1.0,traceback_in_exit0,traceback_only_no_test_failure,Traceback (most recent call last),152
27,task_002303_f01e0281,7,225,0.0,traceback_in_exit0,traceback_only_no_test_failure,Traceback (most recent call last),2207
27,task_002303_f01e0281,7,227,0.0,traceback_in_exit0,traceback_only_no_test_failure,Traceback (most recent call last),1733
27,task_002303_f01e0281,7,234,0.0,traceback_in_exit0,traceback_only_no_test_failure,Traceback (most recent call last),1661
27,task_002303_f01e0281,7,236,0.0,traceback_in_exit0,traceback_only_no_test_failure,Traceback (most recent call last),1809
27,task_002303_f01e0281,7,239,0.0,traceback_in_exit0,traceback_only_no_test_failure,Traceback (most recent call last),1035
27,task_002303_f01e0281,7,248,0.0,traceback_in_exit0,traceback_only_no_test_failure,Traceback (most recent call last),1636
27,task_002303_f01e0281,7,249,0.0,traceback_in_exit0,traceback_only_no_test_failure,Traceback (most recent call last),1648
27,task_002303_f01e0281,7,250,0.0,traceback_in_exit0,traceback_only_no_test_failure,Traceback (most recent call last),5419
27,task_002303_f01e0281,7,251,0.0,traceback_in_exit0,traceback_only_no_test_failure,Traceback (most recent call last),1650
27,task_002303_f01e0281,7,252,0.0,traceback_in_exit0,traceback_only_no_test_failure,Traceback (most recent call last),589
27,task_002303_f01e0281,7,253,0.0,traceback_in_exit0,traceback_only_no_test_failure,Traceback (most recent call last),181
27,task_002303_f01e0281,7,254,0.0,traceback_in_exit0,traceback_only_no_test_failure,Traceback (most recent call last),1702
28,task_006773_a7a19f43,0,13,1.0,traceback_in_exit0,traceback_only_no_test_failure,Traceback (most recent call last),179
28,task_006773_a7a19f43,0,14,0.0,traceback_in_exit0,traceback_only_no_test_failure,Traceback (most recent call last),164
28,task_006773_a7a19f43,0,15,1.0,traceback_in_exit0,traceback_only_no_test_failure,Traceback (most recent call last),181
28,task_006773_a7a19f43,0,19,1.0,traceback_in_exit0,traceback_only_no_test_failure,Traceback (most recent call last),119
28,task_006773_a7a19f43,0,20,0.0,traceback_in_exit0,traceback_only_no_test_failure,Traceback (most recent call last),305
28,task_006773_a7a19f43,0,22,1.0,traceback_in_exit0,traceback_only_no_test_failure,Traceback (most recent call last),174
28,task_006773_a7a19f43,0,24,1.0,traceback_in_exit0,traceback_only_no_test_failure,Traceback (most recent call last),147
28,task_006773_a7a19f43,0,25,0.0,traceback_in_exit0,traceback_only_no_test_failure,Traceback (most recent call last),217
28,task_006773_a7a19f43,0,28,0.0,traceback_in_exit0,traceback_only_no_test_failure,Traceback (most recent call last),173
28,task_001141_0a0df954,1,57,0.0,traceback_in_exit0,traceback_only_no_test_failure,Traceback (most recent call last),157
28,task_001561_550ed2c1,2,64,0.0,traceback_in_exit0,traceback_only_no_test_failure,Traceback (most recent call last),136
28,task_001561_550ed2c1,2,67,0.0,traceback_in_exit0,traceback_only_no_test_failure,Traceback (most recent call last),141
28,task_001561_550ed2c1,2,69,1.0,traceback_in_exit0,traceback_only_no_test_failure,Traceback (most recent call last),269
28,task_001561_550ed2c1,2,74,0.0,traceback_in_exit0,traceback_only_no_test_failure,Traceback (most recent call last),147
28,task_001561_550ed2c1,2,75,0.0,traceback_in_exit0,traceback_only_no_test_failure,Traceback (most recent call last),159
28,task_001561_550ed2c1,2,84,1.0,traceback_in_exit0,traceback_only_no_test_failure,Traceback (most recent call last),147
28,task_001561_550ed2c1,2,92,0.0,traceback_in_exit0,traceback_only_no_test_failure,Traceback (most recent call last),148
28,task_001561_550ed2c1,2,93,0.0,traceback_in_exit0,traceback_only_no_test_failure,Traceback (most recent call last),141
28,task_004324_5c5b1693,4,148,1.0,traceback_in_exit0,traceback_only_no_test_failure,Traceback (most recent call last),6494
28,task_002719_7d42871b,6,194,0.0,traceback_in_exit0,traceback_only_no_test_failure,Traceback (most recent call last),161
28,task_002719_7d42871b,6,207,0.0,traceback_in_exit0,traceback_only_no_test_failure,Traceback (most recent call last),136
28,task_002719_7d42871b,6,209,0.0,traceback_in_exit0,traceback_only_no_test_failure,Traceback (most recent call last),1017
28,task_002719_7d42871b,6,210,0.0,traceback_in_exit0,traceback_only_no_test_failure,Traceback (most recent call last),126
28,task_002719_7d42871b,6,212,0.0,traceback_in_exit0,traceback_only_no_test_failure,Traceback (most recent call last),278
28,task_002719_7d42871b,6,220,0.0,traceback_in_exit0,traceback_only_no_test_failure,Traceback (most recent call last),268
28,task_001672_b1ba3bb7,7,224,0.0,traceback_in_exit0,traceback_only_no_test_failure,Traceback (most recent call last),837
28,task_001672_b1ba3bb7,7,226,0.0,traceback_in_exit0,traceback_only_no_test_failure,Traceback (most recent call last),348
28,task_001672_b1ba3bb7,7,227,0.0,traceback_in_exit0,traceback_only_no_test_failure,Traceback (most recent call last),330
28,task_001672_b1ba3bb7,7,228,1.0,traceback_in_exit0,traceback_only_no_test_failure,Traceback (most recent call last),337
28,task_001672_b1ba3bb7,7,229,0.0,traceback_in_exit0,traceback_only_no_test_failure,Traceback (most recent call last),349
28,task_001672_b1ba3bb7,7,230,0.0,traceback_in_exit0,traceback_only_no_test_failure,Traceback (most recent call last),442
28,task_001672_b1ba3bb7,7,232,0.0,traceback_in_exit0,traceback_only_no_test_failure,Traceback (most recent call last),328
28,task_001672_b1ba3bb7,7,236,0.0,traceback_in_exit0,traceback_only_no_test_failure,Traceback (most recent call last),329
28,task_001672_b1ba3bb7,7,237,1.0,traceback_in_exit0,traceback_only_no_test_failure,Traceback (most recent call last),328
28,task_001672_b1ba3bb7,7,240,0.0,traceback_in_exit0,traceback_only_no_test_failure,Traceback (most recent call last),383
28,task_001672_b1ba3bb7,7,242,0.0,traceback_in_exit0,traceback_only_no_test_failure,Traceback (most recent call last),245
28,task_001672_b1ba3bb7,7,243,0.0,traceback_in_exit0,traceback_only_no_test_failure,Traceback (most recent call last),330
28,task_001672_b1ba3bb7,7,245,0.0,traceback_in_exit0,traceback_only_no_test_failure,Traceback (most recent call last),328
28,task_001672_b1ba3bb7,7,247,0.0,traceback_in_exit0,traceback_only_no_test_failure,Traceback (most recent call last),351
28,task_001672_b1ba3bb7,7,249,0.0,traceback_in_exit0,traceback_only_no_test_failure,Traceback (most recent call last),349
28,task_001672_b1ba3bb7,7,251,0.0,traceback_in_exit0,traceback_only_no_test_failure,Traceback (most recent call last),351
28,task_001672_b1ba3bb7,7,254,0.0,traceback_in_exit0,traceback_only_no_test_failure,Traceback (most recent call last),283
28,task_001672_b1ba3bb7,7,255,0.0,traceback_in_exit0,traceback_only_no_test_failure,Traceback (most recent call last),334
29,task_004914_356460d6,2,65,1.0,tests_failed_in_exit0,pytest_collection_error,error during collection,1370
29,task_004914_356460d6,2,66,0.0,tests_failed_in_exit0,pytest_collection_error,error during collection,1765
29,task_004914_356460d6,2,72,1.0,tests_failed_in_exit0,pytest_collection_error,error during collection,1818
29,task_004914_356460d6,2,74,1.0,tests_failed_in_exit0,unexplained_exit0_with_test_failure,3 failed,4528
29,task_004914_356460d6,2,75,0.0,tests_failed_in_exit0,pytest_collection_error,error during collection,1845
29,task_004914_356460d6,2,76,1.0,tests_failed_in_exit0,pytest_collection_error,error during collection,977
29,task_004914_356460d6,2,77,0.0,tests_failed_in_exit0,unexplained_exit0_with_test_failure,5 failed,2597
29,task_004914_356460d6,2,78,0.0,tests_failed_in_exit0,unexplained_exit0_with_test_failure,3 failed,3735
29,task_004914_356460d6,2,79,0.0,tests_failed_in_exit0,unexplained_exit0_with_test_failure,1 failed,2617
29,task_004914_356460d6,2,80,0.0,tests_failed_in_exit0,unexplained_exit0_with_test_failure,2 failed,3381
29,task_004914_356460d6,2,81,0.0,tests_failed_in_exit0,unexplained_exit0_with_test_failure,1 failed,3226
29,task_004914_356460d6,2,82,0.0,tests_failed_in_exit0,unexplained_exit0_with_test_failure,8 failed,2087
29,task_004914_356460d6,2,84,0.0,tests_failed_in_exit0,pytest_collection_error,error during collection,1108
29,task_004914_356460d6,2,85,0.0,tests_failed_in_exit0,unexplained_exit0_with_test_failure,2 failed,4092
29,task_004914_356460d6,2,86,0.0,tests_failed_in_exit0,unexplained_exit0_with_test_failure,3 failed,1609
29,task_004914_356460d6,2,89,0.0,tests_failed_in_exit0,unexplained_exit0_with_test_failure,3 failed,1257
29,task_004914_356460d6,2,90,0.0,tests_failed_in_exit0,unexplained_exit0_with_test_failure,2 failed,1565
29,task_004914_356460d6,2,93,0.0,tests_failed_in_exit0,pytest_collection_error,error during collection,1849
30,task_002457_7969272e,0,15,1.0,traceback_in_exit0,traceback_only_no_test_failure,Traceback (most recent call last),124
30,task_002627_01dc9995,7,227,1.0,traceback_in_exit0,traceback_only_no_test_failure,Traceback (most recent call last),119
31,task_006135_02230f7b,0,6,0.0,traceback_in_exit0,traceback_only_no_test_failure,Traceback (most recent call last),992
31,task_006135_02230f7b,0,29,0.0,traceback_in_exit0,traceback_only_no_test_failure,Traceback (most recent call last),473
31,task_009075_524da156,1,32,0.0,traceback_in_exit0,traceback_only_no_test_failure,Traceback (most recent call last),958
31,task_009075_524da156,1,33,1.0,traceback_in_exit0,traceback_only_no_test_failure,Traceback (most recent call last),1003
31,task_009075_524da156,1,37,1.0,traceback_in_exit0,traceback_only_no_test_failure,Traceback (most recent call last),1791
31,task_009075_524da156,1,38,1.0,traceback_in_exit0,traceback_only_no_test_failure,Traceback (most recent call last),1050
31,task_009075_524da156,1,39,0.0,traceback_in_exit0,traceback_only_no_test_failure,Traceback (most recent call last),958
31,task_009075_524da156,1,44,1.0,traceback_in_exit0,traceback_only_no_test_failure,Traceback (most recent call last),985
31,task_009075_524da156,1,46,0.0,traceback_in_exit0,traceback_only_no_test_failure,Traceback (most recent call last),974
31,task_009075_524da156,1,51,0.0,traceback_in_exit0,traceback_only_no_test_failure,Traceback (most recent call last),988
31,task_009075_524da156,1,58,0.0,traceback_in_exit0,traceback_only_no_test_failure,Traceback (most recent call last),1735
31,task_009075_524da156,1,61,0.0,traceback_in_exit0,traceback_only_no_test_failure,Traceback (most recent call last),1861
31,task_009075_524da156,1,63,0.0,traceback_in_exit0,traceback_only_no_test_failure,Traceback (most recent call last),987
31,task_005778_c54a55da,2,64,0.0,traceback_in_exit0,traceback_only_no_test_failure,Traceback (most recent call last),197
31,task_002878_20d3e285,3,107,0.0,traceback_in_exit0,traceback_only_no_test_failure,Traceback (most recent call last),130
31,task_002772_f8d5b84e,7,224,0.0,traceback_in_exit0,traceback_only_no_test_failure,Traceback (most recent call last),139
31,task_002772_f8d5b84e,7,234,1.0,traceback_in_exit0,traceback_only_no_test_failure,Traceback (most recent call last),2158
31,task_002772_f8d5b84e,7,251,0.0,traceback_in_exit0,traceback_only_no_test_failure,Traceback (most recent call last),188
32,task_004159_03604910,3,98,1.0,traceback_in_exit0,traceback_only_no_test_failure,Traceback (most recent call last),213
32,task_004159_03604910,3,104,0.0,traceback_in_exit0,traceback_only_no_test_failure,Traceback (most recent call last),1717
32,task_004159_03604910,3,112,0.0,traceback_in_exit0,traceback_only_no_test_failure,Traceback (most recent call last),182
32,task_004159_03604910,3,118,1.0,traceback_in_exit0,traceback_only_no_test_failure,Traceback (most recent call last),151
32,task_001769_debd704a,5,174,1.0,traceback_in_exit0,traceback_only_no_test_failure,Traceback (most recent call last),1258
32,task_001769_debd704a,5,189,1.0,traceback_in_exit0,traceback_only_no_test_failure,Traceback (most recent call last),267
32,task_004628_9d3b1ba9,6,202,1.0,traceback_in_exit0,traceback_only_no_test_failure,Traceback (most recent call last),1808
32,task_001080_5c6b3d64,7,224,0.0,traceback_in_exit0,traceback_only_no_test_failure,Traceback (most recent call last),434
32,task_001080_5c6b3d64,7,226,0.0,traceback_in_exit0,traceback_only_no_test_failure,Traceback (most recent call last),418
32,task_001080_5c6b3d64,7,227,0.0,traceback_in_exit0,traceback_only_no_test_failure,Traceback (most recent call last),434
32,task_001080_5c6b3d64,7,229,0.0,traceback_in_exit0,traceback_only_no_test_failure,Traceback (most recent call last),434
32,task_001080_5c6b3d64,7,230,0.0,traceback_in_exit0,traceback_only_no_test_failure,Traceback (most recent call last),418
32,task_001080_5c6b3d64,7,231,0.0,traceback_in_exit0,traceback_only_no_test_failure,Traceback (most recent call last),435
32,task_001080_5c6b3d64,7,232,0.0,traceback_in_exit0,traceback_only_no_test_failure,Traceback (most recent call last),435
32,task_001080_5c6b3d64,7,234,0.0,traceback_in_exit0,traceback_only_no_test_failure,Traceback (most recent call last),418
32,task_001080_5c6b3d64,7,237,0.0,traceback_in_exit0,traceback_only_no_test_failure,Traceback (most recent call last),10543
32,task_001080_5c6b3d64,7,238,0.0,traceback_in_exit0,traceback_only_no_test_failure,Traceback (most recent call last),448
32,task_001080_5c6b3d64,7,239,0.0,traceback_in_exit0,traceback_only_no_test_failure,Traceback (most recent call last),418
32,task_001080_5c6b3d64,7,241,0.0,traceback_in_exit0,traceback_only_no_test_failure,Traceback (most recent call last),10542
32,task_001080_5c6b3d64,7,243,0.0,traceback_in_exit0,traceback_only_no_test_failure,Traceback (most recent call last),547
32,task_001080_5c6b3d64,7,244,0.0,traceback_in_exit0,traceback_only_no_test_failure,Traceback (most recent call last),255
32,task_001080_5c6b3d64,7,245,0.0,traceback_in_exit0,traceback_only_no_test_failure,Traceback (most recent call last),10542
32,task_001080_5c6b3d64,7,246,0.0,traceback_in_exit0,traceback_only_no_test_failure,Traceback (most recent call last),441
32,task_001080_5c6b3d64,7,247,1.0,traceback_in_exit0,traceback_only_no_test_failure,Traceback (most recent call last),10542
32,task_001080_5c6b3d64,7,248,0.0,traceback_in_exit0,traceback_only_no_test_failure,Traceback (most recent call last),456
32,task_001080_5c6b3d64,7,249,0.0,traceback_in_exit0,traceback_only_no_test_failure,Traceback (most recent call last),531
32,task_001080_5c6b3d64,7,250,0.0,traceback_in_exit0,traceback_only_no_test_failure,Traceback (most recent call last),1360
32,task_001080_5c6b3d64,7,251,0.0,traceback_in_exit0,traceback_only_no_test_failure,Traceback (most recent call last),418
32,task_001080_5c6b3d64,7,252,1.0,traceback_in_exit0,traceback_only_no_test_failure,Traceback (most recent call last),497
33,task_007759_975b92b3,2,66,0.0,traceback_in_exit0,traceback_only_no_test_failure,Traceback (most recent call last),195
33,task_007905_85674759,7,248,1.0,traceback_in_exit0,traceback_only_no_test_failure,Traceback (most recent call last),436
34,task_002673_0b2a2291,3,100,0.0,traceback_in_exit0,traceback_only_no_test_failure,Traceback (most recent call last),423
34,task_002673_0b2a2291,3,101,0.0,traceback_in_exit0,traceback_only_no_test_failure,Traceback (most recent call last),1578
34,task_002673_0b2a2291,3,102,1.0,traceback_in_exit0,traceback_only_no_test_failure,Traceback (most recent call last),125
34,task_002673_0b2a2291,3,105,0.0,traceback_in_exit0,traceback_only_no_test_failure,Traceback (most recent call last),253
34,task_002673_0b2a2291,3,111,1.0,traceback_in_exit0,traceback_only_no_test_failure,Traceback (most recent call last),588
34,task_002673_0b2a2291,3,126,0.0,traceback_in_exit0,traceback_only_no_test_failure,Traceback (most recent call last),499
34,task_006038_202938d4,7,235,1.0,traceback_in_exit0,traceback_only_no_test_failure,Traceback (most recent call last),252
34,task_006038_202938d4,7,243,1.0,traceback_in_exit0,traceback_only_no_test_failure,Traceback (most recent call last),784
35,task_001949_bb47c40c,3,100,1.0,tests_failed_in_exit0,unexplained_exit0_with_test_failure,1 failed,1150
35,task_001949_bb47c40c,3,101,1.0,tests_failed_in_exit0,unexplained_exit0_with_test_failure,2 failed,1879
35,task_001949_bb47c40c,3,107,1.0,tests_failed_in_exit0,pytest_collection_error,error during collection,1189
35,task_001949_bb47c40c,3,118,1.0,tests_failed_in_exit0,unexplained_exit0_with_test_failure,1 failed,1738
35,task_001094_dca23eb9,6,209,1.0,traceback_in_exit0,traceback_only_no_test_failure,Traceback (most recent call last),136
35,task_003761_ae07dd4b,7,224,1.0,traceback_in_exit0,traceback_only_no_test_failure,Traceback (most recent call last),2009
35,task_003761_ae07dd4b,7,225,1.0,traceback_in_exit0,traceback_only_no_test_failure,Traceback (most recent call last),3903
35,task_003761_ae07dd4b,7,232,1.0,traceback_in_exit0,traceback_only_no_test_failure,Traceback (most recent call last),3656
35,task_003761_ae07dd4b,7,240,1.0,traceback_in_exit0,traceback_only_no_test_failure,Traceback (most recent call last),1360
35,task_003761_ae07dd4b,7,242,1.0,traceback_in_exit0,traceback_only_no_test_failure,Traceback (most recent call last),1183
35,task_003761_ae07dd4b,7,244,1.0,traceback_in_exit0,traceback_only_no_test_failure,Traceback (most recent call last),2706
35,task_003761_ae07dd4b,7,249,0.0,traceback_in_exit0,traceback_only_no_test_failure,Traceback (most recent call last),1969
35,task_003761_ae07dd4b,7,254,1.0,traceback_in_exit0,traceback_only_no_test_failure,Traceback (most recent call last),2654
36,task_007718_51ef3744,0,12,0.0,traceback_in_exit0,traceback_only_no_test_failure,Traceback (most recent call last),277
36,task_007718_51ef3744,0,26,0.0,traceback_in_exit0,traceback_only_no_test_failure,Traceback (most recent call last),249
36,task_004443_1b2ae59c,3,99,1.0,traceback_in_exit0,traceback_only_no_test_failure,Traceback (most recent call last),880
36,task_001769_3e790a3f,5,182,0.0,traceback_in_exit0,traceback_only_no_test_failure,Traceback (most recent call last),139
36,task_001769_3e790a3f,5,183,0.0,traceback_in_exit0,traceback_only_no_test_failure,Traceback (most recent call last),302
36,task_000910_cc5e0241,7,225,1.0,traceback_in_exit0,traceback_only_no_test_failure,Traceback (most recent call last),144
37,task_002300_f7cbc374,1,32,1.0,traceback_in_exit0,traceback_only_no_test_failure,Traceback (most recent call last),235
37,task_002300_f7cbc374,1,33,1.0,traceback_in_exit0,traceback_only_no_test_failure,Traceback (most recent call last),120
37,task_002300_f7cbc374,1,35,1.0,traceback_in_exit0,traceback_only_no_test_failure,Traceback (most recent call last),229
37,task_002300_f7cbc374,1,36,1.0,traceback_in_exit0,traceback_only_no_test_failure,Traceback (most recent call last),144
37,task_002300_f7cbc374,1,51,1.0,traceback_in_exit0,traceback_only_no_test_failure,Traceback (most recent call last),144
37,task_002300_f7cbc374,1,54,1.0,traceback_in_exit0,traceback_only_no_test_failure,Traceback (most recent call last),395
37,task_002300_f7cbc374,1,56,1.0,traceback_in_exit0,traceback_only_no_test_failure,Traceback (most recent call last),228
37,task_002300_f7cbc374,1,61,1.0,traceback_in_exit0,traceback_only_no_test_failure,Traceback (most recent call last),120
37,task_003197_d026cba4,5,160,0.0,traceback_in_exit0,traceback_only_no_test_failure,Traceback (most recent call last),521
37,task_003197_d026cba4,5,161,0.0,traceback_in_exit0,traceback_only_no_test_failure,Traceback (most recent call last),523
37,task_003197_d026cba4,5,162,0.0,traceback_in_exit0,traceback_only_no_test_failure,Traceback (most recent call last),1213
37,task_003197_d026cba4,5,165,0.0,traceback_in_exit0,traceback_only_no_test_failure,Traceback (most recent call last),136
37,task_003197_d026cba4,5,166,0.0,traceback_in_exit0,traceback_only_no_test_failure,Traceback (most recent call last),757
37,task_003197_d026cba4,5,167,0.0,traceback_in_exit0,traceback_only_no_test_failure,Traceback (most recent call last),745
37,task_003197_d026cba4,5,168,0.0,traceback_in_exit0,traceback_only_no_test_failure,Traceback (most recent call last),1370
37,task_003197_d026cba4,5,169,0.0,traceback_in_exit0,traceback_only_no_test_failure,Traceback (most recent call last),132
37,task_003197_d026cba4,5,173,0.0,traceback_in_exit0,traceback_only_no_test_failure,Traceback (most recent call last),509
37,task_003197_d026cba4,5,175,0.0,traceback_in_exit0,traceback_only_no_test_failure,Traceback (most recent call last),185
37,task_003197_d026cba4,5,177,0.0,traceback_in_exit0,traceback_only_no_test_failure,Traceback (most recent call last),145
37,task_003197_d026cba4,5,180,0.0,traceback_in_exit0,traceback_only_no_test_failure,Traceback (most recent call last),811
37,task_003197_d026cba4,5,181,0.0,traceback_in_exit0,traceback_only_no_test_failure,Traceback (most recent call last),137
37,task_003197_d026cba4,5,182,0.0,traceback_in_exit0,traceback_only_no_test_failure,Traceback (most recent call last),801
37,task_003197_d026cba4,5,184,1.0,traceback_in_exit0,traceback_only_no_test_failure,Traceback (most recent call last),783
37,task_003197_d026cba4,5,185,0.0,traceback_in_exit0,traceback_only_no_test_failure,Traceback (most recent call last),528
37,task_003197_d026cba4,5,187,0.0,traceback_in_exit0,traceback_only_no_test_failure,Traceback (most recent call last),788
37,task_003197_d026cba4,5,189,0.0,traceback_in_exit0,traceback_only_no_test_failure,Traceback (most recent call last),509
37,task_005034_edf4a3c0,7,230,0.0,traceback_in_exit0,traceback_only_no_test_failure,Traceback (most recent call last),471
38,task_004521_27ef8e55,0,0,0.0,traceback_in_exit0,traceback_only_no_test_failure,Traceback (most recent call last),140
38,task_004521_27ef8e55,0,3,0.0,traceback_in_exit0,traceback_only_no_test_failure,Traceback (most recent call last),145
38,task_004521_27ef8e55,0,7,1.0,traceback_in_exit0,traceback_only_no_test_failure,Traceback (most recent call last),130
38,task_004521_27ef8e55,0,12,1.0,traceback_in_exit0,traceback_only_no_test_failure,Traceback (most recent call last),1691
38,task_004521_27ef8e55,0,13,1.0,traceback_in_exit0,traceback_only_no_test_failure,Traceback (most recent call last),476
38,task_004521_27ef8e55,0,18,1.0,traceback_in_exit0,traceback_only_no_test_failure,Traceback (most recent call last),140
38,task_004521_27ef8e55,0,22,1.0,traceback_in_exit0,traceback_only_no_test_failure,Traceback (most recent call last),151
38,task_004521_27ef8e55,0,26,0.0,traceback_in_exit0,traceback_only_no_test_failure,Traceback (most recent call last),342
38,task_004521_27ef8e55,0,29,0.0,traceback_in_exit0,traceback_only_no_test_failure,Traceback (most recent call last),128
38,task_002235_30d3ca0f,1,55,0.0,traceback_in_exit0,traceback_only_no_test_failure,Traceback (most recent call last),197
38,task_002893_0b756a62,5,191,0.0,traceback_in_exit0,traceback_only_no_test_failure,Traceback (most recent call last),137
38,task_003114_2d569982,6,194,0.0,traceback_in_exit0,traceback_only_no_test_failure,Traceback (most recent call last),984
38,task_003114_2d569982,6,219,0.0,traceback_in_exit0,traceback_only_no_test_failure,Traceback (most recent call last),439
38,task_008706_debd496c,7,245,0.0,traceback_in_exit0,traceback_only_no_test_failure,Traceback (most recent call last),605
39,task_004839_0318fbac,0,0,1.0,traceback_in_exit0,traceback_only_no_test_failure,Traceback (most recent call last),905
39,task_004839_0318fbac,0,1,1.0,traceback_in_exit0,traceback_only_no_test_failure,Traceback (most recent call last),464
39,task_004839_0318fbac,0,2,0.0,traceback_in_exit0,traceback_only_no_test_failure,Traceback (most recent call last),441
39,task_004839_0318fbac,0,3,1.0,traceback_in_exit0,traceback_only_no_test_failure,Traceback (most recent call last),441
39,task_004839_0318fbac,0,4,1.0,traceback_in_exit0,traceback_only_no_test_failure,Traceback (most recent call last),441
39,task_004839_0318fbac,0,5,1.0,traceback_in_exit0,traceback_only_no_test_failure,Traceback (most recent call last),660
39,task_004839_0318fbac,0,6,1.0,traceback_in_exit0,traceback_only_no_test_failure,Traceback (most recent call last),441
39,task_004839_0318fbac,0,8,1.0,traceback_in_exit0,traceback_only_no_test_failure,Traceback (most recent call last),441
39,task_004839_0318fbac,0,9,1.0,traceback_in_exit0,traceback_only_no_test_failure,Traceback (most recent call last),464
39,task_004839_0318fbac,0,12,1.0,traceback_in_exit0,traceback_only_no_test_failure,Traceback (most recent call last),441
39,task_004839_0318fbac,0,14,0.0,traceback_in_exit0,traceback_only_no_test_failure,Traceback (most recent call last),503
39,task_004839_0318fbac,0,17,1.0,traceback_in_exit0,traceback_only_no_test_failure,Traceback (most recent call last),492
39,task_004839_0318fbac,0,19,1.0,traceback_in_exit0,traceback_only_no_test_failure,Traceback (most recent call last),441
39,task_004839_0318fbac,0,20,1.0,traceback_in_exit0,traceback_only_no_test_failure,Traceback (most recent call last),484
39,task_004839_0318fbac,0,21,0.0,traceback_in_exit0,traceback_only_no_test_failure,Traceback (most recent call last),441
39,task_004839_0318fbac,0,22,1.0,traceback_in_exit0,traceback_only_no_test_failure,Traceback (most recent call last),441
39,task_004839_0318fbac,0,23,1.0,traceback_in_exit0,traceback_only_no_test_failure,Traceback (most recent call last),441
39,task_004839_0318fbac,0,24,1.0,traceback_in_exit0,traceback_only_no_test_failure,Traceback (most recent call last),441
39,task_004839_0318fbac,0,25,1.0,traceback_in_exit0,traceback_only_no_test_failure,Traceback (most recent call last),441
39,task_004839_0318fbac,0,26,0.0,traceback_in_exit0,traceback_only_no_test_failure,Traceback (most recent call last),441
39,task_004839_0318fbac,0,31,0.0,traceback_in_exit0,traceback_only_no_test_failure,Traceback (most recent call last),463
39,task_002479_59a53606,1,44,0.0,traceback_in_exit0,traceback_only_no_test_failure,Traceback (most recent call last),503
39,task_000664_535a665c,2,64,1.0,traceback_in_exit0,traceback_only_no_test_failure,Traceback (most recent call last),341
39,task_000664_535a665c,2,68,1.0,traceback_in_exit0,traceback_only_no_test_failure,Traceback (most recent call last),207
39,task_000664_535a665c,2,71,1.0,traceback_in_exit0,traceback_only_no_test_failure,Traceback (most recent call last),150
39,task_000664_535a665c,2,73,1.0,traceback_in_exit0,traceback_only_no_test_failure,Traceback (most recent call last),174
39,task_000664_535a665c,2,75,1.0,traceback_in_exit0,traceback_only_no_test_failure,Traceback (most recent call last),206
39,task_000664_535a665c,2,78,1.0,traceback_in_exit0,traceback_only_no_test_failure,Traceback (most recent call last),123
39,task_000664_535a665c,2,79,1.0,traceback_in_exit0,traceback_only_no_test_failure,Traceback (most recent call last),1055
39,task_000664_535a665c,2,80,1.0,traceback_in_exit0,traceback_only_no_test_failure,Traceback (most recent call last),350
39,task_000664_535a665c,2,81,1.0,traceback_in_exit0,traceback_only_no_test_failure,Traceback (most recent call last),221
39,task_000664_535a665c,2,83,1.0,traceback_in_exit0,traceback_only_no_test_failure,Traceback (most recent call last),845
39,task_000664_535a665c,2,85,1.0,traceback_in_exit0,traceback_only_no_test_failure,Traceback (most recent call last),2376
39,task_000664_535a665c,2,86,1.0,traceback_in_exit0,traceback_only_no_test_failure,Traceback (most recent call last),121
39,task_000664_535a665c,2,90,1.0,traceback_in_exit0,traceback_only_no_test_failure,Traceback (most recent call last),123
39,task_000664_535a665c,2,91,1.0,traceback_in_exit0,traceback_only_no_test_failure,Traceback (most recent call last),10541
39,task_000664_535a665c,2,93,1.0,traceback_in_exit0,traceback_only_no_test_failure,Traceback (most recent call last),535
39,task_000664_535a665c,2,94,1.0,traceback_in_exit0,traceback_only_no_test_failure,Traceback (most recent call last),128
39,task_000463_02ae79bd,4,128,0.0,traceback_in_exit0,traceback_only_no_test_failure,Traceback (most recent call last),283
39,task_000463_02ae79bd,4,129,0.0,traceback_in_exit0,traceback_only_no_test_failure,Traceback (most recent call last),282
39,task_000463_02ae79bd,4,130,0.0,traceback_in_exit0,traceback_only_no_test_failure,Traceback (most recent call last),387
39,task_000463_02ae79bd,4,134,0.0,traceback_in_exit0,traceback_only_no_test_failure,Traceback (most recent call last),318
39,task_000463_02ae79bd,4,135,1.0,traceback_in_exit0,traceback_only_no_test_failure,Traceback (most recent call last),387
39,task_000463_02ae79bd,4,136,0.0,traceback_in_exit0,traceback_only_no_test_failure,Traceback (most recent call last),387
39,task_000463_02ae79bd,4,137,0.0,traceback_in_exit0,traceback_only_no_test_failure,Traceback (most recent call last),387
39,task_000463_02ae79bd,4,139,0.0,traceback_in_exit0,traceback_only_no_test_failure,Traceback (most recent call last),250
39,task_000463_02ae79bd,4,140,0.0,traceback_in_exit0,traceback_only_no_test_failure,Traceback (most recent call last),1377
39,task_000463_02ae79bd,4,141,1.0,traceback_in_exit0,traceback_only_no_test_failure,Traceback (most recent call last),387
39,task_000463_02ae79bd,4,142,0.0,traceback_in_exit0,traceback_only_no_test_failure,Traceback (most recent call last),370
39,task_000463_02ae79bd,4,143,0.0,traceback_in_exit0,traceback_only_no_test_failure,Traceback (most recent call last),541
39,task_000463_02ae79bd,4,144,0.0,traceback_in_exit0,traceback_only_no_test_failure,Traceback (most recent call last),370
39,task_000463_02ae79bd,4,146,0.0,traceback_in_exit0,traceback_only_no_test_failure,Traceback (most recent call last),276
39,task_000463_02ae79bd,4,149,0.0,traceback_in_exit0,traceback_only_no_test_failure,Traceback (most recent call last),250
39,task_000463_02ae79bd,4,150,0.0,traceback_in_exit0,traceback_only_no_test_failure,Traceback (most recent call last),281
39,task_000463_02ae79bd,4,151,0.0,traceback_in_exit0,traceback_only_no_test_failure,Traceback (most recent call last),387
39,task_000463_02ae79bd,4,154,0.0,traceback_in_exit0,traceback_only_no_test_failure,Traceback (most recent call last),387
39,task_000463_02ae79bd,4,156,1.0,traceback_in_exit0,traceback_only_no_test_failure,Traceback (most recent call last),387
39,task_000463_02ae79bd,4,157,0.0,traceback_in_exit0,traceback_only_no_test_failure,Traceback (most recent call last),387
39,task_000463_02ae79bd,4,158,0.0,traceback_in_exit0,traceback_only_no_test_failure,Traceback (most recent call last),370
40,task_004061_00a8d006,3,98,0.0,traceback_in_exit0,traceback_only_no_test_failure,Traceback (most recent call last),310
40,task_004061_00a8d006,3,115,1.0,traceback_in_exit0,traceback_only_no_test_failure,Traceback (most recent call last),206
40,task_000945_2af3f6ec,4,135,1.0,traceback_in_exit0,traceback_only_no_test_failure,Traceback (most recent call last),1512
40,task_000919_1e7820d0,5,163,0.0,traceback_in_exit0,traceback_only_no_test_failure,Traceback (most recent call last),789
40,task_000919_1e7820d0,5,176,0.0,traceback_in_exit0,traceback_only_no_test_failure,Traceback (most recent call last),189
40,task_001243_2e462934,7,226,1.0,traceback_in_exit0,traceback_only_no_test_failure,Traceback (most recent call last),310
40,task_001243_2e462934,7,254,1.0,traceback_in_exit0,traceback_only_no_test_failure,Traceback (most recent call last),282
41,task_002883_24ae251a,4,148,1.0,traceback_in_exit0,traceback_only_no_test_failure,Traceback (most recent call last),293
41,task_004635_806f46b5,5,164,1.0,traceback_in_exit0,traceback_only_no_test_failure,Traceback (most recent call last),162
41,task_004635_806f46b5,5,180,1.0,traceback_in_exit0,traceback_only_no_test_failure,Traceback (most recent call last),210
41,task_004635_806f46b5,5,182,1.0,traceback_in_exit0,traceback_only_no_test_failure,Traceback (most recent call last),646
41,task_004635_806f46b5,5,191,1.0,traceback_in_exit0,traceback_only_no_test_failure,Traceback (most recent call last),953
42,task_001416_910a6032,5,181,0.0,tests_failed_in_exit0,unexplained_exit0_with_test_failure,5 failed,794
42,task_001833_3ee69864,6,194,0.0,traceback_in_exit0,traceback_only_no_test_failure,Traceback (most recent call last),924
42,task_001833_3ee69864,6,196,1.0,traceback_in_exit0,traceback_only_no_test_failure,Traceback (most recent call last),924
42,task_001833_3ee69864,6,197,1.0,traceback_in_exit0,traceback_only_no_test_failure,Traceback (most recent call last),1020
42,task_001833_3ee69864,6,200,1.0,traceback_in_exit0,traceback_only_no_test_failure,Traceback (most recent call last),969
42,task_001833_3ee69864,6,202,0.0,traceback_in_exit0,traceback_only_no_test_failure,Traceback (most recent call last),1013
42,task_001833_3ee69864,6,203,1.0,traceback_in_exit0,traceback_only_no_test_failure,Traceback (most recent call last),1626
42,task_001833_3ee69864,6,209,1.0,traceback_in_exit0,traceback_only_no_test_failure,Traceback (most recent call last),460
42,task_001833_3ee69864,6,210,1.0,traceback_in_exit0,traceback_only_no_test_failure,Traceback (most recent call last),669
42,task_001833_3ee69864,6,212,1.0,traceback_in_exit0,traceback_only_no_test_failure,Traceback (most recent call last),116
42,task_001833_3ee69864,6,215,1.0,traceback_in_exit0,traceback_only_no_test_failure,Traceback (most recent call last),1059
42,task_001833_3ee69864,6,218,1.0,traceback_in_exit0,traceback_only_no_test_failure,Traceback (most recent call last),10568
42,task_001833_3ee69864,6,222,0.0,traceback_in_exit0,traceback_only_no_test_failure,Traceback (most recent call last),1322
43,task_002479_88217df0,1,53,1.0,traceback_in_exit0,traceback_only_no_test_failure,Traceback (most recent call last),112
43,task_002479_88217df0,1,55,1.0,traceback_in_exit0,traceback_only_no_test_failure,Traceback (most recent call last),163
43,task_002479_88217df0,1,61,0.0,traceback_in_exit0,traceback_only_no_test_failure,Traceback (most recent call last),225
43,task_001876_4e538a80,5,167,1.0,traceback_in_exit0,traceback_only_no_test_failure,Traceback (most recent call last),384
43,task_001876_4e538a80,5,186,1.0,traceback_in_exit0,traceback_only_no_test_failure,Traceback (most recent call last),482
43,task_002103_0c55c27f,7,243,1.0,traceback_in_exit0,traceback_only_no_test_failure,Traceback (most recent call last),1104
44,task_003393_c03baf65,3,112,1.0,traceback_in_exit0,traceback_only_no_test_failure,Traceback (most recent call last),268
44,task_003458_cafb7c65,5,160,0.0,tests_failed_in_exit0,pytest_collection_error,error during collection,1205
44,task_003458_cafb7c65,5,162,1.0,tests_failed_in_exit0,unexplained_exit0_with_test_failure,4 failed,4375
44,task_003458_cafb7c65,5,165,0.0,tests_failed_in_exit0,pytest_collection_error,error during collection,1274
44,task_003458_cafb7c65,5,166,0.0,tests_failed_in_exit0,unexplained_exit0_with_test_failure,4 failed,1446
44,task_003458_cafb7c65,5,168,0.0,tests_failed_in_exit0,unexplained_exit0_with_test_failure,2 failed,1885
44,task_003458_cafb7c65,5,169,0.0,traceback_in_exit0,traceback_only_no_test_failure,Traceback (most recent call last),384
44,task_003458_cafb7c65,5,170,1.0,traceback_in_exit0,traceback_only_no_test_failure,Traceback (most recent call last),827
44,task_003458_cafb7c65,5,171,0.0,tests_failed_in_exit0,unexplained_exit0_with_test_failure,4 failed,4896
44,task_003458_cafb7c65,5,172,0.0,tests_failed_in_exit0,unexplained_exit0_with_test_failure,6 failed,1538
44,task_003458_cafb7c65,5,173,0.0,traceback_in_exit0,traceback_only_no_test_failure,Traceback (most recent call last),813
44,task_003458_cafb7c65,5,174,0.0,traceback_in_exit0,traceback_only_no_test_failure,Traceback (most recent call last),661
44,task_003458_cafb7c65,5,175,0.0,traceback_in_exit0,traceback_only_no_test_failure,Traceback (most recent call last),817
44,task_003458_cafb7c65,5,176,1.0,traceback_in_exit0,traceback_only_no_test_failure,Traceback (most recent call last),3061
44,task_003458_cafb7c65,5,177,0.0,tests_failed_in_exit0,unexplained_exit0_with_test_failure,3 failed,2786
44,task_003458_cafb7c65,5,181,0.0,traceback_in_exit0,traceback_only_no_test_failure,Traceback (most recent call last),295
44,task_003458_cafb7c65,5,183,0.0,tests_failed_in_exit0,unexplained_exit0_with_test_failure,2 failed,2918
44,task_003458_cafb7c65,5,185,0.0,tests_failed_in_exit0,pytest_collection_error,error during collection,1181
44,task_003458_cafb7c65,5,186,0.0,tests_failed_in_exit0,pytest_collection_error,error during collection,3751
44,task_003458_cafb7c65,5,188,0.0,traceback_in_exit0,traceback_only_no_test_failure,Traceback (most recent call last),831
44,task_003458_cafb7c65,5,189,0.0,traceback_in_exit0,traceback_only_no_test_failure,Traceback (most recent call last),643
44,task_003458_cafb7c65,5,190,0.0,tests_failed_in_exit0,unexplained_exit0_with_test_failure,3 failed,1261
44,task_003458_cafb7c65,5,191,0.0,tests_failed_in_exit0,unexplained_exit0_with_test_failure,1 failed,2245
45,task_002817_855e906d,4,136,1.0,traceback_in_exit0,traceback_only_no_test_failure,Traceback (most recent call last),122
45,task_002426_3387a32e,6,192,1.0,traceback_in_exit0,traceback_only_no_test_failure,Traceback (most recent call last),141
45,task_002426_3387a32e,6,194,1.0,traceback_in_exit0,traceback_only_no_test_failure,Traceback (most recent call last),112
45,task_002426_3387a32e,6,205,0.0,traceback_in_exit0,traceback_only_no_test_failure,Traceback (most recent call last),299
45,task_002426_3387a32e,6,218,1.0,traceback_in_exit0,traceback_only_no_test_failure,Traceback (most recent call last),489
45,task_002426_3387a32e,6,222,1.0,traceback_in_exit0,traceback_only_no_test_failure,Traceback (most recent call last),490
45,task_002426_3387a32e,6,223,1.0,traceback_in_exit0,traceback_only_no_test_failure,Traceback (most recent call last),726
46,task_009286_6fae955c,0,0,1.0,traceback_in_exit0,traceback_only_no_test_failure,Traceback (most recent call last),140
46,task_009286_6fae955c,0,3,1.0,tests_failed_in_exit0,unexplained_exit0_with_test_failure,1 failed,1338
46,task_009286_6fae955c,0,13,1.0,traceback_in_exit0,traceback_only_no_test_failure,Traceback (most recent call last),156
46,task_009286_6fae955c,0,17,1.0,tests_failed_in_exit0,unexplained_exit0_with_test_failure,1 failed,1723
46,task_009286_6fae955c,0,18,1.0,tests_failed_in_exit0,unexplained_exit0_with_test_failure,1 failed,1206
46,task_009286_6fae955c,0,22,1.0,tests_failed_in_exit0,unexplained_exit0_with_test_failure,1 failed,1724
46,task_009286_6fae955c,0,25,1.0,tests_failed_in_exit0,unexplained_exit0_with_test_failure,1 failed,1854
46,task_009286_6fae955c,0,29,1.0,tests_failed_in_exit0,unexplained_exit0_with_test_failure,1 failed,1861
46,task_009286_6fae955c,0,30,0.0,tests_failed_in_exit0,pytest_collection_error,error during collection,1171
46,task_000242_a7c92760,1,42,1.0,traceback_in_exit0,traceback_only_no_test_failure,Traceback (most recent call last),348
46,task_000242_a7c92760,1,48,0.0,traceback_in_exit0,traceback_only_no_test_failure,Traceback (most recent call last),306
46,task_000242_a7c92760,1,58,1.0,traceback_in_exit0,traceback_only_no_test_failure,Traceback (most recent call last),2840
46,task_000025_b3c538ae,2,64,1.0,tests_failed_in_exit0,pytest_collection_error,error during collection,862
46,task_000025_b3c538ae,2,65,1.0,tests_failed_in_exit0,unexplained_exit0_with_test_failure,1 failed,1953
46,task_000025_b3c538ae,2,66,1.0,tests_failed_in_exit0,pytest_collection_error,error during collection,1059
46,task_000025_b3c538ae,2,67,1.0,tests_failed_in_exit0,pytest_collection_error,error during collection,884
46,task_000025_b3c538ae,2,69,1.0,tests_failed_in_exit0,pytest_collection_error,error during collection,1878
46,task_000025_b3c538ae,2,70,0.0,tests_failed_in_exit0,unexplained_exit0_with_test_failure,1 failed,2014
46,task_000025_b3c538ae,2,71,1.0,tests_failed_in_exit0,pytest_collection_error,error during collection,887
46,task_000025_b3c538ae,2,72,1.0,traceback_in_exit0,traceback_only_no_test_failure,Traceback (most recent call last),4373
46,task_000025_b3c538ae,2,74,1.0,tests_failed_in_exit0,pytest_collection_error,error during collection,960
46,task_000025_b3c538ae,2,76,1.0,tests_failed_in_exit0,unexplained_exit0_with_test_failure,2 failed,2100
46,task_000025_b3c538ae,2,77,1.0,tests_failed_in_exit0,unexplained_exit0_with_test_failure,3 failed,4343
46,task_000025_b3c538ae,2,79,1.0,tests_failed_in_exit0,unexplained_exit0_with_test_failure,1 failed,2024
46,task_000025_b3c538ae,2,80,1.0,tests_failed_in_exit0,unexplained_exit0_with_test_failure,1 failed,2457
46,task_000025_b3c538ae,2,81,1.0,tests_failed_in_exit0,unexplained_exit0_with_test_failure,3 failed,5431
46,task_000025_b3c538ae,2,82,1.0,tests_failed_in_exit0,pytest_collection_error,error during collection,2041
46,task_000025_b3c538ae,2,83,1.0,tests_failed_in_exit0,unexplained_exit0_with_test_failure,1 failed,4626
46,task_000025_b3c538ae,2,84,0.0,tests_failed_in_exit0,unexplained_exit0_with_test_failure,1 failed,2254
46,task_000025_b3c538ae,2,85,1.0,tests_failed_in_exit0,unexplained_exit0_with_test_failure,1 failed,3534
46,task_000025_b3c538ae,2,87,1.0,tests_failed_in_exit0,unexplained_exit0_with_test_failure_with_traceback,1 failed,3396
46,task_000025_b3c538ae,2,88,1.0,tests_failed_in_exit0,pytest_collection_error,error during collection,1241
46,task_000025_b3c538ae,2,89,1.0,tests_failed_in_exit0,unexplained_exit0_with_test_failure,1 failed,1633
46,task_000025_b3c538ae,2,91,1.0,tests_failed_in_exit0,pytest_collection_error,error during collection,1995
46,task_000025_b3c538ae,2,92,1.0,tests_failed_in_exit0,pytest_collection_error,error during collection,921
46,task_000025_b3c538ae,2,93,1.0,tests_failed_in_exit0,unexplained_exit0_with_test_failure,2 failed,2651
46,task_000025_b3c538ae,2,95,1.0,tests_failed_in_exit0,unexplained_exit0_with_test_failure,2 failed,2298
46,task_002547_39b70784,3,104,0.0,traceback_in_exit0,traceback_only_no_test_failure,Traceback (most recent call last),145
46,task_002547_39b70784,3,109,0.0,traceback_in_exit0,traceback_only_no_test_failure,Traceback (most recent call last),145
46,task_002547_39b70784,3,112,1.0,traceback_in_exit0,traceback_only_no_test_failure,Traceback (most recent call last),145
46,task_002547_39b70784,3,117,1.0,traceback_in_exit0,traceback_only_no_test_failure,Traceback (most recent call last),588
46,task_000222_77f3460c,4,143,0.0,traceback_in_exit0,traceback_only_no_test_failure,Traceback (most recent call last),266
46,task_005402_f4ef96c7,5,160,1.0,traceback_in_exit0,traceback_only_no_test_failure,Traceback (most recent call last),259
46,task_005402_f4ef96c7,5,161,0.0,traceback_in_exit0,traceback_only_no_test_failure,Traceback (most recent call last),597
46,task_005402_f4ef96c7,5,162,0.0,traceback_in_exit0,traceback_only_no_test_failure,Traceback (most recent call last),1445
46,task_005402_f4ef96c7,5,163,1.0,traceback_in_exit0,traceback_only_no_test_failure,Traceback (most recent call last),1209
46,task_005402_f4ef96c7,5,164,1.0,traceback_in_exit0,traceback_only_no_test_failure,Traceback (most recent call last),150
46,task_005402_f4ef96c7,5,165,0.0,traceback_in_exit0,traceback_only_no_test_failure,Traceback (most recent call last),221
46,task_005402_f4ef96c7,5,166,0.0,traceback_in_exit0,traceback_only_no_test_failure,Traceback (most recent call last),632
46,task_005402_f4ef96c7,5,167,0.0,traceback_in_exit0,traceback_only_no_test_failure,Traceback (most recent call last),1882
46,task_005402_f4ef96c7,5,168,0.0,traceback_in_exit0,traceback_only_no_test_failure,Traceback (most recent call last),112
46,task_005402_f4ef96c7,5,169,0.0,traceback_in_exit0,traceback_only_no_test_failure,Traceback (most recent call last),1512
46,task_005402_f4ef96c7,5,170,0.0,traceback_in_exit0,traceback_only_no_test_failure,Traceback (most recent call last),213
46,task_005402_f4ef96c7,5,172,0.0,traceback_in_exit0,traceback_only_no_test_failure,Traceback (most recent call last),1946
46,task_005402_f4ef96c7,5,173,0.0,traceback_in_exit0,traceback_only_no_test_failure,Traceback (most recent call last),10543
46,task_005402_f4ef96c7,5,175,0.0,traceback_in_exit0,traceback_only_no_test_failure,Traceback (most recent call last),1195
46,task_005402_f4ef96c7,5,176,0.0,traceback_in_exit0,traceback_only_no_test_failure,Traceback (most recent call last),1314
46,task_005402_f4ef96c7,5,177,0.0,traceback_in_exit0,traceback_only_no_test_failure,Traceback (most recent call last),1789
46,task_005402_f4ef96c7,5,178,0.0,traceback_in_exit0,traceback_only_no_test_failure,Traceback (most recent call last),1277
46,task_005402_f4ef96c7,5,180,0.0,traceback_in_exit0,traceback_only_no_test_failure,Traceback (most recent call last),1214
46,task_005402_f4ef96c7,5,181,0.0,traceback_in_exit0,traceback_only_no_test_failure,Traceback (most recent call last),976
46,task_005402_f4ef96c7,5,182,0.0,traceback_in_exit0,traceback_only_no_test_failure,Traceback (most recent call last),1193
46,task_005402_f4ef96c7,5,183,0.0,traceback_in_exit0,traceback_only_no_test_failure,Traceback (most recent call last),1823
46,task_005402_f4ef96c7,5,184,0.0,traceback_in_exit0,traceback_only_no_test_failure,Traceback (most recent call last),1138
46,task_005402_f4ef96c7,5,185,0.0,traceback_in_exit0,traceback_only_no_test_failure,Traceback (most recent call last),10543
46,task_005402_f4ef96c7,5,186,0.0,traceback_in_exit0,traceback_only_no_test_failure,Traceback (most recent call last),1016
46,task_005402_f4ef96c7,5,187,0.0,traceback_in_exit0,traceback_only_no_test_failure,Traceback (most recent call last),1698
46,task_005402_f4ef96c7,5,188,0.0,traceback_in_exit0,traceback_only_no_test_failure,Traceback (most recent call last),643
46,task_005402_f4ef96c7,5,189,1.0,traceback_in_exit0,traceback_only_no_test_failure,Traceback (most recent call last),1187
46,task_005402_f4ef96c7,5,190,0.0,traceback_in_exit0,traceback_only_no_test_failure,Traceback (most recent call last),1239
46,task_005402_f4ef96c7,5,191,0.0,traceback_in_exit0,traceback_only_no_test_failure,Traceback (most recent call last),8767
47,task_002441_78b59ad3,0,3,1.0,traceback_in_exit0,traceback_only_no_test_failure,Traceback (most recent call last),507
47,task_002441_78b59ad3,0,27,1.0,traceback_in_exit0,traceback_only_no_test_failure,Traceback (most recent call last),169
47,task_005291_b1f879cf,1,41,1.0,traceback_in_exit0,traceback_only_no_test_failure,Traceback (most recent call last),113
47,task_005291_b1f879cf,1,53,1.0,traceback_in_exit0,traceback_only_no_test_failure,Traceback (most recent call last),948
47,task_008789_f642ef09,2,85,1.0,traceback_in_exit0,traceback_only_no_test_failure,Traceback (most recent call last),981
47,task_008789_f642ef09,2,86,1.0,traceback_in_exit0,traceback_only_no_test_failure,Traceback (most recent call last),908
47,task_004698_140d0ae6,3,96,1.0,traceback_in_exit0,traceback_only_no_test_failure,Traceback (most recent call last),323
47,task_004698_140d0ae6,3,97,1.0,traceback_in_exit0,traceback_only_no_test_failure,Traceback (most recent call last),457
47,task_004698_140d0ae6,3,99,1.0,traceback_in_exit0,traceback_only_no_test_failure,Traceback (most recent call last),323
47,task_004698_140d0ae6,3,100,1.0,traceback_in_exit0,traceback_only_no_test_failure,Traceback (most recent call last),323
47,task_004698_140d0ae6,3,101,1.0,traceback_in_exit0,traceback_only_no_test_failure,Traceback (most recent call last),323
47,task_004698_140d0ae6,3,102,1.0,traceback_in_exit0,traceback_only_no_test_failure,Traceback (most recent call last),323
47,task_004698_140d0ae6,3,105,1.0,traceback_in_exit0,traceback_only_no_test_failure,Traceback (most recent call last),274
47,task_004698_140d0ae6,3,108,1.0,traceback_in_exit0,traceback_only_no_test_failure,Traceback (most recent call last),126
47,task_004698_140d0ae6,3,109,1.0,traceback_in_exit0,traceback_only_no_test_failure,Traceback (most recent call last),323
47,task_004698_140d0ae6,3,113,1.0,traceback_in_exit0,traceback_only_no_test_failure,Traceback (most recent call last),323
47,task_004698_140d0ae6,3,114,1.0,traceback_in_exit0,traceback_only_no_test_failure,Traceback (most recent call last),323
47,task_004698_140d0ae6,3,115,1.0,traceback_in_exit0,traceback_only_no_test_failure,Traceback (most recent call last),318
47,task_004698_140d0ae6,3,117,1.0,traceback_in_exit0,traceback_only_no_test_failure,Traceback (most recent call last),323
47,task_004698_140d0ae6,3,118,1.0,traceback_in_exit0,traceback_only_no_test_failure,Traceback (most recent call last),274
47,task_004698_140d0ae6,3,119,1.0,traceback_in_exit0,traceback_only_no_test_failure,Traceback (most recent call last),274
47,task_004698_140d0ae6,3,120,1.0,traceback_in_exit0,traceback_only_no_test_failure,Traceback (most recent call last),302
47,task_004698_140d0ae6,3,121,1.0,traceback_in_exit0,traceback_only_no_test_failure,Traceback (most recent call last),323
47,task_004698_140d0ae6,3,122,1.0,traceback_in_exit0,traceback_only_no_test_failure,Traceback (most recent call last),331
47,task_004698_140d0ae6,3,123,1.0,traceback_in_exit0,traceback_only_no_test_failure,Traceback (most recent call last),456
47,task_004698_140d0ae6,3,124,1.0,traceback_in_exit0,traceback_only_no_test_failure,Traceback (most recent call last),323
47,task_004698_140d0ae6,3,126,1.0,traceback_in_exit0,traceback_only_no_test_failure,Traceback (most recent call last),323
47,task_004698_140d0ae6,3,127,1.0,traceback_in_exit0,traceback_only_no_test_failure,Traceback (most recent call last),324
47,task_000069_2eca5e51,4,131,0.0,traceback_in_exit0,traceback_only_no_test_failure,Traceback (most recent call last),123
47,task_000069_2eca5e51,4,135,0.0,traceback_in_exit0,traceback_only_no_test_failure,Traceback (most recent call last),444
47,task_000069_2eca5e51,4,148,0.0,traceback_in_exit0,traceback_only_no_test_failure,Traceback (most recent call last),395
47,task_000069_2eca5e51,4,149,0.0,traceback_in_exit0,traceback_only_no_test_failure,Traceback (most recent call last),400
47,task_000069_2eca5e51,4,155,0.0,traceback_in_exit0,traceback_only_no_test_failure,Traceback (most recent call last),345
47,task_002936_b171e497,5,165,0.0,traceback_in_exit0,traceback_only_no_test_failure,Traceback (most recent call last),422
47,task_002936_b171e497,5,166,1.0,traceback_in_exit0,traceback_only_no_test_failure,Traceback (most recent call last),120
47,task_002936_b171e497,5,171,0.0,traceback_in_exit0,traceback_only_no_test_failure,Traceback (most recent call last),111
47,task_002936_b171e497,5,182,1.0,traceback_in_exit0,traceback_only_no_test_failure,Traceback (most recent call last),142
47,task_000742_084d8048,6,221,1.0,tests_failed_in_exit0,unexplained_exit0_with_test_failure,5 failed,396
47,task_003392_9227fe11,7,224,1.0,tests_failed_in_exit0,unexplained_exit0_with_test_failure,1 failed,810
47,task_003392_9227fe11,7,225,1.0,tests_failed_in_exit0,unexplained_exit0_with_test_failure_with_traceback,2 failed,8909
47,task_003392_9227fe11,7,226,0.0,traceback_in_exit0,traceback_only_no_test_failure,Traceback (most recent call last),558
47,task_003392_9227fe11,7,227,0.0,tests_failed_in_exit0,pytest_collection_error,error during collection,1159
47,task_003392_9227fe11,7,229,0.0,tests_failed_in_exit0,unexplained_exit0_with_test_failure,1 failed,1172
47,task_003392_9227fe11,7,231,0.0,tests_failed_in_exit0,unexplained_exit0_with_test_failure_with_traceback,1 failed,1723
47,task_003392_9227fe11,7,232,0.0,tests_failed_in_exit0,unexplained_exit0_with_test_failure,2 failed,1203
47,task_003392_9227fe11,7,233,1.0,traceback_in_exit0,traceback_only_no_test_failure,Traceback (most recent call last),10436
47,task_003392_9227fe11,7,234,1.0,tests_failed_in_exit0,unexplained_exit0_with_test_failure,1 failed,1172
47,task_003392_9227fe11,7,235,0.0,tests_failed_in_exit0,unexplained_exit0_with_test_failure,1 failed,1948
47,task_003392_9227fe11,7,236,0.0,traceback_in_exit0,traceback_only_no_test_failure,Traceback (most recent call last),3923
47,task_003392_9227fe11,7,237,1.0,traceback_in_exit0,traceback_only_no_test_failure,Traceback (most recent call last),3698
47,task_003392_9227fe11,7,238,1.0,tests_failed_in_exit0,unexplained_exit0_with_test_failure,1 failed,1983
47,task_003392_9227fe11,7,241,0.0,tests_failed_in_exit0,unexplained_exit0_with_test_failure,1 failed,1983
47,task_003392_9227fe11,7,243,0.0,tests_failed_in_exit0,unexplained_exit0_with_test_failure_with_traceback,2 failed,8107
47,task_003392_9227fe11,7,245,0.0,tests_failed_in_exit0,unexplained_exit0_with_test_failure,1 failed,1983
47,task_003392_9227fe11,7,246,0.0,traceback_in_exit0,traceback_only_no_test_failure,Traceback (most recent call last),1730
47,task_003392_9227fe11,7,247,0.0,tests_failed_in_exit0,unexplained_exit0_with_test_failure,1 failed,1172
47,task_003392_9227fe11,7,248,1.0,traceback_in_exit0,traceback_only_no_test_failure,Traceback (most recent call last),2260
47,task_003392_9227fe11,7,249,0.0,tests_failed_in_exit0,unexplained_exit0_with_test_failure,1 failed,1983
47,task_003392_9227fe11,7,251,0.0,traceback_in_exit0,traceback_only_no_test_failure,Traceback (most recent call last),5025
47,task_003392_9227fe11,7,253,0.0,tests_failed_in_exit0,unexplained_exit0_with_test_failure_with_traceback,1 failed,1723
47,task_003392_9227fe11,7,254,0.0,tests_failed_in_exit0,unexplained_exit0_with_test_failure,1 failed,1172
47,task_003392_9227fe11,7,255,1.0,tests_failed_in_exit0,unexplained_exit0_with_test_failure,1 failed,1172
48,task_000937_733c66c6,3,97,1.0,traceback_in_exit0,traceback_only_no_test_failure,Traceback (most recent call last),149
48,task_000937_733c66c6,3,100,1.0,traceback_in_exit0,traceback_only_no_test_failure,Traceback (most recent call last),205
48,task_000937_733c66c6,3,101,0.0,traceback_in_exit0,traceback_only_no_test_failure,Traceback (most recent call last),257
48,task_000937_733c66c6,3,105,1.0,traceback_in_exit0,traceback_only_no_test_failure,Traceback (most recent call last),142
48,task_000937_733c66c6,3,106,1.0,traceback_in_exit0,traceback_only_no_test_failure,Traceback (most recent call last),152
48,task_000937_733c66c6,3,107,0.0,traceback_in_exit0,traceback_only_no_test_failure,Traceback (most recent call last),397
48,task_000937_733c66c6,3,110,1.0,traceback_in_exit0,traceback_only_no_test_failure,Traceback (most recent call last),126
48,task_000937_733c66c6,3,115,1.0,traceback_in_exit0,traceback_only_no_test_failure,Traceback (most recent call last),161
48,task_000937_733c66c6,3,117,1.0,traceback_in_exit0,traceback_only_no_test_failure,Traceback (most recent call last),191
48,task_000937_733c66c6,3,121,0.0,traceback_in_exit0,traceback_only_no_test_failure,Traceback (most recent call last),121
48,task_000937_733c66c6,3,122,1.0,traceback_in_exit0,traceback_only_no_test_failure,Traceback (most recent call last),126
48,task_008433_9fc30824,4,136,1.0,traceback_in_exit0,traceback_only_no_test_failure,Traceback (most recent call last),184
48,task_008433_9fc30824,4,140,0.0,traceback_in_exit0,traceback_only_no_test_failure,Traceback (most recent call last),289
48,task_006300_7c4e82f3,6,207,1.0,traceback_in_exit0,traceback_only_no_test_failure,Traceback (most recent call last),227
48,task_002954_5f63b623,7,240,1.0,traceback_in_exit0,traceback_only_no_test_failure,Traceback (most recent call last),197
49,task_003156_eec60e6c,6,204,1.0,traceback_in_exit0,traceback_only_no_test_failure,Traceback (most recent call last),2828
49,task_003156_eec60e6c,6,211,1.0,traceback_in_exit0,traceback_only_no_test_failure,Traceback (most recent call last),718
50,task_000028_4d2376d0,0,4,1.0,traceback_in_exit0,traceback_only_no_test_failure,Traceback (most recent call last),2236
50,task_000028_4d2376d0,0,8,0.0,traceback_in_exit0,traceback_only_no_test_failure,Traceback (most recent call last),528
50,task_000028_4d2376d0,0,12,1.0,traceback_in_exit0,traceback_only_no_test_failure,Traceback (most recent call last),2124
50,task_000028_4d2376d0,0,24,1.0,traceback_in_exit0,traceback_only_no_test_failure,Traceback (most recent call last),752
50,task_000028_4d2376d0,0,25,0.0,traceback_in_exit0,traceback_only_no_test_failure,Traceback (most recent call last),323
50,task_000028_4d2376d0,0,30,1.0,traceback_in_exit0,traceback_only_no_test_failure,Traceback (most recent call last),550
50,task_005527_73bbcda9,4,128,1.0,traceback_in_exit0,traceback_only_no_test_failure,Traceback (most recent call last),1266
50,task_005527_73bbcda9,4,147,0.0,traceback_in_exit0,traceback_only_no_test_failure,Traceback (most recent call last),164
50,task_005527_73bbcda9,4,148,0.0,traceback_in_exit0,traceback_only_no_test_failure,Traceback (most recent call last),381
50,task_005527_73bbcda9,4,153,0.0,traceback_in_exit0,traceback_only_no_test_failure,Traceback (most recent call last),193
50,task_000070_a7d62d01,7,226,0.0,tests_failed_in_exit0,pytest_collection_error,error during collection,1382
50,task_000070_a7d62d01,7,227,0.0,traceback_in_exit0,traceback_only_no_test_failure,Traceback (most recent call last),131
50,task_000070_a7d62d01,7,228,0.0,traceback_in_exit0,traceback_only_no_test_failure,Traceback (most recent call last),778
50,task_000070_a7d62d01,7,230,0.0,traceback_in_exit0,traceback_only_no_test_failure,Traceback (most recent call last),228
50,task_000070_a7d62d01,7,232,0.0,traceback_in_exit0,traceback_only_no_test_failure,Traceback (most recent call last),151
50,task_000070_a7d62d01,7,238,0.0,traceback_in_exit0,traceback_only_no_test_failure,Traceback (most recent call last),138
50,task_000070_a7d62d01,7,239,0.0,traceback_in_exit0,traceback_only_no_test_failure,Traceback (most recent call last),673
50,task_000070_a7d62d01,7,240,0.0,traceback_in_exit0,traceback_only_no_test_failure,Traceback (most recent call last),587
50,task_000070_a7d62d01,7,242,0.0,traceback_in_exit0,traceback_only_no_test_failure,Traceback (most recent call last),144
50,task_000070_a7d62d01,7,244,1.0,traceback_in_exit0,traceback_only_no_test_failure,Traceback (most recent call last),169
50,task_000070_a7d62d01,7,246,0.0,traceback_in_exit0,traceback_only_no_test_failure,Traceback (most recent call last),1325
50,task_000070_a7d62d01,7,247,0.0,traceback_in_exit0,traceback_only_no_test_failure,Traceback (most recent call last),563
50,task_000070_a7d62d01,7,248,0.0,traceback_in_exit0,traceback_only_no_test_failure,Traceback (most recent call last),552
50,task_000070_a7d62d01,7,249,0.0,traceback_in_exit0,traceback_only_no_test_failure,Traceback (most recent call last),138
50,task_000070_a7d62d01,7,250,0.0,traceback_in_exit0,traceback_only_no_test_failure,Traceback (most recent call last),1153
50,task_000070_a7d62d01,7,251,0.0,traceback_in_exit0,traceback_only_no_test_failure,Traceback (most recent call last),205
50,task_000070_a7d62d01,7,252,0.0,traceback_in_exit0,traceback_only_no_test_failure,Traceback (most recent call last),605
50,task_000070_a7d62d01,7,253,0.0,traceback_in_exit0,traceback_only_no_test_failure,Traceback (most recent call last),132
50,task_000070_a7d62d01,7,254,0.0,traceback_in_exit0,traceback_only_no_test_failure,Traceback (most recent call last),170
51,task_006316_6605f876,1,44,1.0,traceback_in_exit0,traceback_only_no_test_failure,Traceback (most recent call last),296
51,task_001935_aff1bb1f,5,164,0.0,traceback_in_exit0,traceback_only_no_test_failure,Traceback (most recent call last),230
51,task_001935_aff1bb1f,5,174,0.0,traceback_in_exit0,traceback_only_no_test_failure,Traceback (most recent call last),187
51,task_001935_aff1bb1f,5,186,1.0,traceback_in_exit0,traceback_only_no_test_failure,Traceback (most recent call last),146
52,task_000966_374a6040,1,34,0.0,traceback_in_exit0,traceback_only_no_test_failure,Traceback (most recent call last),860
52,task_000966_374a6040,1,35,0.0,traceback_in_exit0,traceback_only_no_test_failure,Traceback (most recent call last),999
52,task_000966_374a6040,1,37,0.0,traceback_in_exit0,traceback_only_no_test_failure,Traceback (most recent call last),1019
52,task_000966_374a6040,1,38,1.0,traceback_in_exit0,traceback_only_no_test_failure,Traceback (most recent call last),597
52,task_000966_374a6040,1,39,0.0,traceback_in_exit0,traceback_only_no_test_failure,Traceback (most recent call last),904
52,task_000966_374a6040,1,41,0.0,traceback_in_exit0,traceback_only_no_test_failure,Traceback (most recent call last),982
52,task_000966_374a6040,1,43,0.0,traceback_in_exit0,traceback_only_no_test_failure,Traceback (most recent call last),769
52,task_000966_374a6040,1,44,0.0,traceback_in_exit0,traceback_only_no_test_failure,Traceback (most recent call last),992
52,task_000966_374a6040,1,47,1.0,traceback_in_exit0,traceback_only_no_test_failure,Traceback (most recent call last),1312
52,task_000966_374a6040,1,48,0.0,traceback_in_exit0,traceback_only_no_test_failure,Traceback (most recent call last),616
52,task_000966_374a6040,1,49,0.0,traceback_in_exit0,traceback_only_no_test_failure,Traceback (most recent call last),1404
52,task_000966_374a6040,1,50,0.0,traceback_in_exit0,traceback_only_no_test_failure,Traceback (most recent call last),610
52,task_000966_374a6040,1,51,1.0,traceback_in_exit0,traceback_only_no_test_failure,Traceback (most recent call last),820
52,task_000966_374a6040,1,54,0.0,traceback_in_exit0,traceback_only_no_test_failure,Traceback (most recent call last),909
52,task_000966_374a6040,1,56,0.0,traceback_in_exit0,traceback_only_no_test_failure,Traceback (most recent call last),637
52,task_000966_374a6040,1,59,1.0,traceback_in_exit0,traceback_only_no_test_failure,Traceback (most recent call last),430
52,task_000966_374a6040,1,62,0.0,traceback_in_exit0,traceback_only_no_test_failure,Traceback (most recent call last),493
52,task_001317_07818107,2,76,0.0,traceback_in_exit0,traceback_only_no_test_failure,Traceback (most recent call last),307
52,task_001205_5fdbb536,4,130,1.0,traceback_in_exit0,traceback_only_no_test_failure,Traceback (most recent call last),224
52,task_001205_5fdbb536,4,148,1.0,traceback_in_exit0,traceback_only_no_test_failure,Traceback (most recent call last),908
52,task_001205_5fdbb536,4,157,1.0,traceback_in_exit0,traceback_only_no_test_failure,Traceback (most recent call last),1334
53,task_004826_32166ab9,0,0,0.0,traceback_in_exit0,traceback_only_no_test_failure,Traceback (most recent call last),150
53,task_004826_32166ab9,0,3,0.0,traceback_in_exit0,traceback_only_no_test_failure,Traceback (most recent call last),145
53,task_004826_32166ab9,0,5,0.0,traceback_in_exit0,traceback_only_no_test_failure,Traceback (most recent call last),141
53,task_004826_32166ab9,0,9,0.0,traceback_in_exit0,traceback_only_no_test_failure,Traceback (most recent call last),182
53,task_004826_32166ab9,0,12,0.0,traceback_in_exit0,traceback_only_no_test_failure,Traceback (most recent call last),158
53,task_004826_32166ab9,0,13,0.0,traceback_in_exit0,traceback_only_no_test_failure,Traceback (most recent call last),682
53,task_004826_32166ab9,0,14,0.0,traceback_in_exit0,traceback_only_no_test_failure,Traceback (most recent call last),119
53,task_004826_32166ab9,0,18,0.0,traceback_in_exit0,traceback_only_no_test_failure,Traceback (most recent call last),673
53,task_004826_32166ab9,0,20,0.0,traceback_in_exit0,traceback_only_no_test_failure,Traceback (most recent call last),254
53,task_004826_32166ab9,0,22,0.0,traceback_in_exit0,traceback_only_no_test_failure,Traceback (most recent call last),142
53,task_004826_32166ab9,0,23,0.0,traceback_in_exit0,traceback_only_no_test_failure,Traceback (most recent call last),964
53,task_004826_32166ab9,0,27,0.0,traceback_in_exit0,traceback_only_no_test_failure,Traceback (most recent call last),265
53,task_004826_32166ab9,0,28,0.0,traceback_in_exit0,traceback_only_no_test_failure,Traceback (most recent call last),138
53,task_004826_32166ab9,0,29,0.0,traceback_in_exit0,traceback_only_no_test_failure,Traceback (most recent call last),144
53,task_004826_32166ab9,0,30,0.0,traceback_in_exit0,traceback_only_no_test_failure,Traceback (most recent call last),141
53,task_004826_32166ab9,0,31,0.0,traceback_in_exit0,traceback_only_no_test_failure,Traceback (most recent call last),145
53,task_002380_4d8549df,2,65,0.0,traceback_in_exit0,traceback_only_no_test_failure,Traceback (most recent call last),489
53,task_002380_4d8549df,2,81,0.0,traceback_in_exit0,traceback_only_no_test_failure,Traceback (most recent call last),173
53,task_001217_56df613c,3,115,1.0,traceback_in_exit0,traceback_only_no_test_failure,Traceback (most recent call last),331
55,task_004004_d5931747,0,15,0.0,traceback_in_exit0,traceback_only_no_test_failure,Traceback (most recent call last),604
55,task_004004_d5931747,0,17,1.0,traceback_in_exit0,traceback_only_no_test_failure,Traceback (most recent call last),210
55,task_004004_d5931747,0,22,1.0,traceback_in_exit0,traceback_only_no_test_failure,Traceback (most recent call last),574
55,task_004004_d5931747,0,24,0.0,traceback_in_exit0,traceback_only_no_test_failure,Traceback (most recent call last),221
55,task_004004_d5931747,0,29,0.0,tests_failed_in_exit0,unexplained_exit0_with_test_failure,1 failed,223
55,task_000531_c396c1e0,3,96,0.0,traceback_in_exit0,traceback_only_no_test_failure,Traceback (most recent call last),482
55,task_000531_c396c1e0,3,97,0.0,traceback_in_exit0,traceback_only_no_test_failure,Traceback (most recent call last),464
55,task_000531_c396c1e0,3,98,0.0,traceback_in_exit0,traceback_only_no_test_failure,Traceback (most recent call last),464
55,task_000531_c396c1e0,3,100,0.0,traceback_in_exit0,traceback_only_no_test_failure,Traceback (most recent call last),464
55,task_000531_c396c1e0,3,104,1.0,traceback_in_exit0,traceback_only_no_test_failure,Traceback (most recent call last),464
55,task_000531_c396c1e0,3,105,1.0,traceback_in_exit0,traceback_only_no_test_failure,Traceback (most recent call last),186
55,task_000531_c396c1e0,3,106,1.0,traceback_in_exit0,traceback_only_no_test_failure,Traceback (most recent call last),441
55,task_000531_c396c1e0,3,107,0.0,traceback_in_exit0,traceback_only_no_test_failure,Traceback (most recent call last),441
55,task_000531_c396c1e0,3,108,1.0,traceback_in_exit0,traceback_only_no_test_failure,Traceback (most recent call last),464
55,task_000531_c396c1e0,3,109,0.0,traceback_in_exit0,traceback_only_no_test_failure,Traceback (most recent call last),464
55,task_000531_c396c1e0,3,110,0.0,traceback_in_exit0,traceback_only_no_test_failure,Traceback (most recent call last),259
55,task_000531_c396c1e0,3,111,0.0,traceback_in_exit0,traceback_only_no_test_failure,Traceback (most recent call last),463
55,task_000531_c396c1e0,3,112,1.0,traceback_in_exit0,traceback_only_no_test_failure,Traceback (most recent call last),495
55,task_000531_c396c1e0,3,116,1.0,traceback_in_exit0,traceback_only_no_test_failure,Traceback (most recent call last),464
55,task_000531_c396c1e0,3,117,0.0,traceback_in_exit0,traceback_only_no_test_failure,Traceback (most recent call last),464
55,task_000531_c396c1e0,3,119,0.0,traceback_in_exit0,traceback_only_no_test_failure,Traceback (most recent call last),464
55,task_000531_c396c1e0,3,120,1.0,traceback_in_exit0,traceback_only_no_test_failure,Traceback (most recent call last),464
55,task_000531_c396c1e0,3,121,1.0,traceback_in_exit0,traceback_only_no_test_failure,Traceback (most recent call last),464
55,task_000531_c396c1e0,3,123,1.0,traceback_in_exit0,traceback_only_no_test_failure,Traceback (most recent call last),880
55,task_000531_c396c1e0,3,124,0.0,traceback_in_exit0,traceback_only_no_test_failure,Traceback (most recent call last),464
55,task_000531_c396c1e0,3,126,0.0,traceback_in_exit0,traceback_only_no_test_failure,Traceback (most recent call last),467
55,task_000531_c396c1e0,3,127,0.0,traceback_in_exit0,traceback_only_no_test_failure,Traceback (most recent call last),464
55,task_008385_28a5fe27,5,181,1.0,traceback_in_exit0,traceback_only_no_test_failure,Traceback (most recent call last),136
55,task_008385_28a5fe27,5,191,1.0,traceback_in_exit0,traceback_only_no_test_failure,Traceback (most recent call last),151
56,task_000875_0cec6314,0,12,1.0,traceback_in_exit0,traceback_only_no_test_failure,Traceback (most recent call last),299
56,task_000592_801a8bd4,3,96,0.0,traceback_in_exit0,traceback_only_no_test_failure,Traceback (most recent call last),177
56,task_000592_801a8bd4,3,98,0.0,traceback_in_exit0,traceback_only_no_test_failure,Traceback (most recent call last),920
56,task_000592_801a8bd4,3,99,1.0,traceback_in_exit0,traceback_only_no_test_failure,Traceback (most recent call last),372
56,task_000592_801a8bd4,3,100,0.0,traceback_in_exit0,traceback_only_no_test_failure,Traceback (most recent call last),366
56,task_000592_801a8bd4,3,101,0.0,traceback_in_exit0,traceback_only_no_test_failure,Traceback (most recent call last),692
56,task_000592_801a8bd4,3,102,0.0,traceback_in_exit0,traceback_only_no_test_failure,Traceback (most recent call last),342
56,task_000592_801a8bd4,3,103,0.0,traceback_in_exit0,traceback_only_no_test_failure,Traceback (most recent call last),200
56,task_000592_801a8bd4,3,104,0.0,traceback_in_exit0,traceback_only_no_test_failure,Traceback (most recent call last),317
56,task_000592_801a8bd4,3,106,0.0,traceback_in_exit0,traceback_only_no_test_failure,Traceback (most recent call last),390
56,task_000592_801a8bd4,3,107,0.0,traceback_in_exit0,traceback_only_no_test_failure,Traceback (most recent call last),973
56,task_000592_801a8bd4,3,108,0.0,traceback_in_exit0,traceback_only_no_test_failure,Traceback (most recent call last),372
56,task_000592_801a8bd4,3,110,0.0,traceback_in_exit0,traceback_only_no_test_failure,Traceback (most recent call last),366
56,task_000592_801a8bd4,3,111,0.0,traceback_in_exit0,traceback_only_no_test_failure,Traceback (most recent call last),311
56,task_000592_801a8bd4,3,112,0.0,traceback_in_exit0,traceback_only_no_test_failure,Traceback (most recent call last),146
56,task_000592_801a8bd4,3,113,0.0,traceback_in_exit0,traceback_only_no_test_failure,Traceback (most recent call last),181
56,task_000592_801a8bd4,3,114,0.0,traceback_in_exit0,traceback_only_no_test_failure,Traceback (most recent call last),186
56,task_000592_801a8bd4,3,117,0.0,traceback_in_exit0,traceback_only_no_test_failure,Traceback (most recent call last),1340
56,task_000592_801a8bd4,3,118,0.0,traceback_in_exit0,traceback_only_no_test_failure,Traceback (most recent call last),317
56,task_000592_801a8bd4,3,119,1.0,traceback_in_exit0,traceback_only_no_test_failure,Traceback (most recent call last),1468
56,task_000592_801a8bd4,3,123,1.0,traceback_in_exit0,traceback_only_no_test_failure,Traceback (most recent call last),420
56,task_000592_801a8bd4,3,124,0.0,traceback_in_exit0,traceback_only_no_test_failure,Traceback (most recent call last),404
56,task_000592_801a8bd4,3,125,0.0,traceback_in_exit0,traceback_only_no_test_failure,Traceback (most recent call last),394
56,task_000592_801a8bd4,3,126,0.0,traceback_in_exit0,traceback_only_no_test_failure,Traceback (most recent call last),543
56,task_000592_801a8bd4,3,127,0.0,traceback_in_exit0,traceback_only_no_test_failure,Traceback (most recent call last),370
56,task_004471_81d05d5a,4,128,1.0,traceback_in_exit0,traceback_only_no_test_failure,Traceback (most recent call last),405
56,task_004471_81d05d5a,4,131,1.0,traceback_in_exit0,traceback_only_no_test_failure,Traceback (most recent call last),429
56,task_004471_81d05d5a,4,133,0.0,traceback_in_exit0,traceback_only_no_test_failure,Traceback (most recent call last),188
56,task_004471_81d05d5a,4,136,1.0,traceback_in_exit0,traceback_only_no_test_failure,Traceback (most recent call last),133
56,task_004471_81d05d5a,4,137,1.0,traceback_in_exit0,traceback_only_no_test_failure,Traceback (most recent call last),203
56,task_004471_81d05d5a,4,139,1.0,traceback_in_exit0,traceback_only_no_test_failure,Traceback (most recent call last),130
56,task_004471_81d05d5a,4,141,1.0,traceback_in_exit0,traceback_only_no_test_failure,Traceback (most recent call last),716
56,task_004471_81d05d5a,4,144,1.0,traceback_in_exit0,traceback_only_no_test_failure,Traceback (most recent call last),517
56,task_004471_81d05d5a,4,151,1.0,traceback_in_exit0,traceback_only_no_test_failure,Traceback (most recent call last),133
56,task_004471_81d05d5a,4,152,0.0,traceback_in_exit0,traceback_only_no_test_failure,Traceback (most recent call last),320
56,task_004471_81d05d5a,4,157,1.0,traceback_in_exit0,traceback_only_no_test_failure,Traceback (most recent call last),125
56,task_004471_81d05d5a,4,159,1.0,traceback_in_exit0,traceback_only_no_test_failure,Traceback (most recent call last),306
56,task_001071_336be3b9,6,193,0.0,traceback_in_exit0,traceback_only_no_test_failure,Traceback (most recent call last),126
56,task_001071_336be3b9,6,208,0.0,traceback_in_exit0,traceback_only_no_test_failure,Traceback (most recent call last),153
57,task_007416_fed6b506,2,68,0.0,traceback_in_exit0,traceback_only_no_test_failure,Traceback (most recent call last),2750
57,task_007416_fed6b506,2,71,0.0,traceback_in_exit0,traceback_only_no_test_failure,Traceback (most recent call last),917
57,task_007416_fed6b506,2,72,0.0,traceback_in_exit0,traceback_only_no_test_failure,Traceback (most recent call last),392
57,task_007416_fed6b506,2,78,0.0,traceback_in_exit0,traceback_only_no_test_failure,Traceback (most recent call last),1823
57,task_007416_fed6b506,2,79,0.0,traceback_in_exit0,traceback_only_no_test_failure,Traceback (most recent call last),2870
57,task_007416_fed6b506,2,82,0.0,traceback_in_exit0,traceback_only_no_test_failure,Traceback (most recent call last),1664
57,task_007416_fed6b506,2,83,0.0,traceback_in_exit0,traceback_only_no_test_failure,Traceback (most recent call last),661
57,task_007416_fed6b506,2,85,0.0,traceback_in_exit0,traceback_only_no_test_failure,Traceback (most recent call last),2009
57,task_007416_fed6b506,2,89,0.0,traceback_in_exit0,traceback_only_no_test_failure,Traceback (most recent call last),451
57,task_007416_fed6b506,2,93,0.0,traceback_in_exit0,traceback_only_no_test_failure,Traceback (most recent call last),2700
57,task_006338_32cb4d74,3,106,0.0,traceback_in_exit0,traceback_only_no_test_failure,Traceback (most recent call last),206
57,task_007605_2fa003cb,4,128,0.0,traceback_in_exit0,traceback_only_no_test_failure,Traceback (most recent call last),10542
57,task_007605_2fa003cb,4,129,1.0,traceback_in_exit0,traceback_only_no_test_failure,Traceback (most recent call last),10542
57,task_007605_2fa003cb,4,130,0.0,traceback_in_exit0,traceback_only_no_test_failure,Traceback (most recent call last),10542
57,task_007605_2fa003cb,4,131,1.0,traceback_in_exit0,traceback_only_no_test_failure,Traceback (most recent call last),10542
57,task_007605_2fa003cb,4,133,0.0,traceback_in_exit0,traceback_only_no_test_failure,Traceback (most recent call last),10542
57,task_007605_2fa003cb,4,135,1.0,traceback_in_exit0,traceback_only_no_test_failure,Traceback (most recent call last),10542
57,task_007605_2fa003cb,4,136,0.0,traceback_in_exit0,traceback_only_no_test_failure,Traceback (most recent call last),10542
57,task_007605_2fa003cb,4,139,1.0,traceback_in_exit0,traceback_only_no_test_failure,Traceback (most recent call last),10542
57,task_007605_2fa003cb,4,145,1.0,traceback_in_exit0,traceback_only_no_test_failure,Traceback (most recent call last),10542
57,task_007605_2fa003cb,4,148,1.0,traceback_in_exit0,traceback_only_no_test_failure,Traceback (most recent call last),10542
57,task_007605_2fa003cb,4,149,0.0,traceback_in_exit0,traceback_only_no_test_failure,Traceback (most recent call last),10542
57,task_007605_2fa003cb,4,151,1.0,traceback_in_exit0,traceback_only_no_test_failure,Traceback (most recent call last),10542
57,task_007605_2fa003cb,4,152,1.0,traceback_in_exit0,traceback_only_no_test_failure,Traceback (most recent call last),10542
57,task_007605_2fa003cb,4,153,1.0,traceback_in_exit0,traceback_only_no_test_failure,Traceback (most recent call last),10542
57,task_007605_2fa003cb,4,154,0.0,traceback_in_exit0,traceback_only_no_test_failure,Traceback (most recent call last),10542
57,task_007605_2fa003cb,4,158,1.0,traceback_in_exit0,traceback_only_no_test_failure,Traceback (most recent call last),10541
57,task_007605_2fa003cb,4,159,1.0,traceback_in_exit0,traceback_only_no_test_failure,Traceback (most recent call last),10542
57,task_004455_ecb36e81,6,201,1.0,traceback_in_exit0,traceback_only_no_test_failure,Traceback (most recent call last),10542
57,task_004455_ecb36e81,6,222,0.0,tests_failed_in_exit0,unexplained_exit0_with_test_failure,2 failed,453
58,task_003453_0e8fef25,2,72,0.0,traceback_in_exit0,traceback_only_no_test_failure,Traceback (most recent call last),244
58,task_003453_0e8fef25,2,80,1.0,traceback_in_exit0,traceback_only_no_test_failure,Traceback (most recent call last),268
58,task_003453_0e8fef25,2,87,0.0,traceback_in_exit0,traceback_only_no_test_failure,Traceback (most recent call last),225
58,task_003453_0e8fef25,2,94,1.0,traceback_in_exit0,traceback_only_no_test_failure,Traceback (most recent call last),177
59,task_000834_47d5bfc0,0,0,0.0,traceback_in_exit0,traceback_only_no_test_failure,Traceback (most recent call last),978
59,task_000834_47d5bfc0,0,1,0.0,traceback_in_exit0,traceback_only_no_test_failure,Traceback (most recent call last),928
59,task_000834_47d5bfc0,0,3,0.0,traceback_in_exit0,traceback_only_no_test_failure,Traceback (most recent call last),949
59,task_000834_47d5bfc0,0,4,0.0,traceback_in_exit0,traceback_only_no_test_failure,Traceback (most recent call last),1077
59,task_000834_47d5bfc0,0,6,0.0,traceback_in_exit0,traceback_only_no_test_failure,Traceback (most recent call last),791
59,task_000834_47d5bfc0,0,7,0.0,traceback_in_exit0,traceback_only_no_test_failure,Traceback (most recent call last),532
59,task_000834_47d5bfc0,0,8,0.0,traceback_in_exit0,traceback_only_no_test_failure,Traceback (most recent call last),858
59,task_000834_47d5bfc0,0,9,0.0,traceback_in_exit0,traceback_only_no_test_failure,Traceback (most recent call last),786
59,task_000834_47d5bfc0,0,11,0.0,traceback_in_exit0,traceback_only_no_test_failure,Traceback (most recent call last),614
59,task_000834_47d5bfc0,0,12,0.0,traceback_in_exit0,traceback_only_no_test_failure,Traceback (most recent call last),874
59,task_000834_47d5bfc0,0,16,0.0,traceback_in_exit0,traceback_only_no_test_failure,Traceback (most recent call last),657
59,task_000834_47d5bfc0,0,18,0.0,traceback_in_exit0,traceback_only_no_test_failure,Traceback (most recent call last),825
59,task_000834_47d5bfc0,0,19,0.0,traceback_in_exit0,traceback_only_no_test_failure,Traceback (most recent call last),362
59,task_000834_47d5bfc0,0,20,1.0,traceback_in_exit0,traceback_only_no_test_failure,Traceback (most recent call last),644
59,task_000834_47d5bfc0,0,28,0.0,traceback_in_exit0,traceback_only_no_test_failure,Traceback (most recent call last),438
59,task_000834_47d5bfc0,0,30,0.0,traceback_in_exit0,traceback_only_no_test_failure,Traceback (most recent call last),453
59,task_000834_47d5bfc0,0,31,0.0,traceback_in_exit0,traceback_only_no_test_failure,Traceback (most recent call last),928
59,task_000684_81d504f3,1,32,0.0,traceback_in_exit0,traceback_only_no_test_failure,Traceback (most recent call last),161
59,task_000684_81d504f3,1,33,0.0,traceback_in_exit0,traceback_only_no_test_failure,Traceback (most recent call last),420
59,task_000684_81d504f3,1,37,0.0,traceback_in_exit0,traceback_only_no_test_failure,Traceback (most recent call last),883
59,task_000684_81d504f3,1,38,0.0,traceback_in_exit0,traceback_only_no_test_failure,Traceback (most recent call last),650
59,task_000684_81d504f3,1,39,0.0,traceback_in_exit0,traceback_only_no_test_failure,Traceback (most recent call last),10569
59,task_000684_81d504f3,1,41,0.0,traceback_in_exit0,traceback_only_no_test_failure,Traceback (most recent call last),442
59,task_000684_81d504f3,1,43,0.0,traceback_in_exit0,traceback_only_no_test_failure,Traceback (most recent call last),541
59,task_000684_81d504f3,1,44,0.0,traceback_in_exit0,traceback_only_no_test_failure,Traceback (most recent call last),402
59,task_000684_81d504f3,1,45,0.0,traceback_in_exit0,traceback_only_no_test_failure,Traceback (most recent call last),402
59,task_000684_81d504f3,1,46,0.0,traceback_in_exit0,traceback_only_no_test_failure,Traceback (most recent call last),470
59,task_000684_81d504f3,1,48,0.0,traceback_in_exit0,traceback_only_no_test_failure,Traceback (most recent call last),296
59,task_000684_81d504f3,1,49,0.0,traceback_in_exit0,traceback_only_no_test_failure,Traceback (most recent call last),129
59,task_000684_81d504f3,1,56,0.0,traceback_in_exit0,traceback_only_no_test_failure,Traceback (most recent call last),483
59,task_000684_81d504f3,1,57,0.0,traceback_in_exit0,traceback_only_no_test_failure,Traceback (most recent call last),131
59,task_000684_81d504f3,1,58,0.0,traceback_in_exit0,traceback_only_no_test_failure,Traceback (most recent call last),424
59,task_000684_81d504f3,1,59,0.0,traceback_in_exit0,traceback_only_no_test_failure,Traceback (most recent call last),863
59,task_000684_81d504f3,1,60,0.0,traceback_in_exit0,traceback_only_no_test_failure,Traceback (most recent call last),476
59,task_000684_81d504f3,1,61,0.0,traceback_in_exit0,traceback_only_no_test_failure,Traceback (most recent call last),1227
59,task_000684_81d504f3,1,62,0.0,traceback_in_exit0,traceback_only_no_test_failure,Traceback (most recent call last),419
59,task_005089_3dcba786,2,67,0.0,traceback_in_exit0,traceback_only_no_test_failure,Traceback (most recent call last),2123
59,task_005089_3dcba786,2,77,0.0,traceback_in_exit0,traceback_only_no_test_failure,Traceback (most recent call last),182
59,task_005089_3dcba786,2,79,0.0,traceback_in_exit0,traceback_only_no_test_failure,Traceback (most recent call last),126
59,task_005089_3dcba786,2,92,0.0,traceback_in_exit0,traceback_only_no_test_failure,Traceback (most recent call last),441
59,task_005541_eab47cf2,3,101,1.0,traceback_in_exit0,traceback_only_no_test_failure,Traceback (most recent call last),344
59,task_005541_eab47cf2,3,114,1.0,traceback_in_exit0,traceback_only_no_test_failure,Traceback (most recent call last),141
59,task_000328_b6b81159,4,143,0.0,tests_failed_in_exit0,unexplained_exit0_with_test_failure,100 failed,39
59,task_000328_b6b81159,4,153,0.0,traceback_in_exit0,traceback_only_no_test_failure,Traceback (most recent call last),10542
59,task_005539_4d00a7c3,5,164,0.0,traceback_in_exit0,traceback_only_no_test_failure,Traceback (most recent call last),1733
59,task_005539_4d00a7c3,5,165,0.0,traceback_in_exit0,traceback_only_no_test_failure,Traceback (most recent call last),1071
59,task_005539_4d00a7c3,5,171,0.0,traceback_in_exit0,traceback_only_no_test_failure,Traceback (most recent call last),968
59,task_005539_4d00a7c3,5,172,1.0,traceback_in_exit0,traceback_only_no_test_failure,Traceback (most recent call last),213
59,task_005539_4d00a7c3,5,174,0.0,tests_failed_in_exit0,unexplained_exit0_with_test_failure,1 failed,2358
59,task_005539_4d00a7c3,5,178,0.0,traceback_in_exit0,traceback_only_no_test_failure,Traceback (most recent call last),1109
59,task_005539_4d00a7c3,5,180,1.0,traceback_in_exit0,traceback_only_no_test_failure,Traceback (most recent call last),1059
59,task_005539_4d00a7c3,5,181,1.0,traceback_in_exit0,traceback_only_no_test_failure,Traceback (most recent call last),1033
59,task_005539_4d00a7c3,5,185,0.0,traceback_in_exit0,traceback_only_no_test_failure,Traceback (most recent call last),1083
59,task_005539_4d00a7c3,5,188,1.0,tests_failed_in_exit0,pytest_collection_error,error during collection,1051
59,task_005539_4d00a7c3,5,191,1.0,tests_failed_in_exit0,pytest_collection_error,error during collection,1134
59,task_008370_d7c9163e,7,224,1.0,traceback_in_exit0,traceback_only_no_test_failure,Traceback (most recent call last),431
59,task_008370_d7c9163e,7,225,1.0,traceback_in_exit0,traceback_only_no_test_failure,Traceback (most recent call last),955
59,task_008370_d7c9163e,7,226,0.0,traceback_in_exit0,traceback_only_no_test_failure,Traceback (most recent call last),517
59,task_008370_d7c9163e,7,228,0.0,traceback_in_exit0,traceback_only_no_test_failure,Traceback (most recent call last),531
59,task_008370_d7c9163e,7,229,1.0,traceback_in_exit0,traceback_only_no_test_failure,Traceback (most recent call last),412
59,task_008370_d7c9163e,7,230,1.0,traceback_in_exit0,traceback_only_no_test_failure,Traceback (most recent call last),456
59,task_008370_d7c9163e,7,232,0.0,traceback_in_exit0,traceback_only_no_test_failure,Traceback (most recent call last),1217
59,task_008370_d7c9163e,7,233,0.0,traceback_in_exit0,traceback_only_no_test_failure,Traceback (most recent call last),1314
59,task_008370_d7c9163e,7,234,0.0,traceback_in_exit0,traceback_only_no_test_failure,Traceback (most recent call last),897
59,task_008370_d7c9163e,7,237,0.0,traceback_in_exit0,traceback_only_no_test_failure,Traceback (most recent call last),517
59,task_008370_d7c9163e,7,238,0.0,traceback_in_exit0,traceback_only_no_test_failure,Traceback (most recent call last),562
59,task_008370_d7c9163e,7,240,0.0,traceback_in_exit0,traceback_only_no_test_failure,Traceback (most recent call last),1011
59,task_008370_d7c9163e,7,241,0.0,traceback_in_exit0,traceback_only_no_test_failure,Traceback (most recent call last),1237
59,task_008370_d7c9163e,7,242,0.0,traceback_in_exit0,traceback_only_no_test_failure,Traceback (most recent call last),646
59,task_008370_d7c9163e,7,245,1.0,traceback_in_exit0,traceback_only_no_test_failure,Traceback (most recent call last),1912
59,task_008370_d7c9163e,7,246,1.0,traceback_in_exit0,traceback_only_no_test_failure,Traceback (most recent call last),1159
59,task_008370_d7c9163e,7,247,1.0,traceback_in_exit0,traceback_only_no_test_failure,Traceback (most recent call last),748
59,task_008370_d7c9163e,7,249,0.0,traceback_in_exit0,traceback_only_no_test_failure,Traceback (most recent call last),594
59,task_008370_d7c9163e,7,250,0.0,traceback_in_exit0,traceback_only_no_test_failure,Traceback (most recent call last),757
60,task_006346_12ded9bf,1,45,0.0,traceback_in_exit0,traceback_only_no_test_failure,Traceback (most recent call last),355
60,task_007836_cd7dacb5,4,140,0.0,traceback_in_exit0,traceback_only_no_test_failure,Traceback (most recent call last),553
60,task_001870_8a377f41,7,239,0.0,traceback_in_exit0,traceback_only_no_test_failure,Traceback (most recent call last),154
61,task_004207_d59da2fb,1,35,1.0,traceback_in_exit0,traceback_only_no_test_failure,Traceback (most recent call last),694
61,task_005450_e1f12388,3,96,1.0,traceback_in_exit0,traceback_only_no_test_failure,Traceback (most recent call last),441
61,task_005450_e1f12388,3,98,1.0,traceback_in_exit0,traceback_only_no_test_failure,Traceback (most recent call last),441
61,task_005450_e1f12388,3,99,1.0,traceback_in_exit0,traceback_only_no_test_failure,Traceback (most recent call last),441
61,task_005450_e1f12388,3,104,0.0,traceback_in_exit0,traceback_only_no_test_failure,Traceback (most recent call last),441
61,task_005450_e1f12388,3,106,0.0,traceback_in_exit0,traceback_only_no_test_failure,Traceback (most recent call last),459
61,task_005450_e1f12388,3,107,1.0,traceback_in_exit0,traceback_only_no_test_failure,Traceback (most recent call last),441
61,task_005450_e1f12388,3,109,1.0,traceback_in_exit0,traceback_only_no_test_failure,Traceback (most recent call last),712
61,task_005450_e1f12388,3,110,1.0,traceback_in_exit0,traceback_only_no_test_failure,Traceback (most recent call last),441
61,task_005450_e1f12388,3,111,1.0,traceback_in_exit0,traceback_only_no_test_failure,Traceback (most recent call last),441
61,task_005450_e1f12388,3,117,1.0,traceback_in_exit0,traceback_only_no_test_failure,Traceback (most recent call last),281
61,task_005450_e1f12388,3,120,1.0,traceback_in_exit0,traceback_only_no_test_failure,Traceback (most recent call last),441
61,task_005450_e1f12388,3,121,1.0,traceback_in_exit0,traceback_only_no_test_failure,Traceback (most recent call last),441
61,task_005450_e1f12388,3,122,1.0,traceback_in_exit0,traceback_only_no_test_failure,Traceback (most recent call last),273
61,task_005450_e1f12388,3,123,1.0,traceback_in_exit0,traceback_only_no_test_failure,Traceback (most recent call last),443
61,task_005450_e1f12388,3,124,1.0,traceback_in_exit0,traceback_only_no_test_failure,Traceback (most recent call last),441
61,task_005450_e1f12388,3,125,1.0,traceback_in_exit0,traceback_only_no_test_failure,Traceback (most recent call last),441
61,task_005450_e1f12388,3,127,1.0,traceback_in_exit0,traceback_only_no_test_failure,Traceback (most recent call last),441
61,task_004769_89e951bf,4,128,0.0,traceback_in_exit0,traceback_only_no_test_failure,Traceback (most recent call last),1123
61,task_004769_89e951bf,4,130,0.0,traceback_in_exit0,traceback_only_no_test_failure,Traceback (most recent call last),511
61,task_004769_89e951bf,4,131,0.0,traceback_in_exit0,traceback_only_no_test_failure,Traceback (most recent call last),6836
61,task_004769_89e951bf,4,132,0.0,traceback_in_exit0,traceback_only_no_test_failure,Traceback (most recent call last),218
61,task_004769_89e951bf,4,137,0.0,traceback_in_exit0,traceback_only_no_test_failure,Traceback (most recent call last),380
61,task_004769_89e951bf,4,138,0.0,traceback_in_exit0,traceback_only_no_test_failure,Traceback (most recent call last),823
61,task_004769_89e951bf,4,139,0.0,traceback_in_exit0,traceback_only_no_test_failure,Traceback (most recent call last),576
61,task_004769_89e951bf,4,140,0.0,traceback_in_exit0,traceback_only_no_test_failure,Traceback (most recent call last),594
61,task_004769_89e951bf,4,149,0.0,traceback_in_exit0,traceback_only_no_test_failure,Traceback (most recent call last),357
61,task_004769_89e951bf,4,150,0.0,traceback_in_exit0,traceback_only_no_test_failure,Traceback (most recent call last),152
61,task_004769_89e951bf,4,154,0.0,traceback_in_exit0,traceback_only_no_test_failure,Traceback (most recent call last),715
61,task_004769_89e951bf,4,157,0.0,traceback_in_exit0,traceback_only_no_test_failure,Traceback (most recent call last),438
61,task_006219_0dd178be,7,236,1.0,traceback_in_exit0,traceback_only_no_test_failure,Traceback (most recent call last),159
62,task_003426_eac8c29b,1,36,1.0,traceback_in_exit0,traceback_only_no_test_failure,Traceback (most recent call last),248
62,task_004746_3a78fc83,6,223,1.0,traceback_in_exit0,traceback_only_no_test_failure,Traceback (most recent call last),3418
63,task_003423_64454ae3,0,8,0.0,traceback_in_exit0,traceback_only_no_test_failure,Traceback (most recent call last),151
63,task_003423_64454ae3,0,9,1.0,traceback_in_exit0,traceback_only_no_test_failure,Traceback (most recent call last),259
63,task_004569_f6a1616c,5,161,1.0,traceback_in_exit0,traceback_only_no_test_failure,Traceback (most recent call last),165
63,task_004569_f6a1616c,5,174,1.0,traceback_in_exit0,traceback_only_no_test_failure,Traceback (most recent call last),176
63,task_004569_f6a1616c,5,185,1.0,traceback_in_exit0,traceback_only_no_test_failure,Traceback (most recent call last),1069
63,task_008317_ffaf24bc,6,196,1.0,traceback_in_exit0,traceback_only_no_test_failure,Traceback (most recent call last),229
63,task_008317_ffaf24bc,6,204,1.0,traceback_in_exit0,traceback_only_no_test_failure,Traceback (most recent call last),229
63,task_008317_ffaf24bc,6,205,1.0,traceback_in_exit0,traceback_only_no_test_failure,Traceback (most recent call last),301
63,task_008317_ffaf24bc,6,208,1.0,traceback_in_exit0,traceback_only_no_test_failure,Traceback (most recent call last),257
63,task_008317_ffaf24bc,6,218,1.0,traceback_in_exit0,traceback_only_no_test_failure,Traceback (most recent call last),231
64,task_000986_cd5c0eaf,1,32,1.0,traceback_in_exit0,traceback_only_no_test_failure,Traceback (most recent call last),520
64,task_000986_cd5c0eaf,1,33,1.0,traceback_in_exit0,traceback_only_no_test_failure,Traceback (most recent call last),520
64,task_000986_cd5c0eaf,1,34,1.0,traceback_in_exit0,traceback_only_no_test_failure,Traceback (most recent call last),520
64,task_000986_cd5c0eaf,1,35,1.0,traceback_in_exit0,traceback_only_no_test_failure,Traceback (most recent call last),520
64,task_000986_cd5c0eaf,1,36,0.0,traceback_in_exit0,traceback_only_no_test_failure,Traceback (most recent call last),520
64,task_000986_cd5c0eaf,1,37,1.0,traceback_in_exit0,traceback_only_no_test_failure,Traceback (most recent call last),520
64,task_000986_cd5c0eaf,1,38,1.0,traceback_in_exit0,traceback_only_no_test_failure,Traceback (most recent call last),520
64,task_000986_cd5c0eaf,1,39,1.0,traceback_in_exit0,traceback_only_no_test_failure,Traceback (most recent call last),520
64,task_000986_cd5c0eaf,1,40,1.0,traceback_in_exit0,traceback_only_no_test_failure,Traceback (most recent call last),520
64,task_000986_cd5c0eaf,1,41,1.0,traceback_in_exit0,traceback_only_no_test_failure,Traceback (most recent call last),520
64,task_000986_cd5c0eaf,1,42,1.0,traceback_in_exit0,traceback_only_no_test_failure,Traceback (most recent call last),520
64,task_000986_cd5c0eaf,1,43,1.0,traceback_in_exit0,traceback_only_no_test_failure,Traceback (most recent call last),520
64,task_000986_cd5c0eaf,1,44,1.0,traceback_in_exit0,traceback_only_no_test_failure,Traceback (most recent call last),520
64,task_000986_cd5c0eaf,1,45,1.0,traceback_in_exit0,traceback_only_no_test_failure,Traceback (most recent call last),520
64,task_000986_cd5c0eaf,1,46,1.0,traceback_in_exit0,traceback_only_no_test_failure,Traceback (most recent call last),520
64,task_000986_cd5c0eaf,1,47,1.0,traceback_in_exit0,traceback_only_no_test_failure,Traceback (most recent call last),520
64,task_000986_cd5c0eaf,1,48,1.0,traceback_in_exit0,traceback_only_no_test_failure,Traceback (most recent call last),520
64,task_000986_cd5c0eaf,1,49,1.0,traceback_in_exit0,traceback_only_no_test_failure,Traceback (most recent call last),520
64,task_000986_cd5c0eaf,1,50,1.0,traceback_in_exit0,traceback_only_no_test_failure,Traceback (most recent call last),520
64,task_000986_cd5c0eaf,1,51,1.0,traceback_in_exit0,traceback_only_no_test_failure,Traceback (most recent call last),520
64,task_000986_cd5c0eaf,1,52,0.0,traceback_in_exit0,traceback_only_no_test_failure,Traceback (most recent call last),520
64,task_000986_cd5c0eaf,1,53,1.0,traceback_in_exit0,traceback_only_no_test_failure,Traceback (most recent call last),520
64,task_000986_cd5c0eaf,1,54,1.0,traceback_in_exit0,traceback_only_no_test_failure,Traceback (most recent call last),520
64,task_000986_cd5c0eaf,1,55,1.0,traceback_in_exit0,traceback_only_no_test_failure,Traceback (most recent call last),520
64,task_000986_cd5c0eaf,1,56,1.0,traceback_in_exit0,traceback_only_no_test_failure,Traceback (most recent call last),520
64,task_000986_cd5c0eaf,1,57,1.0,traceback_in_exit0,traceback_only_no_test_failure,Traceback (most recent call last),520
64,task_000986_cd5c0eaf,1,58,1.0,traceback_in_exit0,traceback_only_no_test_failure,Traceback (most recent call last),520
64,task_000986_cd5c0eaf,1,59,1.0,traceback_in_exit0,traceback_only_no_test_failure,Traceback (most recent call last),520
64,task_000986_cd5c0eaf,1,60,1.0,traceback_in_exit0,traceback_only_no_test_failure,Traceback (most recent call last),520
64,task_000986_cd5c0eaf,1,61,1.0,traceback_in_exit0,traceback_only_no_test_failure,Traceback (most recent call last),520
64,task_000986_cd5c0eaf,1,62,1.0,traceback_in_exit0,traceback_only_no_test_failure,Traceback (most recent call last),520
64,task_000986_cd5c0eaf,1,63,1.0,traceback_in_exit0,traceback_only_no_test_failure,Traceback (most recent call last),520
64,task_001466_f72cd03c,4,137,0.0,traceback_in_exit0,traceback_only_no_test_failure,Traceback (most recent call last),712
64,task_001466_f72cd03c,4,143,0.0,traceback_in_exit0,traceback_only_no_test_failure,Traceback (most recent call last),427
64,task_001466_f72cd03c,4,153,0.0,traceback_in_exit0,traceback_only_no_test_failure,Traceback (most recent call last),285
64,task_001466_f72cd03c,4,156,0.0,traceback_in_exit0,traceback_only_no_test_failure,Traceback (most recent call last),275
64,task_006580_f8d61a1e,5,163,1.0,traceback_in_exit0,traceback_only_no_test_failure,Traceback (most recent call last),244
64,task_000113_8a2ee560,7,224,0.0,traceback_in_exit0,traceback_only_no_test_failure,Traceback (most recent call last),913
64,task_000113_8a2ee560,7,225,0.0,traceback_in_exit0,traceback_only_no_test_failure,Traceback (most recent call last),558
64,task_000113_8a2ee560,7,226,0.0,traceback_in_exit0,traceback_only_no_test_failure,Traceback (most recent call last),600
64,task_000113_8a2ee560,7,227,1.0,traceback_in_exit0,traceback_only_no_test_failure,Traceback (most recent call last),632
64,task_000113_8a2ee560,7,228,0.0,traceback_in_exit0,traceback_only_no_test_failure,Traceback (most recent call last),818
64,task_000113_8a2ee560,7,229,0.0,traceback_in_exit0,traceback_only_no_test_failure,Traceback (most recent call last),634
64,task_000113_8a2ee560,7,230,0.0,traceback_in_exit0,traceback_only_no_test_failure,Traceback (most recent call last),551
64,task_000113_8a2ee560,7,233,0.0,traceback_in_exit0,traceback_only_no_test_failure,Traceback (most recent call last),601
64,task_000113_8a2ee560,7,235,1.0,traceback_in_exit0,traceback_only_no_test_failure,Traceback (most recent call last),416
64,task_000113_8a2ee560,7,236,1.0,traceback_in_exit0,traceback_only_no_test_failure,Traceback (most recent call last),530
64,task_000113_8a2ee560,7,237,1.0,traceback_in_exit0,traceback_only_no_test_failure,Traceback (most recent call last),1311
64,task_000113_8a2ee560,7,239,0.0,traceback_in_exit0,traceback_only_no_test_failure,Traceback (most recent call last),540
64,task_000113_8a2ee560,7,240,1.0,traceback_in_exit0,traceback_only_no_test_failure,Traceback (most recent call last),459
64,task_000113_8a2ee560,7,241,0.0,traceback_in_exit0,traceback_only_no_test_failure,Traceback (most recent call last),450
64,task_000113_8a2ee560,7,244,0.0,traceback_in_exit0,traceback_only_no_test_failure,Traceback (most recent call last),410
64,task_000113_8a2ee560,7,245,0.0,traceback_in_exit0,traceback_only_no_test_failure,Traceback (most recent call last),540
64,task_000113_8a2ee560,7,246,1.0,traceback_in_exit0,traceback_only_no_test_failure,Traceback (most recent call last),580
64,task_000113_8a2ee560,7,247,0.0,traceback_in_exit0,traceback_only_no_test_failure,Traceback (most recent call last),1295
64,task_000113_8a2ee560,7,248,1.0,traceback_in_exit0,traceback_only_no_test_failure,Traceback (most recent call last),193
64,task_000113_8a2ee560,7,250,0.0,traceback_in_exit0,traceback_only_no_test_failure,Traceback (most recent call last),479
64,task_000113_8a2ee560,7,252,0.0,traceback_in_exit0,traceback_only_no_test_failure,Traceback (most recent call last),510
64,task_000113_8a2ee560,7,253,0.0,traceback_in_exit0,traceback_only_no_test_failure,Traceback (most recent call last),129
64,task_000113_8a2ee560,7,254,0.0,traceback_in_exit0,traceback_only_no_test_failure,Traceback (most recent call last),548
64,task_000113_8a2ee560,7,255,1.0,traceback_in_exit0,traceback_only_no_test_failure,Traceback (most recent call last),405
65,task_004211_7b6d1a1e,0,1,0.0,traceback_in_exit0,traceback_only_no_test_failure,Traceback (most recent call last),468
65,task_004211_7b6d1a1e,0,2,0.0,traceback_in_exit0,traceback_only_no_test_failure,Traceback (most recent call last),129
65,task_004211_7b6d1a1e,0,4,0.0,traceback_in_exit0,traceback_only_no_test_failure,Traceback (most recent call last),1489
65,task_004211_7b6d1a1e,0,10,1.0,traceback_in_exit0,traceback_only_no_test_failure,Traceback (most recent call last),1012
65,task_004211_7b6d1a1e,0,13,0.0,traceback_in_exit0,traceback_only_no_test_failure,Traceback (most recent call last),914
65,task_004211_7b6d1a1e,0,17,0.0,traceback_in_exit0,traceback_only_no_test_failure,Traceback (most recent call last),1431
65,task_004211_7b6d1a1e,0,19,0.0,traceback_in_exit0,traceback_only_no_test_failure,Traceback (most recent call last),1574
65,task_004211_7b6d1a1e,0,21,1.0,traceback_in_exit0,traceback_only_no_test_failure,Traceback (most recent call last),1971
65,task_004211_7b6d1a1e,0,24,1.0,traceback_in_exit0,traceback_only_no_test_failure,Traceback (most recent call last),1371
65,task_005386_826f8706,4,130,0.0,traceback_in_exit0,traceback_only_no_test_failure,Traceback (most recent call last),2205
65,task_005386_826f8706,4,133,0.0,traceback_in_exit0,traceback_only_no_test_failure,Traceback (most recent call last),1119
65,task_005386_826f8706,4,137,0.0,traceback_in_exit0,traceback_only_no_test_failure,Traceback (most recent call last),1314
65,task_005386_826f8706,4,139,0.0,traceback_in_exit0,traceback_only_no_test_failure,Traceback (most recent call last),324
65,task_005386_826f8706,4,140,0.0,traceback_in_exit0,traceback_only_no_test_failure,Traceback (most recent call last),943
65,task_005386_826f8706,4,142,0.0,traceback_in_exit0,traceback_only_no_test_failure,Traceback (most recent call last),1076
65,task_005386_826f8706,4,150,0.0,traceback_in_exit0,traceback_only_no_test_failure,Traceback (most recent call last),412
65,task_005386_826f8706,4,153,0.0,traceback_in_exit0,traceback_only_no_test_failure,Traceback (most recent call last),1003
65,task_005386_826f8706,4,154,0.0,traceback_in_exit0,traceback_only_no_test_failure,Traceback (most recent call last),900
65,task_005386_826f8706,4,155,0.0,traceback_in_exit0,traceback_only_no_test_failure,Traceback (most recent call last),1139
65,task_005386_826f8706,4,157,0.0,traceback_in_exit0,traceback_only_no_test_failure,Traceback (most recent call last),427
65,task_005386_826f8706,4,158,0.0,traceback_in_exit0,traceback_only_no_test_failure,Traceback (most recent call last),448
65,task_005386_826f8706,4,159,0.0,traceback_in_exit0,traceback_only_no_test_failure,Traceback (most recent call last),1107
65,task_001723_9539f80c,6,193,0.0,traceback_in_exit0,traceback_only_no_test_failure,Traceback (most recent call last),609
65,task_001723_9539f80c,6,210,0.0,traceback_in_exit0,traceback_only_no_test_failure,Traceback (most recent call last),362
65,task_001723_9539f80c,6,212,0.0,traceback_in_exit0,traceback_only_no_test_failure,Traceback (most recent call last),167
65,task_001723_9539f80c,6,219,0.0,traceback_in_exit0,traceback_only_no_test_failure,Traceback (most recent call last),270
66,task_006579_58fd8643,6,202,1.0,traceback_in_exit0,traceback_only_no_test_failure,Traceback (most recent call last),10542
67,task_003189_8f6f7477,1,45,1.0,tests_failed_in_exit0,unexplained_exit0_with_test_failure,Test 1 failed,176
67,task_003189_8f6f7477,1,47,1.0,tests_failed_in_exit0,unexplained_exit0_with_test_failure,4 failed,995
67,task_003189_8f6f7477,1,48,0.0,traceback_in_exit0,traceback_only_no_test_failure,Traceback (most recent call last),137
67,task_003189_8f6f7477,1,57,1.0,traceback_in_exit0,traceback_only_no_test_failure,Traceback (most recent call last),145
67,task_000520_27c42df8,3,96,0.0,traceback_in_exit0,traceback_only_no_test_failure,Traceback (most recent call last),176
67,task_000520_27c42df8,3,105,0.0,traceback_in_exit0,traceback_only_no_test_failure,Traceback (most recent call last),210
67,task_000520_27c42df8,3,110,0.0,traceback_in_exit0,traceback_only_no_test_failure,Traceback (most recent call last),148
67,task_004791_b2e0f271,4,158,1.0,traceback_in_exit0,traceback_only_no_test_failure,Traceback (most recent call last),622
67,task_005646_498ddd85,5,179,1.0,traceback_in_exit0,traceback_only_no_test_failure,Traceback (most recent call last),219
68,task_000230_c6aae660,0,0,0.0,traceback_in_exit0,traceback_only_no_test_failure,Traceback (most recent call last),1111
68,task_000230_c6aae660,0,20,0.0,traceback_in_exit0,traceback_only_no_test_failure,Traceback (most recent call last),1068
68,task_000230_c6aae660,0,25,0.0,traceback_in_exit0,traceback_only_no_test_failure,Traceback (most recent call last),648
68,task_003637_9e32e900,1,42,1.0,traceback_in_exit0,traceback_only_no_test_failure,Traceback (most recent call last),144
68,task_003637_9e32e900,1,51,1.0,traceback_in_exit0,traceback_only_no_test_failure,Traceback (most recent call last),1017
68,task_003637_9e32e900,1,52,1.0,traceback_in_exit0,traceback_only_no_test_failure,Traceback (most recent call last),602
68,task_003637_9e32e900,1,54,1.0,traceback_in_exit0,traceback_only_no_test_failure,Traceback (most recent call last),1307
68,task_000506_9ce8de33,5,172,0.0,traceback_in_exit0,traceback_only_no_test_failure,Traceback (most recent call last),178
68,task_000506_9ce8de33,5,175,0.0,traceback_in_exit0,traceback_only_no_test_failure,Traceback (most recent call last),180
68,task_000506_9ce8de33,5,186,0.0,traceback_in_exit0,traceback_only_no_test_failure,Traceback (most recent call last),561
68,task_000506_9ce8de33,5,188,0.0,traceback_in_exit0,traceback_only_no_test_failure,Traceback (most recent call last),170
69,task_005423_0b067341,0,1,0.0,traceback_in_exit0,traceback_only_no_test_failure,Traceback (most recent call last),375
69,task_005423_0b067341,0,3,1.0,traceback_in_exit0,traceback_only_no_test_failure,Traceback (most recent call last),362
69,task_005423_0b067341,0,6,1.0,traceback_in_exit0,traceback_only_no_test_failure,Traceback (most recent call last),559
69,task_005423_0b067341,0,7,0.0,tests_failed_in_exit0,unexplained_exit0_with_test_failure,Test 1 FAILED,345
69,task_005423_0b067341,0,12,0.0,traceback_in_exit0,traceback_only_no_test_failure,Traceback (most recent call last),258
69,task_005423_0b067341,0,14,1.0,traceback_in_exit0,traceback_only_no_test_failure,Traceback (most recent call last),248
69,task_005423_0b067341,0,25,0.0,traceback_in_exit0,traceback_only_no_test_failure,Traceback (most recent call last),298
69,task_005423_0b067341,0,30,1.0,traceback_in_exit0,traceback_only_no_test_failure,Traceback (most recent call last),716
69,task_005423_0b067341,0,31,1.0,traceback_in_exit0,traceback_only_no_test_failure,Traceback (most recent call last),282
69,task_005008_e174a278,2,66,1.0,traceback_in_exit0,traceback_only_no_test_failure,Traceback (most recent call last),568
69,task_003200_d35d8240,4,134,1.0,traceback_in_exit0,traceback_only_no_test_failure,Traceback (most recent call last),238
69,task_003200_d35d8240,4,137,1.0,traceback_in_exit0,traceback_only_no_test_failure,Traceback (most recent call last),191
69,task_003200_d35d8240,4,150,1.0,traceback_in_exit0,traceback_only_no_test_failure,Traceback (most recent call last),233
70,task_008331_d5db8cd9,0,26,0.0,traceback_in_exit0,traceback_only_no_test_failure,Traceback (most recent call last),1187
70,task_005693_2771528d,2,65,1.0,traceback_in_exit0,traceback_only_no_test_failure,Traceback (most recent call last),586
70,task_005693_2771528d,2,66,1.0,traceback_in_exit0,traceback_only_no_test_failure,Traceback (most recent call last),619
70,task_005693_2771528d,2,67,1.0,traceback_in_exit0,traceback_only_no_test_failure,Traceback (most recent call last),583
70,task_005693_2771528d,2,68,1.0,traceback_in_exit0,traceback_only_no_test_failure,Traceback (most recent call last),559
70,task_005693_2771528d,2,70,1.0,traceback_in_exit0,traceback_only_no_test_failure,Traceback (most recent call last),549
70,task_005693_2771528d,2,71,1.0,traceback_in_exit0,traceback_only_no_test_failure,Traceback (most recent call last),1250
70,task_005693_2771528d,2,72,1.0,traceback_in_exit0,traceback_only_no_test_failure,Traceback (most recent call last),515
70,task_005693_2771528d,2,74,1.0,traceback_in_exit0,traceback_only_no_test_failure,Traceback (most recent call last),531
70,task_005693_2771528d,2,76,1.0,traceback_in_exit0,traceback_only_no_test_failure,Traceback (most recent call last),535
70,task_005693_2771528d,2,77,1.0,traceback_in_exit0,traceback_only_no_test_failure,Traceback (most recent call last),533
70,task_005693_2771528d,2,78,1.0,traceback_in_exit0,traceback_only_no_test_failure,Traceback (most recent call last),515
70,task_005693_2771528d,2,79,1.0,traceback_in_exit0,traceback_only_no_test_failure,Traceback (most recent call last),979
70,task_005693_2771528d,2,82,1.0,traceback_in_exit0,traceback_only_no_test_failure,Traceback (most recent call last),515
70,task_005693_2771528d,2,83,1.0,traceback_in_exit0,traceback_only_no_test_failure,Traceback (most recent call last),567
70,task_005693_2771528d,2,84,0.0,traceback_in_exit0,traceback_only_no_test_failure,Traceback (most recent call last),549
70,task_005693_2771528d,2,85,1.0,traceback_in_exit0,traceback_only_no_test_failure,Traceback (most recent call last),515
70,task_005693_2771528d,2,86,1.0,traceback_in_exit0,traceback_only_no_test_failure,Traceback (most recent call last),571
70,task_005693_2771528d,2,88,1.0,traceback_in_exit0,traceback_only_no_test_failure,Traceback (most recent call last),532
70,task_005693_2771528d,2,89,1.0,traceback_in_exit0,traceback_only_no_test_failure,Traceback (most recent call last),515
70,task_005693_2771528d,2,90,1.0,traceback_in_exit0,traceback_only_no_test_failure,Traceback (most recent call last),750
70,task_005693_2771528d,2,91,1.0,traceback_in_exit0,traceback_only_no_test_failure,Traceback (most recent call last),540
70,task_005693_2771528d,2,93,1.0,traceback_in_exit0,traceback_only_no_test_failure,Traceback (most recent call last),515
70,task_005693_2771528d,2,94,1.0,traceback_in_exit0,traceback_only_no_test_failure,Traceback (most recent call last),545
70,task_005693_2771528d,2,95,1.0,traceback_in_exit0,traceback_only_no_test_failure,Traceback (most recent call last),531
70,task_003579_ba61b0c5,5,186,0.0,traceback_in_exit0,traceback_only_no_test_failure,Traceback (most recent call last),288
70,task_001101_eaae7426,7,224,0.0,traceback_in_exit0,traceback_only_no_test_failure,Traceback (most recent call last),307
70,task_001101_eaae7426,7,228,1.0,traceback_in_exit0,traceback_only_no_test_failure,Traceback (most recent call last),705
70,task_001101_eaae7426,7,231,1.0,traceback_in_exit0,traceback_only_no_test_failure,Traceback (most recent call last),166
70,task_001101_eaae7426,7,253,1.0,traceback_in_exit0,traceback_only_no_test_failure,Traceback (most recent call last),161
71,task_002781_026234ff,3,99,1.0,tests_failed_in_exit0,later_pass_supersedes_in_same_segment,50 failed,3301
71,task_001583_5ee62c26,5,168,0.0,traceback_in_exit0,traceback_only_no_test_failure,Traceback (most recent call last),569
71,task_001583_5ee62c26,5,169,0.0,traceback_in_exit0,traceback_only_no_test_failure,Traceback (most recent call last),740
71,task_001583_5ee62c26,5,177,0.0,traceback_in_exit0,traceback_only_no_test_failure,Traceback (most recent call last),511
71,task_001583_5ee62c26,5,187,0.0,traceback_in_exit0,traceback_only_no_test_failure,Traceback (most recent call last),964
71,task_001583_5ee62c26,5,190,1.0,traceback_in_exit0,traceback_only_no_test_failure,Traceback (most recent call last),1106
71,task_002095_92c042fb,7,224,0.0,traceback_in_exit0,traceback_only_no_test_failure,Traceback (most recent call last),1321
71,task_002095_92c042fb,7,229,0.0,traceback_in_exit0,traceback_only_no_test_failure,Traceback (most recent call last),719
71,task_002095_92c042fb,7,237,0.0,traceback_in_exit0,traceback_only_no_test_failure,Traceback (most recent call last),332
72,task_007223_86ab7b7d,0,0,1.0,traceback_in_exit0,traceback_only_no_test_failure,Traceback (most recent call last),409
72,task_004557_2a699e16,4,130,0.0,traceback_in_exit0,traceback_only_no_test_failure,Traceback (most recent call last),221
72,task_004557_2a699e16,4,132,0.0,traceback_in_exit0,traceback_only_no_test_failure,Traceback (most recent call last),525
73,task_005379_4236273a,1,45,0.0,tests_failed_in_exit0,unexplained_exit0_with_test_failure,TEST 3 FAILED,309
73,task_002602_c69f1d8e,3,121,1.0,traceback_in_exit0,traceback_only_no_test_failure,Traceback (most recent call last),119
73,task_002896_b44dba92,4,130,0.0,traceback_in_exit0,traceback_only_no_test_failure,Traceback (most recent call last),341
73,task_002896_b44dba92,4,131,0.0,traceback_in_exit0,traceback_only_no_test_failure,Traceback (most recent call last),1880
73,task_008462_01ede1b3,5,191,0.0,traceback_in_exit0,traceback_only_no_test_failure,Traceback (most recent call last),398
73,task_002618_a71d863c,6,198,1.0,traceback_in_exit0,traceback_only_no_test_failure,Traceback (most recent call last),1472
73,task_008092_7fe42711,7,225,1.0,traceback_in_exit0,traceback_only_no_test_failure,Traceback (most recent call last),611
73,task_008092_7fe42711,7,226,1.0,traceback_in_exit0,traceback_only_no_test_failure,Traceback (most recent call last),611
73,task_008092_7fe42711,7,228,0.0,traceback_in_exit0,traceback_only_no_test_failure,Traceback (most recent call last),611
73,task_008092_7fe42711,7,229,0.0,traceback_in_exit0,traceback_only_no_test_failure,Traceback (most recent call last),531
73,task_008092_7fe42711,7,230,0.0,traceback_in_exit0,traceback_only_no_test_failure,Traceback (most recent call last),756
73,task_008092_7fe42711,7,231,0.0,traceback_in_exit0,traceback_only_no_test_failure,Traceback (most recent call last),2868
73,task_008092_7fe42711,7,232,0.0,traceback_in_exit0,traceback_only_no_test_failure,Traceback (most recent call last),631
73,task_008092_7fe42711,7,233,0.0,traceback_in_exit0,traceback_only_no_test_failure,Traceback (most recent call last),611
73,task_008092_7fe42711,7,234,1.0,traceback_in_exit0,traceback_only_no_test_failure,Traceback (most recent call last),565
73,task_008092_7fe42711,7,235,0.0,traceback_in_exit0,traceback_only_no_test_failure,Traceback (most recent call last),611
73,task_008092_7fe42711,7,236,0.0,traceback_in_exit0,traceback_only_no_test_failure,Traceback (most recent call last),680
73,task_008092_7fe42711,7,237,0.0,traceback_in_exit0,traceback_only_no_test_failure,Traceback (most recent call last),611
73,task_008092_7fe42711,7,238,0.0,traceback_in_exit0,traceback_only_no_test_failure,Traceback (most recent call last),665
73,task_008092_7fe42711,7,240,1.0,traceback_in_exit0,traceback_only_no_test_failure,Traceback (most recent call last),2931
73,task_008092_7fe42711,7,242,0.0,traceback_in_exit0,traceback_only_no_test_failure,Traceback (most recent call last),681
73,task_008092_7fe42711,7,244,0.0,traceback_in_exit0,traceback_only_no_test_failure,Traceback (most recent call last),521
73,task_008092_7fe42711,7,245,1.0,traceback_in_exit0,traceback_only_no_test_failure,Traceback (most recent call last),1326
73,task_008092_7fe42711,7,246,0.0,traceback_in_exit0,traceback_only_no_test_failure,Traceback (most recent call last),611
73,task_008092_7fe42711,7,248,0.0,traceback_in_exit0,traceback_only_no_test_failure,Traceback (most recent call last),521
73,task_008092_7fe42711,7,249,0.0,traceback_in_exit0,traceback_only_no_test_failure,Traceback (most recent call last),457
73,task_008092_7fe42711,7,250,0.0,traceback_in_exit0,traceback_only_no_test_failure,Traceback (most recent call last),611
73,task_008092_7fe42711,7,251,0.0,traceback_in_exit0,traceback_only_no_test_failure,Traceback (most recent call last),611
73,task_008092_7fe42711,7,252,0.0,traceback_in_exit0,traceback_only_no_test_failure,Traceback (most recent call last),611
73,task_008092_7fe42711,7,253,0.0,traceback_in_exit0,traceback_only_no_test_failure,Traceback (most recent call last),611
73,task_008092_7fe42711,7,254,1.0,traceback_in_exit0,traceback_only_no_test_failure,Traceback (most recent call last),611
73,task_008092_7fe42711,7,255,0.0,traceback_in_exit0,traceback_only_no_test_failure,Traceback (most recent call last),642
74,task_003305_194ccdb5,0,0,0.0,traceback_in_exit0,traceback_only_no_test_failure,Traceback (most recent call last),390
74,task_003305_194ccdb5,0,5,1.0,traceback_in_exit0,traceback_only_no_test_failure,Traceback (most recent call last),164
74,task_003305_194ccdb5,0,12,0.0,traceback_in_exit0,traceback_only_no_test_failure,Traceback (most recent call last),217
74,task_003305_194ccdb5,0,13,1.0,traceback_in_exit0,traceback_only_no_test_failure,Traceback (most recent call last),397
74,task_003305_194ccdb5,0,17,0.0,traceback_in_exit0,traceback_only_no_test_failure,Traceback (most recent call last),418
74,task_003305_194ccdb5,0,22,0.0,traceback_in_exit0,traceback_only_no_test_failure,Traceback (most recent call last),251
74,task_003305_194ccdb5,0,31,0.0,traceback_in_exit0,traceback_only_no_test_failure,Traceback (most recent call last),157
74,task_001866_0583e8c2,2,65,0.0,traceback_in_exit0,traceback_only_no_test_failure,Traceback (most recent call last),168
74,task_001866_0583e8c2,2,67,0.0,traceback_in_exit0,traceback_only_no_test_failure,Traceback (most recent call last),254
74,task_001866_0583e8c2,2,71,0.0,traceback_in_exit0,traceback_only_no_test_failure,Traceback (most recent call last),247
74,task_001866_0583e8c2,2,80,0.0,traceback_in_exit0,traceback_only_no_test_failure,Traceback (most recent call last),2471
74,task_001866_0583e8c2,2,85,0.0,traceback_in_exit0,traceback_only_no_test_failure,Traceback (most recent call last),442
74,task_001866_0583e8c2,2,87,0.0,traceback_in_exit0,traceback_only_no_test_failure,Traceback (most recent call last),140
74,task_001866_0583e8c2,2,89,0.0,traceback_in_exit0,traceback_only_no_test_failure,Traceback (most recent call last),140
74,task_001866_0583e8c2,2,92,0.0,traceback_in_exit0,traceback_only_no_test_failure,Traceback (most recent call last),817
74,task_001748_4e352722,6,192,0.0,traceback_in_exit0,traceback_only_no_test_failure,Traceback (most recent call last),1348
74,task_001748_4e352722,6,193,0.0,traceback_in_exit0,traceback_only_no_test_failure,Traceback (most recent call last),519
74,task_001748_4e352722,6,194,0.0,traceback_in_exit0,traceback_only_no_test_failure,Traceback (most recent call last),519
74,task_001748_4e352722,6,195,1.0,traceback_in_exit0,traceback_only_no_test_failure,Traceback (most recent call last),545
74,task_001748_4e352722,6,196,0.0,traceback_in_exit0,traceback_only_no_test_failure,Traceback (most recent call last),571
74,task_001748_4e352722,6,197,0.0,traceback_in_exit0,traceback_only_no_test_failure,Traceback (most recent call last),598
74,task_001748_4e352722,6,198,0.0,traceback_in_exit0,traceback_only_no_test_failure,Traceback (most recent call last),1211
74,task_001748_4e352722,6,199,0.0,traceback_in_exit0,traceback_only_no_test_failure,Traceback (most recent call last),519
74,task_001748_4e352722,6,200,0.0,traceback_in_exit0,traceback_only_no_test_failure,Traceback (most recent call last),519
74,task_001748_4e352722,6,201,0.0,traceback_in_exit0,traceback_only_no_test_failure,Traceback (most recent call last),571
74,task_001748_4e352722,6,202,0.0,traceback_in_exit0,traceback_only_no_test_failure,Traceback (most recent call last),555
74,task_001748_4e352722,6,204,0.0,traceback_in_exit0,traceback_only_no_test_failure,Traceback (most recent call last),412
74,task_001748_4e352722,6,205,0.0,traceback_in_exit0,traceback_only_no_test_failure,Traceback (most recent call last),519
74,task_001748_4e352722,6,206,0.0,traceback_in_exit0,traceback_only_no_test_failure,Traceback (most recent call last),519
74,task_001748_4e352722,6,207,0.0,traceback_in_exit0,traceback_only_no_test_failure,Traceback (most recent call last),519
74,task_001748_4e352722,6,209,0.0,traceback_in_exit0,traceback_only_no_test_failure,Traceback (most recent call last),831
74,task_001748_4e352722,6,210,0.0,traceback_in_exit0,traceback_only_no_test_failure,Traceback (most recent call last),519
74,task_001748_4e352722,6,211,0.0,traceback_in_exit0,traceback_only_no_test_failure,Traceback (most recent call last),535
74,task_001748_4e352722,6,212,0.0,traceback_in_exit0,traceback_only_no_test_failure,Traceback (most recent call last),1338
74,task_001748_4e352722,6,214,0.0,traceback_in_exit0,traceback_only_no_test_failure,Traceback (most recent call last),519
74,task_001748_4e352722,6,215,0.0,traceback_in_exit0,traceback_only_no_test_failure,Traceback (most recent call last),519
74,task_001748_4e352722,6,216,0.0,traceback_in_exit0,traceback_only_no_test_failure,Traceback (most recent call last),519
74,task_001748_4e352722,6,217,0.0,traceback_in_exit0,traceback_only_no_test_failure,Traceback (most recent call last),1299
74,task_001748_4e352722,6,218,0.0,traceback_in_exit0,traceback_only_no_test_failure,Traceback (most recent call last),519
74,task_001748_4e352722,6,219,0.0,traceback_in_exit0,traceback_only_no_test_failure,Traceback (most recent call last),535
74,task_001748_4e352722,6,220,1.0,traceback_in_exit0,traceback_only_no_test_failure,Traceback (most recent call last),519
74,task_001748_4e352722,6,221,0.0,traceback_in_exit0,traceback_only_no_test_failure,Traceback (most recent call last),519
74,task_001748_4e352722,6,222,0.0,traceback_in_exit0,traceback_only_no_test_failure,Traceback (most recent call last),519
74,task_001748_4e352722,6,223,0.0,traceback_in_exit0,traceback_only_no_test_failure,Traceback (most recent call last),556
75,task_004777_f0f107f0,1,33,1.0,traceback_in_exit0,traceback_only_no_test_failure,Traceback (most recent call last),957
75,task_004777_f0f107f0,1,36,0.0,traceback_in_exit0,traceback_only_no_test_failure,Traceback (most recent call last),1566
75,task_004777_f0f107f0,1,40,1.0,traceback_in_exit0,traceback_only_no_test_failure,Traceback (most recent call last),309
75,task_004777_f0f107f0,1,45,0.0,traceback_in_exit0,traceback_only_no_test_failure,Traceback (most recent call last),156
75,task_004777_f0f107f0,1,48,1.0,traceback_in_exit0,traceback_only_no_test_failure,Traceback (most recent call last),802
75,task_004777_f0f107f0,1,49,0.0,traceback_in_exit0,traceback_only_no_test_failure,Traceback (most recent call last),262
75,task_004777_f0f107f0,1,52,1.0,traceback_in_exit0,traceback_only_no_test_failure,Traceback (most recent call last),140
75,task_004777_f0f107f0,1,53,1.0,traceback_in_exit0,traceback_only_no_test_failure,Traceback (most recent call last),668
75,task_002662_dae39737,5,165,0.0,traceback_in_exit0,traceback_only_no_test_failure,Traceback (most recent call last),702
75,task_001661_cd263a12,6,195,1.0,traceback_in_exit0,traceback_only_no_test_failure,Traceback (most recent call last),1641
75,task_001661_cd263a12,6,214,1.0,traceback_in_exit0,traceback_only_no_test_failure,Traceback (most recent call last),246
75,task_001661_cd263a12,6,218,1.0,traceback_in_exit0,traceback_only_no_test_failure,Traceback (most recent call last),1974
75,task_001661_cd263a12,6,221,1.0,traceback_in_exit0,traceback_only_no_test_failure,Traceback (most recent call last),148
76,task_000495_b296afa7,2,66,0.0,traceback_in_exit0,traceback_only_no_test_failure,Traceback (most recent call last),145
76,task_000495_b296afa7,2,68,0.0,traceback_in_exit0,traceback_only_no_test_failure,Traceback (most recent call last),308
76,task_000495_b296afa7,2,70,0.0,traceback_in_exit0,traceback_only_no_test_failure,Traceback (most recent call last),274
76,task_000495_b296afa7,2,72,0.0,traceback_in_exit0,traceback_only_no_test_failure,Traceback (most recent call last),273
76,task_000495_b296afa7,2,74,0.0,traceback_in_exit0,traceback_only_no_test_failure,Traceback (most recent call last),290
76,task_000495_b296afa7,2,75,0.0,traceback_in_exit0,traceback_only_no_test_failure,Traceback (most recent call last),272
76,task_000495_b296afa7,2,76,0.0,traceback_in_exit0,traceback_only_no_test_failure,Traceback (most recent call last),490
76,task_000495_b296afa7,2,79,0.0,traceback_in_exit0,traceback_only_no_test_failure,Traceback (most recent call last),326
76,task_000495_b296afa7,2,80,0.0,traceback_in_exit0,traceback_only_no_test_failure,Traceback (most recent call last),286
76,task_000495_b296afa7,2,83,0.0,traceback_in_exit0,traceback_only_no_test_failure,Traceback (most recent call last),280
76,task_000495_b296afa7,2,92,0.0,traceback_in_exit0,traceback_only_no_test_failure,Traceback (most recent call last),1498
76,task_000495_b296afa7,2,93,0.0,traceback_in_exit0,traceback_only_no_test_failure,Traceback (most recent call last),282
76,task_000495_b296afa7,2,94,0.0,traceback_in_exit0,traceback_only_no_test_failure,Traceback (most recent call last),333
76,task_008372_8d307eb5,6,192,1.0,traceback_in_exit0,traceback_only_no_test_failure,Traceback (most recent call last),1348
76,task_008372_8d307eb5,6,193,1.0,traceback_in_exit0,traceback_only_no_test_failure,Traceback (most recent call last),2502
76,task_008372_8d307eb5,6,194,0.0,traceback_in_exit0,traceback_only_no_test_failure,Traceback (most recent call last),1320
76,task_008372_8d307eb5,6,195,1.0,traceback_in_exit0,traceback_only_no_test_failure,Traceback (most recent call last),1348
76,task_008372_8d307eb5,6,200,1.0,traceback_in_exit0,traceback_only_no_test_failure,Traceback (most recent call last),1320
76,task_008372_8d307eb5,6,203,1.0,traceback_in_exit0,traceback_only_no_test_failure,Traceback (most recent call last),1320
76,task_008372_8d307eb5,6,205,1.0,traceback_in_exit0,traceback_only_no_test_failure,Traceback (most recent call last),2509
76,task_008372_8d307eb5,6,208,1.0,traceback_in_exit0,traceback_only_no_test_failure,Traceback (most recent call last),2121
76,task_008372_8d307eb5,6,212,1.0,traceback_in_exit0,traceback_only_no_test_failure,Traceback (most recent call last),1555
76,task_008372_8d307eb5,6,213,1.0,traceback_in_exit0,traceback_only_no_test_failure,Traceback (most recent call last),1376
76,task_008372_8d307eb5,6,214,0.0,traceback_in_exit0,traceback_only_no_test_failure,Traceback (most recent call last),2031
76,task_008372_8d307eb5,6,216,1.0,traceback_in_exit0,traceback_only_no_test_failure,Traceback (most recent call last),1962
76,task_008372_8d307eb5,6,219,1.0,traceback_in_exit0,traceback_only_no_test_failure,Traceback (most recent call last),2049
76,task_008372_8d307eb5,6,220,0.0,traceback_in_exit0,traceback_only_no_test_failure,Traceback (most recent call last),2572
76,task_008372_8d307eb5,6,221,0.0,traceback_in_exit0,traceback_only_no_test_failure,Traceback (most recent call last),1845
77,task_001363_4e1f8979,3,97,1.0,traceback_in_exit0,traceback_only_no_test_failure,Traceback (most recent call last),1261
77,task_001363_4e1f8979,3,108,1.0,traceback_in_exit0,traceback_only_no_test_failure,Traceback (most recent call last),267
77,task_004879_e018e191,5,161,1.0,traceback_in_exit0,traceback_only_no_test_failure,Traceback (most recent call last),1936
77,task_004879_e018e191,5,162,1.0,traceback_in_exit0,traceback_only_no_test_failure,Traceback (most recent call last),532
77,task_004879_e018e191,5,163,1.0,traceback_in_exit0,traceback_only_no_test_failure,Traceback (most recent call last),1295
77,task_004879_e018e191,5,164,1.0,traceback_in_exit0,traceback_only_no_test_failure,Traceback (most recent call last),574
77,task_004879_e018e191,5,167,1.0,traceback_in_exit0,traceback_only_no_test_failure,Traceback (most recent call last),1406
77,task_004879_e018e191,5,171,1.0,traceback_in_exit0,traceback_only_no_test_failure,Traceback (most recent call last),1248
77,task_004879_e018e191,5,172,1.0,traceback_in_exit0,traceback_only_no_test_failure,Traceback (most recent call last),1323
77,task_004879_e018e191,5,173,1.0,traceback_in_exit0,traceback_only_no_test_failure,Traceback (most recent call last),1428
77,task_004879_e018e191,5,174,1.0,traceback_in_exit0,traceback_only_no_test_failure,Traceback (most recent call last),1396
77,task_004879_e018e191,5,175,1.0,traceback_in_exit0,traceback_only_no_test_failure,Traceback (most recent call last),1295
77,task_004879_e018e191,5,177,1.0,traceback_in_exit0,traceback_only_no_test_failure,Traceback (most recent call last),1247
77,task_004879_e018e191,5,179,1.0,traceback_in_exit0,traceback_only_no_test_failure,Traceback (most recent call last),630
77,task_004879_e018e191,5,180,1.0,traceback_in_exit0,traceback_only_no_test_failure,Traceback (most recent call last),1177
77,task_004879_e018e191,5,183,1.0,traceback_in_exit0,traceback_only_no_test_failure,Traceback (most recent call last),1838
77,task_004879_e018e191,5,184,1.0,traceback_in_exit0,traceback_only_no_test_failure,Traceback (most recent call last),518
77,task_004879_e018e191,5,187,1.0,traceback_in_exit0,traceback_only_no_test_failure,Traceback (most recent call last),518
77,task_004879_e018e191,5,188,1.0,traceback_in_exit0,traceback_only_no_test_failure,Traceback (most recent call last),2087
77,task_004879_e018e191,5,189,0.0,traceback_in_exit0,traceback_only_no_test_failure,Traceback (most recent call last),1937
77,task_004879_e018e191,5,190,1.0,traceback_in_exit0,traceback_only_no_test_failure,Traceback (most recent call last),1316
77,task_004879_e018e191,5,191,1.0,traceback_in_exit0,traceback_only_no_test_failure,Traceback (most recent call last),1149
78,task_001787_07903351,2,64,1.0,traceback_in_exit0,traceback_only_no_test_failure,Traceback (most recent call last),511
78,task_001787_07903351,2,65,0.0,traceback_in_exit0,traceback_only_no_test_failure,Traceback (most recent call last),537
78,task_001787_07903351,2,66,0.0,traceback_in_exit0,traceback_only_no_test_failure,Traceback (most recent call last),538
78,task_001787_07903351,2,68,0.0,traceback_in_exit0,traceback_only_no_test_failure,Traceback (most recent call last),537
78,task_001787_07903351,2,69,0.0,traceback_in_exit0,traceback_only_no_test_failure,Traceback (most recent call last),511
78,task_001787_07903351,2,70,1.0,traceback_in_exit0,traceback_only_no_test_failure,Traceback (most recent call last),483
78,task_001787_07903351,2,71,0.0,traceback_in_exit0,traceback_only_no_test_failure,Traceback (most recent call last),511
78,task_001787_07903351,2,73,0.0,traceback_in_exit0,traceback_only_no_test_failure,Traceback (most recent call last),1677
78,task_001787_07903351,2,75,1.0,traceback_in_exit0,traceback_only_no_test_failure,Traceback (most recent call last),829
78,task_001787_07903351,2,76,1.0,traceback_in_exit0,traceback_only_no_test_failure,Traceback (most recent call last),1301
78,task_001787_07903351,2,80,1.0,traceback_in_exit0,traceback_only_no_test_failure,Traceback (most recent call last),511
78,task_001787_07903351,2,83,1.0,traceback_in_exit0,traceback_only_no_test_failure,Traceback (most recent call last),466
78,task_001787_07903351,2,84,1.0,traceback_in_exit0,traceback_only_no_test_failure,Traceback (most recent call last),527
78,task_001787_07903351,2,85,0.0,traceback_in_exit0,traceback_only_no_test_failure,Traceback (most recent call last),511
78,task_001787_07903351,2,87,1.0,traceback_in_exit0,traceback_only_no_test_failure,Traceback (most recent call last),511
78,task_001787_07903351,2,88,1.0,traceback_in_exit0,traceback_only_no_test_failure,Traceback (most recent call last),1231
78,task_001787_07903351,2,89,1.0,traceback_in_exit0,traceback_only_no_test_failure,Traceback (most recent call last),1273
78,task_001787_07903351,2,90,0.0,traceback_in_exit0,traceback_only_no_test_failure,Traceback (most recent call last),525
78,task_001787_07903351,2,91,1.0,traceback_in_exit0,traceback_only_no_test_failure,Traceback (most recent call last),527
78,task_001787_07903351,2,92,1.0,traceback_in_exit0,traceback_only_no_test_failure,Traceback (most recent call last),931
78,task_001787_07903351,2,93,1.0,traceback_in_exit0,traceback_only_no_test_failure,Traceback (most recent call last),527
78,task_002903_97949187,7,225,0.0,traceback_in_exit0,traceback_only_no_test_failure,Traceback (most recent call last),145
78,task_002903_97949187,7,253,1.0,traceback_in_exit0,traceback_only_no_test_failure,Traceback (most recent call last),160
79,task_001981_276eefc5,1,36,0.0,traceback_in_exit0,traceback_only_no_test_failure,Traceback (most recent call last),1665
79,task_001981_276eefc5,1,62,0.0,traceback_in_exit0,traceback_only_no_test_failure,Traceback (most recent call last),1279
79,task_005530_2c968140,3,114,1.0,traceback_in_exit0,traceback_only_no_test_failure,Traceback (most recent call last),113
80,task_002282_3aa06f31,1,32,0.0,traceback_in_exit0,traceback_only_no_test_failure,Traceback (most recent call last),662
80,task_002282_3aa06f31,1,33,1.0,traceback_in_exit0,traceback_only_no_test_failure,Traceback (most recent call last),268
80,task_002282_3aa06f31,1,34,0.0,traceback_in_exit0,traceback_only_no_test_failure,Traceback (most recent call last),268
80,task_002282_3aa06f31,1,35,0.0,traceback_in_exit0,traceback_only_no_test_failure,Traceback (most recent call last),269
80,task_002282_3aa06f31,1,37,0.0,traceback_in_exit0,traceback_only_no_test_failure,Traceback (most recent call last),762
80,task_002282_3aa06f31,1,39,0.0,traceback_in_exit0,traceback_only_no_test_failure,Traceback (most recent call last),662
80,task_002282_3aa06f31,1,40,1.0,traceback_in_exit0,traceback_only_no_test_failure,Traceback (most recent call last),268
80,task_002282_3aa06f31,1,42,0.0,traceback_in_exit0,traceback_only_no_test_failure,Traceback (most recent call last),662
80,task_002282_3aa06f31,1,43,1.0,traceback_in_exit0,traceback_only_no_test_failure,Traceback (most recent call last),662
80,task_002282_3aa06f31,1,44,1.0,traceback_in_exit0,traceback_only_no_test_failure,Traceback (most recent call last),662
80,task_002282_3aa06f31,1,45,0.0,traceback_in_exit0,traceback_only_no_test_failure,Traceback (most recent call last),662
80,task_002282_3aa06f31,1,46,0.0,traceback_in_exit0,traceback_only_no_test_failure,Traceback (most recent call last),268
80,task_002282_3aa06f31,1,47,0.0,traceback_in_exit0,traceback_only_no_test_failure,Traceback (most recent call last),662
80,task_002282_3aa06f31,1,48,1.0,traceback_in_exit0,traceback_only_no_test_failure,Traceback (most recent call last),762
80,task_002282_3aa06f31,1,50,0.0,traceback_in_exit0,traceback_only_no_test_failure,Traceback (most recent call last),268
80,task_002282_3aa06f31,1,51,1.0,traceback_in_exit0,traceback_only_no_test_failure,Traceback (most recent call last),662
80,task_002282_3aa06f31,1,52,0.0,traceback_in_exit0,traceback_only_no_test_failure,Traceback (most recent call last),662
80,task_002282_3aa06f31,1,53,1.0,traceback_in_exit0,traceback_only_no_test_failure,Traceback (most recent call last),268
80,task_002282_3aa06f31,1,54,0.0,traceback_in_exit0,traceback_only_no_test_failure,Traceback (most recent call last),268
80,task_002282_3aa06f31,1,55,0.0,traceback_in_exit0,traceback_only_no_test_failure,Traceback (most recent call last),286
80,task_002282_3aa06f31,1,57,1.0,traceback_in_exit0,traceback_only_no_test_failure,Traceback (most recent call last),662
80,task_002282_3aa06f31,1,58,0.0,traceback_in_exit0,traceback_only_no_test_failure,Traceback (most recent call last),703
80,task_002282_3aa06f31,1,60,1.0,traceback_in_exit0,traceback_only_no_test_failure,Traceback (most recent call last),268
80,task_002282_3aa06f31,1,61,0.0,traceback_in_exit0,traceback_only_no_test_failure,Traceback (most recent call last),268
80,task_002282_3aa06f31,1,62,1.0,traceback_in_exit0,traceback_only_no_test_failure,Traceback (most recent call last),676
80,task_002282_3aa06f31,1,63,1.0,traceback_in_exit0,traceback_only_no_test_failure,Traceback (most recent call last),268
80,task_003371_7b9b54bd,3,108,1.0,traceback_in_exit0,traceback_only_no_test_failure,Traceback (most recent call last),162
80,task_007044_4d88ffec,5,160,0.0,traceback_in_exit0,traceback_only_no_test_failure,Traceback (most recent call last),303
80,task_007044_4d88ffec,5,181,0.0,traceback_in_exit0,traceback_only_no_test_failure,Traceback (most recent call last),350
80,task_002360_6a3a460b,6,201,1.0,traceback_in_exit0,traceback_only_no_test_failure,Traceback (most recent call last),787
81,task_007302_08786a0c,0,0,1.0,traceback_in_exit0,traceback_only_no_test_failure,Traceback (most recent call last),1679
81,task_007302_08786a0c,0,3,1.0,traceback_in_exit0,traceback_only_no_test_failure,Traceback (most recent call last),1153
81,task_007302_08786a0c,0,7,1.0,traceback_in_exit0,traceback_only_no_test_failure,Traceback (most recent call last),875
81,task_007302_08786a0c,0,8,1.0,traceback_in_exit0,traceback_only_no_test_failure,Traceback (most recent call last),1127
81,task_007302_08786a0c,0,23,1.0,traceback_in_exit0,traceback_only_no_test_failure,Traceback (most recent call last),1703
81,task_007302_08786a0c,0,25,1.0,traceback_in_exit0,traceback_only_no_test_failure,Traceback (most recent call last),1541
81,task_000475_b509da2d,1,60,1.0,traceback_in_exit0,traceback_only_no_test_failure,Traceback (most recent call last),277
81,task_002159_bc7fe439,2,95,0.0,traceback_in_exit0,traceback_only_no_test_failure,Traceback (most recent call last),146
81,task_000313_d08fded9,6,208,1.0,traceback_in_exit0,traceback_only_no_test_failure,Traceback (most recent call last),258
81,task_000313_d08fded9,6,212,1.0,traceback_in_exit0,traceback_only_no_test_failure,Traceback (most recent call last),148
81,task_000313_d08fded9,6,213,0.0,traceback_in_exit0,traceback_only_no_test_failure,Traceback (most recent call last),143
81,task_000313_d08fded9,6,218,0.0,traceback_in_exit0,traceback_only_no_test_failure,Traceback (most recent call last),296
81,task_000313_d08fded9,6,220,1.0,traceback_in_exit0,traceback_only_no_test_failure,Traceback (most recent call last),807
82,task_001941_623eefc2,0,0,0.0,traceback_in_exit0,traceback_only_no_test_failure,Traceback (most recent call last),265
82,task_001941_623eefc2,0,2,1.0,traceback_in_exit0,traceback_only_no_test_failure,Traceback (most recent call last),352
82,task_001941_623eefc2,0,5,0.0,traceback_in_exit0,traceback_only_no_test_failure,Traceback (most recent call last),209
82,task_001941_623eefc2,0,7,1.0,traceback_in_exit0,traceback_only_no_test_failure,Traceback (most recent call last),274
82,task_001941_623eefc2,0,9,1.0,traceback_in_exit0,traceback_only_no_test_failure,Traceback (most recent call last),342
82,task_001941_623eefc2,0,13,1.0,traceback_in_exit0,traceback_only_no_test_failure,Traceback (most recent call last),146
82,task_001941_623eefc2,0,14,1.0,traceback_in_exit0,traceback_only_no_test_failure,Traceback (most recent call last),273
82,task_001941_623eefc2,0,19,0.0,traceback_in_exit0,traceback_only_no_test_failure,Traceback (most recent call last),573
82,task_001941_623eefc2,0,21,1.0,traceback_in_exit0,traceback_only_no_test_failure,Traceback (most recent call last),341
82,task_001941_623eefc2,0,26,0.0,traceback_in_exit0,traceback_only_no_test_failure,Traceback (most recent call last),282
82,task_005322_d04d348a,1,35,0.0,traceback_in_exit0,traceback_only_no_test_failure,Traceback (most recent call last),1470
82,task_005322_d04d348a,1,38,0.0,traceback_in_exit0,traceback_only_no_test_failure,Traceback (most recent call last),844
82,task_005322_d04d348a,1,46,0.0,traceback_in_exit0,traceback_only_no_test_failure,Traceback (most recent call last),1058
82,task_005322_d04d348a,1,51,0.0,traceback_in_exit0,traceback_only_no_test_failure,Traceback (most recent call last),844
82,task_005322_d04d348a,1,57,0.0,traceback_in_exit0,traceback_only_no_test_failure,Traceback (most recent call last),844
82,task_005322_d04d348a,1,60,0.0,traceback_in_exit0,traceback_only_no_test_failure,Traceback (most recent call last),1681
82,task_005322_d04d348a,1,63,0.0,traceback_in_exit0,traceback_only_no_test_failure,Traceback (most recent call last),859
83,task_002585_765f6a0b,2,83,1.0,traceback_in_exit0,traceback_only_no_test_failure,Traceback (most recent call last),310
83,task_001785_36d83431,3,114,1.0,traceback_in_exit0,traceback_only_no_test_failure,Traceback (most recent call last),730
83,task_001785_36d83431,3,115,1.0,traceback_in_exit0,traceback_only_no_test_failure,Traceback (most recent call last),168
83,task_001785_36d83431,3,127,0.0,traceback_in_exit0,traceback_only_no_test_failure,Traceback (most recent call last),698
83,task_009334_6741ac3b,5,165,1.0,traceback_in_exit0,traceback_only_no_test_failure,Traceback (most recent call last),210
83,task_009334_6741ac3b,5,175,1.0,traceback_in_exit0,traceback_only_no_test_failure,Traceback (most recent call last),222
83,task_009334_6741ac3b,5,185,0.0,traceback_in_exit0,traceback_only_no_test_failure,Traceback (most recent call last),183
85,task_003976_3b9491b8,0,0,1.0,traceback_in_exit0,traceback_only_no_test_failure,Traceback (most recent call last),364
85,task_003976_3b9491b8,0,4,1.0,traceback_in_exit0,traceback_only_no_test_failure,Traceback (most recent call last),327
85,task_003976_3b9491b8,0,26,1.0,traceback_in_exit0,traceback_only_no_test_failure,Traceback (most recent call last),263
85,task_003416_87f2f9e1,1,52,1.0,traceback_in_exit0,traceback_only_no_test_failure,Traceback (most recent call last),285
85,task_005518_ff8a53a5,2,78,0.0,traceback_in_exit0,traceback_only_no_test_failure,Traceback (most recent call last),701
85,task_002855_a4f003ca,7,234,0.0,traceback_in_exit0,traceback_only_no_test_failure,Traceback (most recent call last),359
85,task_002855_a4f003ca,7,238,1.0,traceback_in_exit0,traceback_only_no_test_failure,Traceback (most recent call last),323
85,task_002855_a4f003ca,7,241,1.0,traceback_in_exit0,traceback_only_no_test_failure,Traceback (most recent call last),677
85,task_002855_a4f003ca,7,253,1.0,traceback_in_exit0,traceback_only_no_test_failure,Traceback (most recent call last),295
86,task_004248_71513b6b,1,34,1.0,traceback_in_exit0,traceback_only_no_test_failure,Traceback (most recent call last),853
86,task_000761_266ea87f,3,101,0.0,tests_failed_in_exit0,unexplained_exit0_with_test_failure,Test 1 FAILED,454
86,task_000761_266ea87f,3,105,0.0,traceback_in_exit0,traceback_only_no_test_failure,Traceback (most recent call last),269
86,task_006572_09369358,6,196,1.0,traceback_in_exit0,traceback_only_no_test_failure,Traceback (most recent call last),1071
86,task_006572_09369358,6,197,1.0,traceback_in_exit0,traceback_only_no_test_failure,Traceback (most recent call last),158
86,task_006572_09369358,6,201,0.0,traceback_in_exit0,traceback_only_no_test_failure,Traceback (most recent call last),140
86,task_006572_09369358,6,206,1.0,traceback_in_exit0,traceback_only_no_test_failure,Traceback (most recent call last),298
86,task_006572_09369358,6,218,0.0,traceback_in_exit0,traceback_only_no_test_failure,Traceback (most recent call last),175
87,task_007356_b74f70cc,0,16,0.0,traceback_in_exit0,traceback_only_no_test_failure,Traceback (most recent call last),543
87,task_007356_b74f70cc,0,19,0.0,traceback_in_exit0,traceback_only_no_test_failure,Traceback (most recent call last),194
87,task_007356_b74f70cc,0,20,0.0,traceback_in_exit0,traceback_only_no_test_failure,Traceback (most recent call last),450
87,task_007356_b74f70cc,0,21,0.0,traceback_in_exit0,traceback_only_no_test_failure,Traceback (most recent call last),346
87,task_007356_b74f70cc,0,24,1.0,traceback_in_exit0,traceback_only_no_test_failure,Traceback (most recent call last),135
87,task_007356_b74f70cc,0,27,0.0,traceback_in_exit0,traceback_only_no_test_failure,Traceback (most recent call last),359
87,task_000048_b0bd6829,5,160,1.0,traceback_in_exit0,traceback_only_no_test_failure,Traceback (most recent call last),6757
87,task_000048_b0bd6829,5,161,1.0,traceback_in_exit0,traceback_only_no_test_failure,Traceback (most recent call last),6503
87,task_000048_b0bd6829,5,163,1.0,traceback_in_exit0,traceback_only_no_test_failure,Traceback (most recent call last),6791
87,task_000048_b0bd6829,5,164,1.0,traceback_in_exit0,traceback_only_no_test_failure,Traceback (most recent call last),1071
87,task_000048_b0bd6829,5,165,1.0,traceback_in_exit0,traceback_only_no_test_failure,Traceback (most recent call last),2316
87,task_000048_b0bd6829,5,167,1.0,traceback_in_exit0,traceback_only_no_test_failure,Traceback (most recent call last),1963
87,task_000048_b0bd6829,5,168,1.0,traceback_in_exit0,traceback_only_no_test_failure,Traceback (most recent call last),256
87,task_000048_b0bd6829,5,169,1.0,traceback_in_exit0,traceback_only_no_test_failure,Traceback (most recent call last),6801
87,task_000048_b0bd6829,5,173,1.0,traceback_in_exit0,traceback_only_no_test_failure,Traceback (most recent call last),6759
87,task_000048_b0bd6829,5,174,1.0,traceback_in_exit0,traceback_only_no_test_failure,Traceback (most recent call last),8088
87,task_000048_b0bd6829,5,178,1.0,traceback_in_exit0,traceback_only_no_test_failure,Traceback (most recent call last),6812
87,task_000048_b0bd6829,5,179,1.0,traceback_in_exit0,traceback_only_no_test_failure,Traceback (most recent call last),10538
87,task_000048_b0bd6829,5,180,1.0,traceback_in_exit0,traceback_only_no_test_failure,Traceback (most recent call last),6637
87,task_000048_b0bd6829,5,182,1.0,traceback_in_exit0,traceback_only_no_test_failure,Traceback (most recent call last),9743
87,task_000048_b0bd6829,5,185,1.0,traceback_in_exit0,traceback_only_no_test_failure,Traceback (most recent call last),6611
87,task_000048_b0bd6829,5,187,1.0,traceback_in_exit0,traceback_only_no_test_failure,Traceback (most recent call last),6767
87,task_000048_b0bd6829,5,188,1.0,traceback_in_exit0,traceback_only_no_test_failure,Traceback (most recent call last),8310
87,task_000048_b0bd6829,5,191,1.0,traceback_in_exit0,traceback_only_no_test_failure,Traceback (most recent call last),258
87,task_002017_dc684bd1,6,199,1.0,traceback_in_exit0,traceback_only_no_test_failure,Traceback (most recent call last),639
87,task_001365_1ac12020,7,235,1.0,tests_failed_in_exit0,unexplained_exit0_with_test_failure,Test 7 FAILED,195
88,task_001700_5b792f6b,0,1,1.0,traceback_in_exit0,traceback_only_no_test_failure,Traceback (most recent call last),142
88,task_001700_5b792f6b,0,6,0.0,traceback_in_exit0,traceback_only_no_test_failure,Traceback (most recent call last),192
88,task_001700_5b792f6b,0,7,0.0,traceback_in_exit0,traceback_only_no_test_failure,Traceback (most recent call last),141
88,task_001700_5b792f6b,0,11,0.0,traceback_in_exit0,traceback_only_no_test_failure,Traceback (most recent call last),141
88,task_001700_5b792f6b,0,14,0.0,traceback_in_exit0,traceback_only_no_test_failure,Traceback (most recent call last),141
88,task_001700_5b792f6b,0,16,0.0,traceback_in_exit0,traceback_only_no_test_failure,Traceback (most recent call last),142
88,task_001700_5b792f6b,0,18,0.0,traceback_in_exit0,traceback_only_no_test_failure,Traceback (most recent call last),157
88,task_001700_5b792f6b,0,19,0.0,traceback_in_exit0,traceback_only_no_test_failure,Traceback (most recent call last),141
88,task_001700_5b792f6b,0,20,1.0,traceback_in_exit0,traceback_only_no_test_failure,Traceback (most recent call last),141
88,task_001700_5b792f6b,0,23,0.0,traceback_in_exit0,traceback_only_no_test_failure,Traceback (most recent call last),142
88,task_001457_079b30ef,1,32,0.0,traceback_in_exit0,traceback_only_no_test_failure,Traceback (most recent call last),547
88,task_001457_079b30ef,1,34,0.0,traceback_in_exit0,traceback_only_no_test_failure,Traceback (most recent call last),766
88,task_001457_079b30ef,1,35,0.0,traceback_in_exit0,traceback_only_no_test_failure,Traceback (most recent call last),739
88,task_001457_079b30ef,1,36,0.0,traceback_in_exit0,traceback_only_no_test_failure,Traceback (most recent call last),560
88,task_001457_079b30ef,1,38,0.0,traceback_in_exit0,traceback_only_no_test_failure,Traceback (most recent call last),1294
88,task_001457_079b30ef,1,39,0.0,traceback_in_exit0,traceback_only_no_test_failure,Traceback (most recent call last),765
88,task_001457_079b30ef,1,40,0.0,traceback_in_exit0,traceback_only_no_test_failure,Traceback (most recent call last),554
88,task_001457_079b30ef,1,41,0.0,traceback_in_exit0,traceback_only_no_test_failure,Traceback (most recent call last),771
88,task_001457_079b30ef,1,44,0.0,traceback_in_exit0,traceback_only_no_test_failure,Traceback (most recent call last),137
88,task_001457_079b30ef,1,45,0.0,traceback_in_exit0,traceback_only_no_test_failure,Traceback (most recent call last),644
88,task_001457_079b30ef,1,46,0.0,traceback_in_exit0,traceback_only_no_test_failure,Traceback (most recent call last),1393
88,task_001457_079b30ef,1,47,0.0,traceback_in_exit0,traceback_only_no_test_failure,Traceback (most recent call last),559
88,task_001457_079b30ef,1,49,0.0,traceback_in_exit0,traceback_only_no_test_failure,Traceback (most recent call last),530
88,task_001457_079b30ef,1,51,0.0,traceback_in_exit0,traceback_only_no_test_failure,Traceback (most recent call last),614
88,task_001457_079b30ef,1,53,0.0,traceback_in_exit0,traceback_only_no_test_failure,Traceback (most recent call last),643
88,task_001457_079b30ef,1,55,0.0,traceback_in_exit0,traceback_only_no_test_failure,Traceback (most recent call last),1268
88,task_001457_079b30ef,1,57,0.0,traceback_in_exit0,traceback_only_no_test_failure,Traceback (most recent call last),550
88,task_001457_079b30ef,1,59,0.0,traceback_in_exit0,traceback_only_no_test_failure,Traceback (most recent call last),534
88,task_001457_079b30ef,1,60,0.0,traceback_in_exit0,traceback_only_no_test_failure,Traceback (most recent call last),550
88,task_001457_079b30ef,1,63,0.0,traceback_in_exit0,traceback_only_no_test_failure,Traceback (most recent call last),530
88,task_004280_bb584e50,3,107,0.0,traceback_in_exit0,traceback_only_no_test_failure,Traceback (most recent call last),1566
88,task_000348_6d9e8578,6,195,1.0,traceback_in_exit0,traceback_only_no_test_failure,Traceback (most recent call last),289
88,task_000348_6d9e8578,6,198,1.0,traceback_in_exit0,traceback_only_no_test_failure,Traceback (most recent call last),376
88,task_000348_6d9e8578,6,203,1.0,traceback_in_exit0,traceback_only_no_test_failure,Traceback (most recent call last),255
89,task_005319_0d19e265,0,11,0.0,traceback_in_exit0,traceback_only_no_test_failure,Traceback (most recent call last),179
89,task_004676_0d510e6a,2,65,0.0,traceback_in_exit0,traceback_only_no_test_failure,Traceback (most recent call last),235
89,task_004676_0d510e6a,2,77,0.0,traceback_in_exit0,traceback_only_no_test_failure,Traceback (most recent call last),188
89,task_004676_0d510e6a,2,79,1.0,traceback_in_exit0,traceback_only_no_test_failure,Traceback (most recent call last),691
89,task_004676_0d510e6a,2,91,1.0,traceback_in_exit0,traceback_only_no_test_failure,Traceback (most recent call last),196
89,task_004676_0d510e6a,2,92,1.0,traceback_in_exit0,traceback_only_no_test_failure,Traceback (most recent call last),619
89,task_004291_edfaa2d9,3,99,0.0,traceback_in_exit0,traceback_only_no_test_failure,Traceback (most recent call last),643
89,task_004291_edfaa2d9,3,102,0.0,traceback_in_exit0,traceback_only_no_test_failure,Traceback (most recent call last),297
89,task_004291_edfaa2d9,3,104,0.0,traceback_in_exit0,traceback_only_no_test_failure,Traceback (most recent call last),305
89,task_004291_edfaa2d9,3,124,0.0,traceback_in_exit0,traceback_only_no_test_failure,Traceback (most recent call last),203
89,task_004889_40f143e5,4,129,1.0,traceback_in_exit0,traceback_only_no_test_failure,Traceback (most recent call last),186
89,task_004889_40f143e5,4,130,1.0,traceback_in_exit0,traceback_only_no_test_failure,Traceback (most recent call last),141
89,task_004889_40f143e5,4,139,0.0,traceback_in_exit0,traceback_only_no_test_failure,Traceback (most recent call last),465
89,task_004889_40f143e5,4,159,0.0,traceback_in_exit0,traceback_only_no_test_failure,Traceback (most recent call last),295
89,task_001991_111ac08b,5,175,1.0,traceback_in_exit0,traceback_only_no_test_failure,Traceback (most recent call last),248
89,task_001991_111ac08b,5,176,1.0,traceback_in_exit0,traceback_only_no_test_failure,Traceback (most recent call last),677
89,task_001991_111ac08b,5,190,1.0,traceback_in_exit0,traceback_only_no_test_failure,Traceback (most recent call last),145
89,task_001011_5b257953,6,197,1.0,traceback_in_exit0,traceback_only_no_test_failure,Traceback (most recent call last),1141
89,task_001011_5b257953,6,203,1.0,traceback_in_exit0,traceback_only_no_test_failure,Traceback (most recent call last),948
89,task_001011_5b257953,6,207,1.0,traceback_in_exit0,traceback_only_no_test_failure,Traceback (most recent call last),750
89,task_001011_5b257953,6,208,0.0,traceback_in_exit0,traceback_only_no_test_failure,Traceback (most recent call last),154
89,task_001011_5b257953,6,219,1.0,traceback_in_exit0,traceback_only_no_test_failure,Traceback (most recent call last),652
89,task_001011_5b257953,6,220,1.0,traceback_in_exit0,traceback_only_no_test_failure,Traceback (most recent call last),134
89,task_004295_809b1c00,7,229,1.0,traceback_in_exit0,traceback_only_no_test_failure,Traceback (most recent call last),518
89,task_004295_809b1c00,7,236,1.0,traceback_in_exit0,traceback_only_no_test_failure,Traceback (most recent call last),528
89,task_004295_809b1c00,7,239,1.0,traceback_in_exit0,traceback_only_no_test_failure,Traceback (most recent call last),849
89,task_004295_809b1c00,7,243,0.0,traceback_in_exit0,traceback_only_no_test_failure,Traceback (most recent call last),528
89,task_004295_809b1c00,7,250,1.0,traceback_in_exit0,traceback_only_no_test_failure,Traceback (most recent call last),545
89,task_004295_809b1c00,7,253,1.0,traceback_in_exit0,traceback_only_no_test_failure,Traceback (most recent call last),920
90,task_000263_23bac718,0,5,0.0,traceback_in_exit0,traceback_only_no_test_failure,Traceback (most recent call last),162
90,task_000263_23bac718,0,24,0.0,traceback_in_exit0,traceback_only_no_test_failure,Traceback (most recent call last),137
90,task_000263_23bac718,0,26,1.0,tests_failed_in_exit0,unexplained_exit0_with_test_failure,1 failed,106
90,task_008736_baca2d91,2,94,1.0,traceback_in_exit0,traceback_only_no_test_failure,Traceback (most recent call last),628
90,task_004739_8cf8a8c1,4,130,1.0,traceback_in_exit0,traceback_only_no_test_failure,Traceback (most recent call last),720
90,task_004739_8cf8a8c1,4,131,0.0,traceback_in_exit0,traceback_only_no_test_failure,Traceback (most recent call last),203
90,task_004739_8cf8a8c1,4,140,1.0,traceback_in_exit0,traceback_only_no_test_failure,Traceback (most recent call last),119
90,task_004739_8cf8a8c1,4,142,0.0,traceback_in_exit0,traceback_only_no_test_failure,Traceback (most recent call last),6113
90,task_004739_8cf8a8c1,4,143,1.0,traceback_in_exit0,traceback_only_no_test_failure,Traceback (most recent call last),1575
90,task_004739_8cf8a8c1,4,152,1.0,traceback_in_exit0,traceback_only_no_test_failure,Traceback (most recent call last),570
90,task_004739_8cf8a8c1,4,156,1.0,traceback_in_exit0,traceback_only_no_test_failure,Traceback (most recent call last),852
90,task_006231_a760f667,5,160,0.0,traceback_in_exit0,traceback_only_no_test_failure,Traceback (most recent call last),143
90,task_006231_a760f667,5,188,0.0,traceback_in_exit0,traceback_only_no_test_failure,Traceback (most recent call last),428
90,task_006231_a760f667,5,190,0.0,traceback_in_exit0,traceback_only_no_test_failure,Traceback (most recent call last),548
90,task_009069_dad36830,6,192,1.0,traceback_in_exit0,traceback_only_no_test_failure,Traceback (most recent call last),358
90,task_009069_dad36830,6,193,1.0,traceback_in_exit0,traceback_only_no_test_failure,Traceback (most recent call last),358
90,task_009069_dad36830,6,194,1.0,traceback_in_exit0,traceback_only_no_test_failure,Traceback (most recent call last),358
90,task_009069_dad36830,6,195,0.0,traceback_in_exit0,traceback_only_no_test_failure,Traceback (most recent call last),358
90,task_009069_dad36830,6,196,0.0,traceback_in_exit0,traceback_only_no_test_failure,Traceback (most recent call last),358
90,task_009069_dad36830,6,197,1.0,traceback_in_exit0,traceback_only_no_test_failure,Traceback (most recent call last),358
90,task_009069_dad36830,6,198,1.0,traceback_in_exit0,traceback_only_no_test_failure,Traceback (most recent call last),358
90,task_009069_dad36830,6,199,1.0,traceback_in_exit0,traceback_only_no_test_failure,Traceback (most recent call last),358
90,task_009069_dad36830,6,200,1.0,traceback_in_exit0,traceback_only_no_test_failure,Traceback (most recent call last),358
90,task_009069_dad36830,6,201,1.0,traceback_in_exit0,traceback_only_no_test_failure,Traceback (most recent call last),358
90,task_009069_dad36830,6,202,1.0,traceback_in_exit0,traceback_only_no_test_failure,Traceback (most recent call last),358
90,task_009069_dad36830,6,203,1.0,traceback_in_exit0,traceback_only_no_test_failure,Traceback (most recent call last),358
90,task_009069_dad36830,6,204,1.0,traceback_in_exit0,traceback_only_no_test_failure,Traceback (most recent call last),358
90,task_009069_dad36830,6,205,1.0,traceback_in_exit0,traceback_only_no_test_failure,Traceback (most recent call last),358
90,task_009069_dad36830,6,206,1.0,traceback_in_exit0,traceback_only_no_test_failure,Traceback (most recent call last),358
90,task_009069_dad36830,6,207,1.0,traceback_in_exit0,traceback_only_no_test_failure,Traceback (most recent call last),358
90,task_009069_dad36830,6,208,1.0,traceback_in_exit0,traceback_only_no_test_failure,Traceback (most recent call last),358
90,task_009069_dad36830,6,209,1.0,traceback_in_exit0,traceback_only_no_test_failure,Traceback (most recent call last),358
90,task_009069_dad36830,6,210,1.0,traceback_in_exit0,traceback_only_no_test_failure,Traceback (most recent call last),358
90,task_009069_dad36830,6,211,1.0,traceback_in_exit0,traceback_only_no_test_failure,Traceback (most recent call last),358
90,task_009069_dad36830,6,212,0.0,traceback_in_exit0,traceback_only_no_test_failure,Traceback (most recent call last),358
90,task_009069_dad36830,6,213,0.0,traceback_in_exit0,traceback_only_no_test_failure,Traceback (most recent call last),358
90,task_009069_dad36830,6,214,1.0,traceback_in_exit0,traceback_only_no_test_failure,Traceback (most recent call last),358
90,task_009069_dad36830,6,215,1.0,traceback_in_exit0,traceback_only_no_test_failure,Traceback (most recent call last),358
90,task_009069_dad36830,6,216,1.0,traceback_in_exit0,traceback_only_no_test_failure,Traceback (most recent call last),358
90,task_009069_dad36830,6,217,1.0,traceback_in_exit0,traceback_only_no_test_failure,Traceback (most recent call last),358
90,task_009069_dad36830,6,218,1.0,traceback_in_exit0,traceback_only_no_test_failure,Traceback (most recent call last),358
90,task_009069_dad36830,6,219,1.0,traceback_in_exit0,traceback_only_no_test_failure,Traceback (most recent call last),358
90,task_009069_dad36830,6,220,0.0,traceback_in_exit0,traceback_only_no_test_failure,Traceback (most recent call last),358
90,task_009069_dad36830,6,221,1.0,traceback_in_exit0,traceback_only_no_test_failure,Traceback (most recent call last),358
90,task_009069_dad36830,6,222,1.0,traceback_in_exit0,traceback_only_no_test_failure,Traceback (most recent call last),358
90,task_009069_dad36830,6,223,1.0,traceback_in_exit0,traceback_only_no_test_failure,Traceback (most recent call last),358
90,task_008926_ffa5a60a,7,246,1.0,traceback_in_exit0,traceback_only_no_test_failure,Traceback (most recent call last),657
91,task_002495_e9307351,5,160,0.0,traceback_in_exit0,traceback_only_no_test_failure,Traceback (most recent call last),166
91,task_002495_e9307351,5,170,0.0,traceback_in_exit0,traceback_only_no_test_failure,Traceback (most recent call last),126
91,task_005062_2eff2bc6,7,228,1.0,traceback_in_exit0,traceback_only_no_test_failure,Traceback (most recent call last),151
91,task_005062_2eff2bc6,7,241,0.0,traceback_in_exit0,traceback_only_no_test_failure,Traceback (most recent call last),541
92,task_006472_0dada86d,0,0,0.0,traceback_in_exit0,traceback_only_no_test_failure,Traceback (most recent call last),1014
92,task_001132_d6d0207c,2,66,1.0,traceback_in_exit0,traceback_only_no_test_failure,Traceback (most recent call last),255
92,task_001132_d6d0207c,2,87,1.0,traceback_in_exit0,traceback_only_no_test_failure,Traceback (most recent call last),605
92,task_001132_d6d0207c,2,94,1.0,traceback_in_exit0,traceback_only_no_test_failure,Traceback (most recent call last),3841
92,task_008003_14c1327d,3,120,0.0,traceback_in_exit0,traceback_only_no_test_failure,Traceback (most recent call last),846
92,task_004641_d933d24e,4,128,0.0,traceback_in_exit0,traceback_only_no_test_failure,Traceback (most recent call last),597
92,task_004641_d933d24e,4,132,0.0,traceback_in_exit0,traceback_only_no_test_failure,Traceback (most recent call last),195
92,task_004641_d933d24e,4,134,0.0,traceback_in_exit0,traceback_only_no_test_failure,Traceback (most recent call last),242
92,task_004641_d933d24e,4,135,0.0,tests_failed_in_exit0,unexplained_exit0_with_test_failure,TEST 1 FAILED,84
92,task_004641_d933d24e,4,138,0.0,traceback_in_exit0,traceback_only_no_test_failure,Traceback (most recent call last),174
92,task_004641_d933d24e,4,142,0.0,traceback_in_exit0,traceback_only_no_test_failure,Traceback (most recent call last),418
92,task_004641_d933d24e,4,156,0.0,tests_failed_in_exit0,unexplained_exit0_with_test_failure,1 failed,201
92,task_003545_fc9c5553,7,225,1.0,traceback_in_exit0,traceback_only_no_test_failure,Traceback (most recent call last),1209
92,task_003545_fc9c5553,7,226,1.0,traceback_in_exit0,traceback_only_no_test_failure,Traceback (most recent call last),426
92,task_003545_fc9c5553,7,228,1.0,traceback_in_exit0,traceback_only_no_test_failure,Traceback (most recent call last),788
92,task_003545_fc9c5553,7,232,1.0,traceback_in_exit0,traceback_only_no_test_failure,Traceback (most recent call last),787
92,task_003545_fc9c5553,7,236,1.0,traceback_in_exit0,traceback_only_no_test_failure,Traceback (most recent call last),423
92,task_003545_fc9c5553,7,240,1.0,traceback_in_exit0,traceback_only_no_test_failure,Traceback (most recent call last),401
92,task_003545_fc9c5553,7,242,1.0,traceback_in_exit0,traceback_only_no_test_failure,Traceback (most recent call last),690
92,task_003545_fc9c5553,7,243,1.0,traceback_in_exit0,traceback_only_no_test_failure,Traceback (most recent call last),361
92,task_003545_fc9c5553,7,244,1.0,traceback_in_exit0,traceback_only_no_test_failure,Traceback (most recent call last),422
92,task_003545_fc9c5553,7,247,1.0,traceback_in_exit0,traceback_only_no_test_failure,Traceback (most recent call last),428
92,task_003545_fc9c5553,7,250,1.0,traceback_in_exit0,traceback_only_no_test_failure,Traceback (most recent call last),511
92,task_003545_fc9c5553,7,252,1.0,traceback_in_exit0,traceback_only_no_test_failure,Traceback (most recent call last),452
92,task_003545_fc9c5553,7,253,1.0,traceback_in_exit0,traceback_only_no_test_failure,Traceback (most recent call last),426
93,task_002784_958bbbbb,0,13,1.0,tests_failed_in_exit0,unexplained_exit0_with_test_failure,Test 1 FAILED,91
93,task_000374_4d76e365,1,32,0.0,traceback_in_exit0,traceback_only_no_test_failure,Traceback (most recent call last),557
93,task_000374_4d76e365,1,34,1.0,traceback_in_exit0,traceback_only_no_test_failure,Traceback (most recent call last),1217
93,task_000374_4d76e365,1,35,0.0,traceback_in_exit0,traceback_only_no_test_failure,Traceback (most recent call last),1160
93,task_000374_4d76e365,1,36,0.0,traceback_in_exit0,traceback_only_no_test_failure,Traceback (most recent call last),1875
93,task_000374_4d76e365,1,37,0.0,traceback_in_exit0,traceback_only_no_test_failure,Traceback (most recent call last),1059
93,task_000374_4d76e365,1,39,0.0,traceback_in_exit0,traceback_only_no_test_failure,Traceback (most recent call last),364
93,task_000374_4d76e365,1,40,0.0,traceback_in_exit0,traceback_only_no_test_failure,Traceback (most recent call last),528
93,task_000374_4d76e365,1,41,0.0,traceback_in_exit0,traceback_only_no_test_failure,Traceback (most recent call last),1258
93,task_000374_4d76e365,1,42,0.0,traceback_in_exit0,traceback_only_no_test_failure,Traceback (most recent call last),692
93,task_000374_4d76e365,1,44,0.0,traceback_in_exit0,traceback_only_no_test_failure,Traceback (most recent call last),1216
93,task_000374_4d76e365,1,45,0.0,traceback_in_exit0,traceback_only_no_test_failure,Traceback (most recent call last),1106
93,task_000374_4d76e365,1,46,1.0,traceback_in_exit0,traceback_only_no_test_failure,Traceback (most recent call last),785
93,task_000374_4d76e365,1,47,0.0,traceback_in_exit0,traceback_only_no_test_failure,Traceback (most recent call last),567
93,task_000374_4d76e365,1,48,0.0,traceback_in_exit0,traceback_only_no_test_failure,Traceback (most recent call last),720
93,task_000374_4d76e365,1,49,0.0,traceback_in_exit0,traceback_only_no_test_failure,Traceback (most recent call last),1476
93,task_000374_4d76e365,1,51,1.0,traceback_in_exit0,traceback_only_no_test_failure,Traceback (most recent call last),1041
93,task_000374_4d76e365,1,52,0.0,traceback_in_exit0,traceback_only_no_test_failure,Traceback (most recent call last),778
93,task_000374_4d76e365,1,53,0.0,traceback_in_exit0,traceback_only_no_test_failure,Traceback (most recent call last),1050
93,task_000374_4d76e365,1,54,1.0,traceback_in_exit0,traceback_only_no_test_failure,Traceback (most recent call last),1134
93,task_000374_4d76e365,1,55,1.0,traceback_in_exit0,traceback_only_no_test_failure,Traceback (most recent call last),1127
93,task_000374_4d76e365,1,56,1.0,traceback_in_exit0,traceback_only_no_test_failure,Traceback (most recent call last),343
93,task_000374_4d76e365,1,57,0.0,traceback_in_exit0,traceback_only_no_test_failure,Traceback (most recent call last),757
93,task_000374_4d76e365,1,58,1.0,traceback_in_exit0,traceback_only_no_test_failure,Traceback (most recent call last),785
93,task_000374_4d76e365,1,59,1.0,traceback_in_exit0,traceback_only_no_test_failure,Traceback (most recent call last),1041
93,task_000374_4d76e365,1,61,1.0,traceback_in_exit0,traceback_only_no_test_failure,Traceback (most recent call last),558
93,task_000374_4d76e365,1,62,0.0,traceback_in_exit0,traceback_only_no_test_failure,Traceback (most recent call last),1220
93,task_000374_4d76e365,1,63,1.0,traceback_in_exit0,traceback_only_no_test_failure,Traceback (most recent call last),785
93,task_000881_2df7f387,4,133,1.0,tests_failed_in_exit0,unexplained_exit0_with_test_failure,50 failed,9715
93,task_000881_2df7f387,4,139,1.0,tests_failed_in_exit0,unexplained_exit0_with_test_failure,50 failed,3837
93,task_000881_2df7f387,4,149,1.0,tests_failed_in_exit0,unexplained_exit0_with_test_failure,50 failed,1904
93,task_000881_2df7f387,4,156,1.0,tests_failed_in_exit0,unexplained_exit0_with_test_failure,50 failed,81
94,task_003022_4f6c6ad9,4,134,0.0,traceback_in_exit0,traceback_only_no_test_failure,Traceback (most recent call last),264
94,task_003022_4f6c6ad9,4,139,1.0,traceback_in_exit0,traceback_only_no_test_failure,Traceback (most recent call last),6926
94,task_003022_4f6c6ad9,4,148,1.0,traceback_in_exit0,traceback_only_no_test_failure,Traceback (most recent call last),1099
94,task_000082_2eaba7e4,5,166,0.0,traceback_in_exit0,traceback_only_no_test_failure,Traceback (most recent call last),177
94,task_000082_2eaba7e4,5,174,0.0,traceback_in_exit0,traceback_only_no_test_failure,Traceback (most recent call last),741
95,task_003310_92d04b5c,0,21,1.0,traceback_in_exit0,traceback_only_no_test_failure,Traceback (most recent call last),218
95,task_004531_ed63449e,1,32,0.0,traceback_in_exit0,traceback_only_no_test_failure,Traceback (most recent call last),464
95,task_004531_ed63449e,1,33,0.0,traceback_in_exit0,traceback_only_no_test_failure,Traceback (most recent call last),464
95,task_004531_ed63449e,1,34,1.0,traceback_in_exit0,traceback_only_no_test_failure,Traceback (most recent call last),464
95,task_004531_ed63449e,1,35,0.0,traceback_in_exit0,traceback_only_no_test_failure,Traceback (most recent call last),624
95,task_004531_ed63449e,1,36,0.0,traceback_in_exit0,traceback_only_no_test_failure,Traceback (most recent call last),464
95,task_004531_ed63449e,1,37,0.0,traceback_in_exit0,traceback_only_no_test_failure,Traceback (most recent call last),486
95,task_004531_ed63449e,1,39,1.0,traceback_in_exit0,traceback_only_no_test_failure,Traceback (most recent call last),441
95,task_004531_ed63449e,1,40,0.0,traceback_in_exit0,traceback_only_no_test_failure,Traceback (most recent call last),464
95,task_004531_ed63449e,1,41,1.0,traceback_in_exit0,traceback_only_no_test_failure,Traceback (most recent call last),410
95,task_004531_ed63449e,1,42,0.0,traceback_in_exit0,traceback_only_no_test_failure,Traceback (most recent call last),464
95,task_004531_ed63449e,1,43,1.0,traceback_in_exit0,traceback_only_no_test_failure,Traceback (most recent call last),441
95,task_004531_ed63449e,1,44,0.0,traceback_in_exit0,traceback_only_no_test_failure,Traceback (most recent call last),464
95,task_004531_ed63449e,1,45,1.0,traceback_in_exit0,traceback_only_no_test_failure,Traceback (most recent call last),410
95,task_004531_ed63449e,1,46,0.0,traceback_in_exit0,traceback_only_no_test_failure,Traceback (most recent call last),459
95,task_004531_ed63449e,1,47,1.0,traceback_in_exit0,traceback_only_no_test_failure,Traceback (most recent call last),464
95,task_004531_ed63449e,1,48,0.0,traceback_in_exit0,traceback_only_no_test_failure,Traceback (most recent call last),411
95,task_004531_ed63449e,1,49,0.0,traceback_in_exit0,traceback_only_no_test_failure,Traceback (most recent call last),428
95,task_004531_ed63449e,1,50,1.0,traceback_in_exit0,traceback_only_no_test_failure,Traceback (most recent call last),464
95,task_004531_ed63449e,1,51,1.0,traceback_in_exit0,traceback_only_no_test_failure,Traceback (most recent call last),464
95,task_004531_ed63449e,1,52,0.0,traceback_in_exit0,traceback_only_no_test_failure,Traceback (most recent call last),428
95,task_004531_ed63449e,1,53,0.0,traceback_in_exit0,traceback_only_no_test_failure,Traceback (most recent call last),410
95,task_004531_ed63449e,1,54,1.0,traceback_in_exit0,traceback_only_no_test_failure,Traceback (most recent call last),437
95,task_004531_ed63449e,1,55,0.0,traceback_in_exit0,traceback_only_no_test_failure,Traceback (most recent call last),410
95,task_004531_ed63449e,1,56,0.0,traceback_in_exit0,traceback_only_no_test_failure,Traceback (most recent call last),464
95,task_004531_ed63449e,1,58,1.0,traceback_in_exit0,traceback_only_no_test_failure,Traceback (most recent call last),434
95,task_004531_ed63449e,1,59,0.0,traceback_in_exit0,traceback_only_no_test_failure,Traceback (most recent call last),464
95,task_004531_ed63449e,1,60,0.0,traceback_in_exit0,traceback_only_no_test_failure,Traceback (most recent call last),464
95,task_004531_ed63449e,1,61,1.0,traceback_in_exit0,traceback_only_no_test_failure,Traceback (most recent call last),464
95,task_004531_ed63449e,1,62,0.0,traceback_in_exit0,traceback_only_no_test_failure,Traceback (most recent call last),464
95,task_004531_ed63449e,1,63,0.0,traceback_in_exit0,traceback_only_no_test_failure,Traceback (most recent call last),464
95,task_001788_702a979a,2,66,1.0,traceback_in_exit0,traceback_only_no_test_failure,Traceback (most recent call last),385
95,task_001788_702a979a,2,77,0.0,traceback_in_exit0,traceback_only_no_test_failure,Traceback (most recent call last),375
95,task_001788_702a979a,2,78,0.0,traceback_in_exit0,traceback_only_no_test_failure,Traceback (most recent call last),1117
95,task_001788_702a979a,2,84,1.0,traceback_in_exit0,traceback_only_no_test_failure,Traceback (most recent call last),218
95,task_003401_df59c69e,6,194,0.0,traceback_in_exit0,traceback_only_no_test_failure,Traceback (most recent call last),439
95,task_003401_df59c69e,6,195,0.0,traceback_in_exit0,traceback_only_no_test_failure,Traceback (most recent call last),1011
95,task_003401_df59c69e,6,196,1.0,traceback_in_exit0,traceback_only_no_test_failure,Traceback (most recent call last),468
95,task_003401_df59c69e,6,200,0.0,traceback_in_exit0,traceback_only_no_test_failure,Traceback (most recent call last),340
95,task_003401_df59c69e,6,213,0.0,traceback_in_exit0,traceback_only_no_test_failure,Traceback (most recent call last),532
95,task_003401_df59c69e,6,214,0.0,traceback_in_exit0,traceback_only_no_test_failure,Traceback (most recent call last),452
95,task_003401_df59c69e,6,215,1.0,traceback_in_exit0,traceback_only_no_test_failure,Traceback (most recent call last),375
95,task_003401_df59c69e,6,219,0.0,traceback_in_exit0,traceback_only_no_test_failure,Traceback (most recent call last),512
96,task_003633_ef230dca,2,72,1.0,traceback_in_exit0,traceback_only_no_test_failure,Traceback (most recent call last),614
96,task_003633_ef230dca,2,77,0.0,traceback_in_exit0,traceback_only_no_test_failure,Traceback (most recent call last),642
96,task_003633_ef230dca,2,91,0.0,traceback_in_exit0,traceback_only_no_test_failure,Traceback (most recent call last),487
96,task_003633_ef230dca,2,94,0.0,traceback_in_exit0,traceback_only_no_test_failure,Traceback (most recent call last),137
96,task_002454_3b501811,3,97,1.0,traceback_in_exit0,traceback_only_no_test_failure,Traceback (most recent call last),8414
96,task_002454_3b501811,3,99,1.0,traceback_in_exit0,traceback_only_no_test_failure,Traceback (most recent call last),8635
96,task_002454_3b501811,3,100,1.0,traceback_in_exit0,traceback_only_no_test_failure,Traceback (most recent call last),8132
96,task_002454_3b501811,3,101,1.0,traceback_in_exit0,traceback_only_no_test_failure,Traceback (most recent call last),8172
96,task_002454_3b501811,3,102,1.0,traceback_in_exit0,traceback_only_no_test_failure,Traceback (most recent call last),10541
96,task_002454_3b501811,3,103,1.0,traceback_in_exit0,traceback_only_no_test_failure,Traceback (most recent call last),5417
96,task_002454_3b501811,3,104,1.0,traceback_in_exit0,traceback_only_no_test_failure,Traceback (most recent call last),8177
96,task_002454_3b501811,3,106,1.0,traceback_in_exit0,traceback_only_no_test_failure,Traceback (most recent call last),8937
96,task_002454_3b501811,3,107,1.0,traceback_in_exit0,traceback_only_no_test_failure,Traceback (most recent call last),8192
96,task_002454_3b501811,3,108,1.0,traceback_in_exit0,traceback_only_no_test_failure,Traceback (most recent call last),8001
96,task_002454_3b501811,3,113,1.0,traceback_in_exit0,traceback_only_no_test_failure,Traceback (most recent call last),8132
96,task_002454_3b501811,3,114,1.0,traceback_in_exit0,traceback_only_no_test_failure,Traceback (most recent call last),8176
96,task_002454_3b501811,3,115,1.0,traceback_in_exit0,traceback_only_no_test_failure,Traceback (most recent call last),999
96,task_002454_3b501811,3,116,1.0,traceback_in_exit0,traceback_only_no_test_failure,Traceback (most recent call last),1713
96,task_002454_3b501811,3,117,1.0,traceback_in_exit0,traceback_only_no_test_failure,Traceback (most recent call last),7707
96,task_002454_3b501811,3,119,1.0,traceback_in_exit0,traceback_only_no_test_failure,Traceback (most recent call last),9029
96,task_002454_3b501811,3,120,0.0,traceback_in_exit0,traceback_only_no_test_failure,Traceback (most recent call last),7846
96,task_002454_3b501811,3,122,1.0,traceback_in_exit0,traceback_only_no_test_failure,Traceback (most recent call last),8220
96,task_002454_3b501811,3,124,1.0,traceback_in_exit0,traceback_only_no_test_failure,Traceback (most recent call last),6005
96,task_002454_3b501811,3,125,1.0,traceback_in_exit0,traceback_only_no_test_failure,Traceback (most recent call last),10541
96,task_002454_3b501811,3,126,1.0,traceback_in_exit0,traceback_only_no_test_failure,Traceback (most recent call last),1806
96,task_002454_3b501811,3,127,1.0,traceback_in_exit0,traceback_only_no_test_failure,Traceback (most recent call last),8096
96,task_001839_e86e80ab,6,198,1.0,traceback_in_exit0,traceback_only_no_test_failure,Traceback (most recent call last),309
96,task_001839_e86e80ab,6,208,1.0,traceback_in_exit0,traceback_only_no_test_failure,Traceback (most recent call last),165
96,task_001839_e86e80ab,6,215,1.0,traceback_in_exit0,traceback_only_no_test_failure,Traceback (most recent call last),10541
96,task_000345_6af368a1,7,228,0.0,traceback_in_exit0,traceback_only_no_test_failure,Traceback (most recent call last),277
96,task_000345_6af368a1,7,249,0.0,traceback_in_exit0,traceback_only_no_test_failure,Traceback (most recent call last),216
96,task_000345_6af368a1,7,251,0.0,traceback_in_exit0,traceback_only_no_test_failure,Traceback (most recent call last),163
97,task_001356_e7d2988c,0,2,0.0,traceback_in_exit0,traceback_only_no_test_failure,Traceback (most recent call last),310
97,task_001356_e7d2988c,0,5,1.0,traceback_in_exit0,traceback_only_no_test_failure,Traceback (most recent call last),265
97,task_001356_e7d2988c,0,7,0.0,traceback_in_exit0,traceback_only_no_test_failure,Traceback (most recent call last),246
97,task_001356_e7d2988c,0,8,0.0,traceback_in_exit0,traceback_only_no_test_failure,Traceback (most recent call last),1656
97,task_001356_e7d2988c,0,9,0.0,traceback_in_exit0,traceback_only_no_test_failure,Traceback (most recent call last),268
97,task_001356_e7d2988c,0,11,1.0,traceback_in_exit0,traceback_only_no_test_failure,Traceback (most recent call last),299
97,task_001356_e7d2988c,0,14,0.0,traceback_in_exit0,traceback_only_no_test_failure,Traceback (most recent call last),273
97,task_001356_e7d2988c,0,15,0.0,traceback_in_exit0,traceback_only_no_test_failure,Traceback (most recent call last),240
97,task_001356_e7d2988c,0,16,0.0,traceback_in_exit0,traceback_only_no_test_failure,Traceback (most recent call last),269
97,task_001356_e7d2988c,0,17,0.0,traceback_in_exit0,traceback_only_no_test_failure,Traceback (most recent call last),240
97,task_001356_e7d2988c,0,18,0.0,traceback_in_exit0,traceback_only_no_test_failure,Traceback (most recent call last),263
97,task_001356_e7d2988c,0,19,1.0,traceback_in_exit0,traceback_only_no_test_failure,Traceback (most recent call last),246
97,task_001356_e7d2988c,0,20,0.0,traceback_in_exit0,traceback_only_no_test_failure,Traceback (most recent call last),282
97,task_001356_e7d2988c,0,21,0.0,traceback_in_exit0,traceback_only_no_test_failure,Traceback (most recent call last),259
97,task_001356_e7d2988c,0,22,1.0,traceback_in_exit0,traceback_only_no_test_failure,Traceback (most recent call last),260
97,task_001356_e7d2988c,0,23,0.0,traceback_in_exit0,traceback_only_no_test_failure,Traceback (most recent call last),1014
97,task_001356_e7d2988c,0,24,0.0,traceback_in_exit0,traceback_only_no_test_failure,Traceback (most recent call last),10543
97,task_001356_e7d2988c,0,25,0.0,traceback_in_exit0,traceback_only_no_test_failure,Traceback (most recent call last),984
97,task_001356_e7d2988c,0,26,0.0,traceback_in_exit0,traceback_only_no_test_failure,Traceback (most recent call last),293
97,task_001356_e7d2988c,0,28,0.0,traceback_in_exit0,traceback_only_no_test_failure,Traceback (most recent call last),1049
97,task_001356_e7d2988c,0,29,1.0,traceback_in_exit0,traceback_only_no_test_failure,Traceback (most recent call last),286
97,task_001356_e7d2988c,0,30,0.0,traceback_in_exit0,traceback_only_no_test_failure,Traceback (most recent call last),240
97,task_001356_e7d2988c,0,31,0.0,traceback_in_exit0,traceback_only_no_test_failure,Traceback (most recent call last),1195
97,task_001027_ee5a0b13,2,75,0.0,traceback_in_exit0,traceback_only_no_test_failure,Traceback (most recent call last),1276
97,task_005160_b4243f50,6,214,1.0,traceback_in_exit0,traceback_only_no_test_failure,Traceback (most recent call last),984
98,task_003181_e7888db0,0,27,0.0,traceback_in_exit0,traceback_only_no_test_failure,Traceback (most recent call last),114
98,task_003665_fff24df0,2,68,1.0,traceback_in_exit0,traceback_only_no_test_failure,Traceback (most recent call last),204
98,task_003665_fff24df0,2,74,1.0,traceback_in_exit0,traceback_only_no_test_failure,Traceback (most recent call last),187
98,task_003665_fff24df0,2,75,1.0,traceback_in_exit0,traceback_only_no_test_failure,Traceback (most recent call last),204
98,task_003665_fff24df0,2,78,1.0,traceback_in_exit0,traceback_only_no_test_failure,Traceback (most recent call last),988
98,task_003665_fff24df0,2,80,1.0,traceback_in_exit0,traceback_only_no_test_failure,Traceback (most recent call last),187
98,task_003665_fff24df0,2,85,1.0,traceback_in_exit0,traceback_only_no_test_failure,Traceback (most recent call last),357
98,task_003665_fff24df0,2,88,1.0,traceback_in_exit0,traceback_only_no_test_failure,Traceback (most recent call last),187
98,task_003665_fff24df0,2,92,1.0,traceback_in_exit0,traceback_only_no_test_failure,Traceback (most recent call last),1045
98,task_003665_fff24df0,2,94,1.0,traceback_in_exit0,traceback_only_no_test_failure,Traceback (most recent call last),1036
98,task_004612_89ff8e44,4,132,1.0,traceback_in_exit0,traceback_only_no_test_failure,Traceback (most recent call last),10542
98,task_000818_4696c476,6,192,0.0,traceback_in_exit0,traceback_only_no_test_failure,Traceback (most recent call last),366
98,task_000818_4696c476,6,193,0.0,traceback_in_exit0,traceback_only_no_test_failure,Traceback (most recent call last),932
98,task_000818_4696c476,6,194,1.0,traceback_in_exit0,traceback_only_no_test_failure,Traceback (most recent call last),511
98,task_000818_4696c476,6,195,0.0,traceback_in_exit0,traceback_only_no_test_failure,Traceback (most recent call last),451
98,task_000818_4696c476,6,197,0.0,traceback_in_exit0,traceback_only_no_test_failure,Traceback (most recent call last),153
98,task_000818_4696c476,6,199,0.0,traceback_in_exit0,traceback_only_no_test_failure,Traceback (most recent call last),928
98,task_000818_4696c476,6,200,0.0,traceback_in_exit0,traceback_only_no_test_failure,Traceback (most recent call last),975
98,task_000818_4696c476,6,202,0.0,traceback_in_exit0,traceback_only_no_test_failure,Traceback (most recent call last),1228
98,task_000818_4696c476,6,204,0.0,traceback_in_exit0,traceback_only_no_test_failure,Traceback (most recent call last),374
98,task_000818_4696c476,6,205,0.0,traceback_in_exit0,traceback_only_no_test_failure,Traceback (most recent call last),388
98,task_000818_4696c476,6,207,0.0,traceback_in_exit0,traceback_only_no_test_failure,Traceback (most recent call last),1193
98,task_000818_4696c476,6,209,0.0,traceback_in_exit0,traceback_only_no_test_failure,Traceback (most recent call last),456
98,task_000818_4696c476,6,210,0.0,traceback_in_exit0,traceback_only_no_test_failure,Traceback (most recent call last),700
98,task_000818_4696c476,6,211,0.0,traceback_in_exit0,traceback_only_no_test_failure,Traceback (most recent call last),596
98,task_000818_4696c476,6,212,0.0,traceback_in_exit0,traceback_only_no_test_failure,Traceback (most recent call last),931
98,task_000818_4696c476,6,216,0.0,traceback_in_exit0,traceback_only_no_test_failure,Traceback (most recent call last),1014
98,task_000358_7a4a86dd,7,247,0.0,traceback_in_exit0,traceback_only_no_test_failure,Traceback (most recent call last),742
99,task_004553_75e802db,0,8,1.0,traceback_in_exit0,traceback_only_no_test_failure,Traceback (most recent call last),1036
99,task_003172_d5e3f9be,4,128,1.0,traceback_in_exit0,traceback_only_no_test_failure,Traceback (most recent call last),145
99,task_003172_d5e3f9be,4,136,1.0,traceback_in_exit0,traceback_only_no_test_failure,Traceback (most recent call last),457
99,task_003172_d5e3f9be,4,137,1.0,traceback_in_exit0,traceback_only_no_test_failure,Traceback (most recent call last),611
99,task_003172_d5e3f9be,4,138,1.0,traceback_in_exit0,traceback_only_no_test_failure,Traceback (most recent call last),161
99,task_003172_d5e3f9be,4,142,1.0,traceback_in_exit0,traceback_only_no_test_failure,Traceback (most recent call last),319
99,task_003172_d5e3f9be,4,145,1.0,traceback_in_exit0,traceback_only_no_test_failure,Traceback (most recent call last),392
99,task_003172_d5e3f9be,4,148,1.0,traceback_in_exit0,traceback_only_no_test_failure,Traceback (most recent call last),773
99,task_003172_d5e3f9be,4,150,0.0,traceback_in_exit0,traceback_only_no_test_failure,Traceback (most recent call last),140
99,task_003172_d5e3f9be,4,151,1.0,traceback_in_exit0,traceback_only_no_test_failure,Traceback (most recent call last),477
99,task_003172_d5e3f9be,4,156,1.0,traceback_in_exit0,traceback_only_no_test_failure,Traceback (most recent call last),729
99,task_002590_1ced00de,6,198,1.0,traceback_in_exit0,traceback_only_no_test_failure,Traceback (most recent call last),325
99,task_002590_1ced00de,6,209,1.0,traceback_in_exit0,traceback_only_no_test_failure,Traceback (most recent call last),261
99,task_002590_1ced00de,6,210,1.0,traceback_in_exit0,traceback_only_no_test_failure,Traceback (most recent call last),274
99,task_002590_1ced00de,6,211,1.0,traceback_in_exit0,traceback_only_no_test_failure,Traceback (most recent call last),311
99,task_002590_1ced00de,6,214,1.0,traceback_in_exit0,traceback_only_no_test_failure,Traceback (most recent call last),308
99,task_002590_1ced00de,6,219,1.0,traceback_in_exit0,traceback_only_no_test_failure,Traceback (most recent call last),181
99,task_002590_1ced00de,6,222,1.0,traceback_in_exit0,traceback_only_no_test_failure,Traceback (most recent call last),532
100,task_004442_33c5e860,0,6,1.0,traceback_in_exit0,traceback_only_no_test_failure,Traceback (most recent call last),471
100,task_004442_33c5e860,0,18,1.0,traceback_in_exit0,traceback_only_no_test_failure,Traceback (most recent call last),621
100,task_004442_33c5e860,0,20,0.0,traceback_in_exit0,traceback_only_no_test_failure,Traceback (most recent call last),395
100,task_004442_33c5e860,0,30,1.0,traceback_in_exit0,traceback_only_no_test_failure,Traceback (most recent call last),427
100,task_004442_33c5e860,0,31,1.0,traceback_in_exit0,traceback_only_no_test_failure,Traceback (most recent call last),751
100,task_004925_29feefc5,1,37,0.0,tests_failed_in_exit0,unexplained_exit0_with_test_failure,1 failed,1326
100,task_004925_29feefc5,1,39,0.0,tests_failed_in_exit0,unexplained_exit0_with_test_failure,1 failed,963
100,task_004925_29feefc5,1,41,0.0,tests_failed_in_exit0,unexplained_exit0_with_test_failure,1 failed,1351
100,task_004925_29feefc5,1,44,0.0,tests_failed_in_exit0,unexplained_exit0_with_test_failure,1 failed,1274
100,task_004925_29feefc5,1,60,1.0,tests_failed_in_exit0,unexplained_exit0_with_test_failure,1 failed,1274
100,task_004598_022cca30,2,66,0.0,traceback_in_exit0,traceback_only_no_test_failure,Traceback (most recent call last),142
100,task_004598_022cca30,2,72,0.0,traceback_in_exit0,traceback_only_no_test_failure,Traceback (most recent call last),230
100,task_009368_3f22347d,5,160,0.0,traceback_in_exit0,traceback_only_no_test_failure,Traceback (most recent call last),542
100,task_009368_3f22347d,5,161,0.0,traceback_in_exit0,traceback_only_no_test_failure,Traceback (most recent call last),542
100,task_009368_3f22347d,5,162,0.0,traceback_in_exit0,traceback_only_no_test_failure,Traceback (most recent call last),833
100,task_009368_3f22347d,5,163,0.0,traceback_in_exit0,traceback_only_no_test_failure,Traceback (most recent call last),599
100,task_009368_3f22347d,5,164,0.0,traceback_in_exit0,traceback_only_no_test_failure,Traceback (most recent call last),542
100,task_009368_3f22347d,5,165,0.0,traceback_in_exit0,traceback_only_no_test_failure,Traceback (most recent call last),683
100,task_009368_3f22347d,5,166,0.0,traceback_in_exit0,traceback_only_no_test_failure,Traceback (most recent call last),542
100,task_009368_3f22347d,5,167,0.0,traceback_in_exit0,traceback_only_no_test_failure,Traceback (most recent call last),542
100,task_009368_3f22347d,5,168,0.0,traceback_in_exit0,traceback_only_no_test_failure,Traceback (most recent call last),542
100,task_009368_3f22347d,5,169,0.0,traceback_in_exit0,traceback_only_no_test_failure,Traceback (most recent call last),796
100,task_009368_3f22347d,5,170,0.0,traceback_in_exit0,traceback_only_no_test_failure,Traceback (most recent call last),743
100,task_009368_3f22347d,5,173,0.0,traceback_in_exit0,traceback_only_no_test_failure,Traceback (most recent call last),727
100,task_009368_3f22347d,5,174,0.0,traceback_in_exit0,traceback_only_no_test_failure,Traceback (most recent call last),542
100,task_009368_3f22347d,5,175,0.0,traceback_in_exit0,traceback_only_no_test_failure,Traceback (most recent call last),543
100,task_009368_3f22347d,5,176,0.0,traceback_in_exit0,traceback_only_no_test_failure,Traceback (most recent call last),542
100,task_009368_3f22347d,5,178,0.0,traceback_in_exit0,traceback_only_no_test_failure,Traceback (most recent call last),542
100,task_009368_3f22347d,5,180,0.0,traceback_in_exit0,traceback_only_no_test_failure,Traceback (most recent call last),542
100,task_009368_3f22347d,5,181,0.0,traceback_in_exit0,traceback_only_no_test_failure,Traceback (most recent call last),542
100,task_009368_3f22347d,5,182,0.0,traceback_in_exit0,traceback_only_no_test_failure,Traceback (most recent call last),542
100,task_009368_3f22347d,5,183,0.0,traceback_in_exit0,traceback_only_no_test_failure,Traceback (most recent call last),545
100,task_009368_3f22347d,5,185,0.0,traceback_in_exit0,traceback_only_no_test_failure,Traceback (most recent call last),542
100,task_009368_3f22347d,5,187,0.0,traceback_in_exit0,traceback_only_no_test_failure,Traceback (most recent call last),549
100,task_009368_3f22347d,5,188,1.0,traceback_in_exit0,traceback_only_no_test_failure,Traceback (most recent call last),542
100,task_009368_3f22347d,5,189,0.0,traceback_in_exit0,traceback_only_no_test_failure,Traceback (most recent call last),136
100,task_009368_3f22347d,5,190,0.0,traceback_in_exit0,traceback_only_no_test_failure,Traceback (most recent call last),727
100,task_009368_3f22347d,5,191,0.0,traceback_in_exit0,traceback_only_no_test_failure,Traceback (most recent call last),580
101,task_002055_19bd7947,0,11,1.0,traceback_in_exit0,traceback_only_no_test_failure,Traceback (most recent call last),137
101,task_002055_19bd7947,0,23,0.0,traceback_in_exit0,traceback_only_no_test_failure,Traceback (most recent call last),115
101,task_005045_082fc485,2,64,0.0,traceback_in_exit0,traceback_only_no_test_failure,Traceback (most recent call last),775
101,task_005045_082fc485,2,65,1.0,traceback_in_exit0,traceback_only_no_test_failure,Traceback (most recent call last),167
101,task_005045_082fc485,2,67,0.0,traceback_in_exit0,traceback_only_no_test_failure,Traceback (most recent call last),1410
101,task_005045_082fc485,2,69,0.0,traceback_in_exit0,traceback_only_no_test_failure,Traceback (most recent call last),177
101,task_005045_082fc485,2,73,1.0,traceback_in_exit0,traceback_only_no_test_failure,Traceback (most recent call last),348
101,task_005045_082fc485,2,74,0.0,traceback_in_exit0,traceback_only_no_test_failure,Traceback (most recent call last),183
101,task_005045_082fc485,2,75,0.0,traceback_in_exit0,traceback_only_no_test_failure,Traceback (most recent call last),276
101,task_005045_082fc485,2,76,1.0,traceback_in_exit0,traceback_only_no_test_failure,Traceback (most recent call last),311
101,task_005045_082fc485,2,77,0.0,traceback_in_exit0,traceback_only_no_test_failure,Traceback (most recent call last),179
101,task_005045_082fc485,2,81,0.0,traceback_in_exit0,traceback_only_no_test_failure,Traceback (most recent call last),175
101,task_005045_082fc485,2,82,1.0,traceback_in_exit0,traceback_only_no_test_failure,Traceback (most recent call last),310
101,task_005045_082fc485,2,83,0.0,traceback_in_exit0,traceback_only_no_test_failure,Traceback (most recent call last),211
101,task_005045_082fc485,2,85,0.0,traceback_in_exit0,traceback_only_no_test_failure,Traceback (most recent call last),1014
101,task_005045_082fc485,2,87,0.0,traceback_in_exit0,traceback_only_no_test_failure,Traceback (most recent call last),208
101,task_005045_082fc485,2,89,0.0,traceback_in_exit0,traceback_only_no_test_failure,Traceback (most recent call last),236
101,task_005045_082fc485,2,91,1.0,traceback_in_exit0,traceback_only_no_test_failure,Traceback (most recent call last),469
101,task_005045_082fc485,2,92,0.0,traceback_in_exit0,traceback_only_no_test_failure,Traceback (most recent call last),269
101,task_005045_082fc485,2,95,0.0,traceback_in_exit0,traceback_only_no_test_failure,Traceback (most recent call last),195
101,task_006697_c74560fe,3,115,1.0,traceback_in_exit0,traceback_only_no_test_failure,Traceback (most recent call last),238
101,task_007134_c99d2466,7,228,1.0,traceback_in_exit0,traceback_only_no_test_failure,Traceback (most recent call last),435
102,task_006206_2053adbc,0,7,1.0,traceback_in_exit0,traceback_only_no_test_failure,Traceback (most recent call last),221
102,task_006206_2053adbc,0,27,1.0,traceback_in_exit0,traceback_only_no_test_failure,Traceback (most recent call last),420
102,task_000847_888d4f15,2,65,1.0,traceback_in_exit0,traceback_only_no_test_failure,Traceback (most recent call last),2602
102,task_006057_694e9c03,3,96,1.0,traceback_in_exit0,traceback_only_no_test_failure,Traceback (most recent call last),266
102,task_006057_694e9c03,3,104,1.0,traceback_in_exit0,traceback_only_no_test_failure,Traceback (most recent call last),347
102,task_006057_694e9c03,3,109,1.0,traceback_in_exit0,traceback_only_no_test_failure,Traceback (most recent call last),387
103,task_002096_670aa098,0,7,1.0,tests_failed_in_exit0,pytest_collection_error,error during collection,997
103,task_002096_670aa098,0,11,1.0,tests_failed_in_exit0,unexplained_exit0_with_test_failure,1 failed,2375
103,task_002096_670aa098,0,13,1.0,tests_failed_in_exit0,pytest_collection_error,error during collection,1004
103,task_002096_670aa098,0,18,1.0,tests_failed_in_exit0,unexplained_exit0_with_test_failure_with_traceback,1 failed,2602
103,task_002096_670aa098,0,20,1.0,tests_failed_in_exit0,pytest_collection_error,error during collection,967
103,task_002096_670aa098,0,21,1.0,traceback_in_exit0,traceback_only_no_test_failure,Traceback (most recent call last),6645
103,task_002096_670aa098,0,22,0.0,tests_failed_in_exit0,unexplained_exit0_with_test_failure,2 failed,3031
103,task_002096_670aa098,0,25,0.0,tests_failed_in_exit0,pytest_collection_error,error during collection,966
103,task_002096_670aa098,0,28,0.0,tests_failed_in_exit0,pytest_collection_error,error during collection,960
103,task_002096_670aa098,0,29,1.0,tests_failed_in_exit0,pytest_collection_error,error during collection,1298
103,task_008055_588ebc4c,1,35,1.0,traceback_in_exit0,traceback_only_no_test_failure,Traceback (most recent call last),1192
103,task_008055_588ebc4c,1,36,1.0,traceback_in_exit0,traceback_only_no_test_failure,Traceback (most recent call last),154
103,task_008055_588ebc4c,1,39,1.0,traceback_in_exit0,traceback_only_no_test_failure,Traceback (most recent call last),622
103,task_008055_588ebc4c,1,46,1.0,traceback_in_exit0,traceback_only_no_test_failure,Traceback (most recent call last),824
103,task_008055_588ebc4c,1,52,1.0,traceback_in_exit0,traceback_only_no_test_failure,Traceback (most recent call last),750
103,task_008055_588ebc4c,1,56,1.0,traceback_in_exit0,traceback_only_no_test_failure,Traceback (most recent call last),486
103,task_008055_588ebc4c,1,59,1.0,traceback_in_exit0,traceback_only_no_test_failure,Traceback (most recent call last),717
103,task_008055_588ebc4c,1,60,1.0,traceback_in_exit0,traceback_only_no_test_failure,Traceback (most recent call last),706
103,task_001954_2002fcf3,3,110,0.0,traceback_in_exit0,traceback_only_no_test_failure,Traceback (most recent call last),271
103,task_001954_2002fcf3,3,112,0.0,traceback_in_exit0,traceback_only_no_test_failure,Traceback (most recent call last),441
103,task_001954_2002fcf3,3,126,0.0,traceback_in_exit0,traceback_only_no_test_failure,Traceback (most recent call last),209
103,task_000437_6cb600f8,5,165,0.0,traceback_in_exit0,traceback_only_no_test_failure,Traceback (most recent call last),746
103,task_000437_6cb600f8,5,170,0.0,traceback_in_exit0,traceback_only_no_test_failure,Traceback (most recent call last),351
103,task_000437_6cb600f8,5,179,0.0,traceback_in_exit0,traceback_only_no_test_failure,Traceback (most recent call last),797
103,task_000437_6cb600f8,5,181,0.0,traceback_in_exit0,traceback_only_no_test_failure,Traceback (most recent call last),466
103,task_000437_6cb600f8,5,182,0.0,traceback_in_exit0,traceback_only_no_test_failure,Traceback (most recent call last),326
103,task_000437_6cb600f8,5,186,0.0,traceback_in_exit0,traceback_only_no_test_failure,Traceback (most recent call last),158
103,task_000437_6cb600f8,5,190,0.0,traceback_in_exit0,traceback_only_no_test_failure,Traceback (most recent call last),198
103,task_001484_6c4a0c12,7,248,1.0,traceback_in_exit0,traceback_only_no_test_failure,Traceback (most recent call last),145
104,task_002369_5fc23c33,5,168,1.0,traceback_in_exit0,traceback_only_no_test_failure,Traceback (most recent call last),259
104,task_002369_5fc23c33,5,176,1.0,traceback_in_exit0,traceback_only_no_test_failure,Traceback (most recent call last),496
104,task_002369_5fc23c33,5,181,1.0,traceback_in_exit0,traceback_only_no_test_failure,Traceback (most recent call last),113
104,task_002369_5fc23c33,5,184,0.0,traceback_in_exit0,traceback_only_no_test_failure,Traceback (most recent call last),271
104,task_002369_5fc23c33,5,189,1.0,traceback_in_exit0,traceback_only_no_test_failure,Traceback (most recent call last),156
104,task_002369_5fc23c33,5,190,1.0,traceback_in_exit0,traceback_only_no_test_failure,Traceback (most recent call last),148
104,task_004432_a13a219f,6,192,1.0,traceback_in_exit0,traceback_only_no_test_failure,Traceback (most recent call last),2545
105,task_001793_2abe082a,0,4,0.0,traceback_in_exit0,traceback_only_no_test_failure,Traceback (most recent call last),168
105,task_001793_2abe082a,0,6,0.0,traceback_in_exit0,traceback_only_no_test_failure,Traceback (most recent call last),307
105,task_001793_2abe082a,0,7,1.0,traceback_in_exit0,traceback_only_no_test_failure,Traceback (most recent call last),299
105,task_001793_2abe082a,0,8,0.0,traceback_in_exit0,traceback_only_no_test_failure,Traceback (most recent call last),706
105,task_001793_2abe082a,0,13,0.0,traceback_in_exit0,traceback_only_no_test_failure,Traceback (most recent call last),1081
105,task_001793_2abe082a,0,18,0.0,traceback_in_exit0,traceback_only_no_test_failure,Traceback (most recent call last),230
105,task_001793_2abe082a,0,23,1.0,traceback_in_exit0,traceback_only_no_test_failure,Traceback (most recent call last),592
105,task_005064_07e6e193,7,228,0.0,traceback_in_exit0,traceback_only_no_test_failure,Traceback (most recent call last),468
105,task_005064_07e6e193,7,230,1.0,traceback_in_exit0,traceback_only_no_test_failure,Traceback (most recent call last),1060
105,task_005064_07e6e193,7,231,0.0,traceback_in_exit0,traceback_only_no_test_failure,Traceback (most recent call last),330
105,task_005064_07e6e193,7,232,0.0,traceback_in_exit0,traceback_only_no_test_failure,Traceback (most recent call last),575
105,task_005064_07e6e193,7,233,0.0,traceback_in_exit0,traceback_only_no_test_failure,Traceback (most recent call last),1311
105,task_005064_07e6e193,7,235,0.0,traceback_in_exit0,traceback_only_no_test_failure,Traceback (most recent call last),503
105,task_005064_07e6e193,7,237,0.0,traceback_in_exit0,traceback_only_no_test_failure,Traceback (most recent call last),713
105,task_005064_07e6e193,7,238,0.0,traceback_in_exit0,traceback_only_no_test_failure,Traceback (most recent call last),516
105,task_005064_07e6e193,7,240,0.0,traceback_in_exit0,traceback_only_no_test_failure,Traceback (most recent call last),643
105,task_005064_07e6e193,7,241,0.0,traceback_in_exit0,traceback_only_no_test_failure,Traceback (most recent call last),558
105,task_005064_07e6e193,7,244,0.0,traceback_in_exit0,traceback_only_no_test_failure,Traceback (most recent call last),529
105,task_005064_07e6e193,7,245,0.0,traceback_in_exit0,traceback_only_no_test_failure,Traceback (most recent call last),585
105,task_005064_07e6e193,7,246,0.0,traceback_in_exit0,traceback_only_no_test_failure,Traceback (most recent call last),657
105,task_005064_07e6e193,7,247,0.0,traceback_in_exit0,traceback_only_no_test_failure,Traceback (most recent call last),351
105,task_005064_07e6e193,7,248,0.0,traceback_in_exit0,traceback_only_no_test_failure,Traceback (most recent call last),321
105,task_005064_07e6e193,7,250,1.0,traceback_in_exit0,traceback_only_no_test_failure,Traceback (most recent call last),604
105,task_005064_07e6e193,7,251,0.0,traceback_in_exit0,traceback_only_no_test_failure,Traceback (most recent call last),5744
105,task_005064_07e6e193,7,252,0.0,traceback_in_exit0,traceback_only_no_test_failure,Traceback (most recent call last),589
105,task_005064_07e6e193,7,253,0.0,traceback_in_exit0,traceback_only_no_test_failure,Traceback (most recent call last),527
105,task_005064_07e6e193,7,254,0.0,traceback_in_exit0,traceback_only_no_test_failure,Traceback (most recent call last),1272
105,task_005064_07e6e193,7,255,0.0,traceback_in_exit0,traceback_only_no_test_failure,Traceback (most recent call last),767
106,task_005040_21be0ba9,0,19,1.0,tests_failed_in_exit0,unexplained_exit0_with_test_failure,3 failed,577
106,task_000249_ff55f46a,1,32,0.0,traceback_in_exit0,traceback_only_no_test_failure,Traceback (most recent call last),1031
106,task_000249_ff55f46a,1,35,1.0,traceback_in_exit0,traceback_only_no_test_failure,Traceback (most recent call last),1345
106,task_000249_ff55f46a,1,40,1.0,traceback_in_exit0,traceback_only_no_test_failure,Traceback (most recent call last),827
106,task_000249_ff55f46a,1,41,0.0,traceback_in_exit0,traceback_only_no_test_failure,Traceback (most recent call last),2003
106,task_000249_ff55f46a,1,42,0.0,traceback_in_exit0,traceback_only_no_test_failure,Traceback (most recent call last),554
106,task_000249_ff55f46a,1,43,0.0,traceback_in_exit0,traceback_only_no_test_failure,Traceback (most recent call last),1534
106,task_000249_ff55f46a,1,45,0.0,traceback_in_exit0,traceback_only_no_test_failure,Traceback (most recent call last),516
106,task_000249_ff55f46a,1,47,0.0,traceback_in_exit0,traceback_only_no_test_failure,Traceback (most recent call last),515
106,task_000249_ff55f46a,1,49,0.0,traceback_in_exit0,traceback_only_no_test_failure,Traceback (most recent call last),472
106,task_000249_ff55f46a,1,50,1.0,traceback_in_exit0,traceback_only_no_test_failure,Traceback (most recent call last),5475
106,task_000249_ff55f46a,1,51,0.0,traceback_in_exit0,traceback_only_no_test_failure,Traceback (most recent call last),542
106,task_000249_ff55f46a,1,52,0.0,traceback_in_exit0,traceback_only_no_test_failure,Traceback (most recent call last),515
106,task_000249_ff55f46a,1,53,0.0,traceback_in_exit0,traceback_only_no_test_failure,Traceback (most recent call last),2537
106,task_000249_ff55f46a,1,54,0.0,traceback_in_exit0,traceback_only_no_test_failure,Traceback (most recent call last),2629
106,task_000249_ff55f46a,1,55,0.0,traceback_in_exit0,traceback_only_no_test_failure,Traceback (most recent call last),2485
106,task_000249_ff55f46a,1,56,0.0,traceback_in_exit0,traceback_only_no_test_failure,Traceback (most recent call last),1267
106,task_000249_ff55f46a,1,57,1.0,traceback_in_exit0,traceback_only_no_test_failure,Traceback (most recent call last),1507
106,task_000249_ff55f46a,1,59,0.0,traceback_in_exit0,traceback_only_no_test_failure,Traceback (most recent call last),1682
106,task_000249_ff55f46a,1,60,0.0,traceback_in_exit0,traceback_only_no_test_failure,Traceback (most recent call last),535
106,task_000249_ff55f46a,1,61,1.0,traceback_in_exit0,traceback_only_no_test_failure,Traceback (most recent call last),1275
106,task_008237_9960edbf,7,225,0.0,traceback_in_exit0,traceback_only_no_test_failure,Traceback (most recent call last),305
106,task_008237_9960edbf,7,238,0.0,traceback_in_exit0,traceback_only_no_test_failure,Traceback (most recent call last),564
106,task_008237_9960edbf,7,240,1.0,traceback_in_exit0,traceback_only_no_test_failure,Traceback (most recent call last),211
106,task_008237_9960edbf,7,244,0.0,traceback_in_exit0,traceback_only_no_test_failure,Traceback (most recent call last),432
106,task_008237_9960edbf,7,247,0.0,traceback_in_exit0,traceback_only_no_test_failure,Traceback (most recent call last),453
107,task_006490_ec8b620f,0,0,0.0,traceback_in_exit0,traceback_only_no_test_failure,Traceback (most recent call last),166
107,task_006490_ec8b620f,0,13,0.0,traceback_in_exit0,traceback_only_no_test_failure,Traceback (most recent call last),953
107,task_006490_ec8b620f,0,30,1.0,traceback_in_exit0,traceback_only_no_test_failure,Traceback (most recent call last),999
107,task_002047_85e1153f,1,36,1.0,tests_failed_in_exit0,pytest_collection_error,error during collection,1836
107,task_002047_85e1153f,1,37,1.0,tests_failed_in_exit0,unexplained_exit0_with_test_failure,1 failed,1850
107,task_002047_85e1153f,1,56,0.0,tests_failed_in_exit0,unexplained_exit0_with_test_failure,1 failed,1651
107,task_002047_85e1153f,1,59,0.0,tests_failed_in_exit0,unexplained_exit0_with_test_failure,1 failed,2046
107,task_002047_85e1153f,1,60,1.0,tests_failed_in_exit0,unexplained_exit0_with_test_failure,1 failed,1900
107,task_003718_bab57739,2,68,0.0,traceback_in_exit0,traceback_only_no_test_failure,Traceback (most recent call last),839
107,task_004504_b2f4743c,4,131,1.0,traceback_in_exit0,traceback_only_no_test_failure,Traceback (most recent call last),329
107,task_004504_b2f4743c,4,133,1.0,traceback_in_exit0,traceback_only_no_test_failure,Traceback (most recent call last),126
107,task_004504_b2f4743c,4,134,1.0,traceback_in_exit0,traceback_only_no_test_failure,Traceback (most recent call last),177
107,task_004504_b2f4743c,4,140,1.0,traceback_in_exit0,traceback_only_no_test_failure,Traceback (most recent call last),125
107,task_004504_b2f4743c,4,149,1.0,traceback_in_exit0,traceback_only_no_test_failure,Traceback (most recent call last),191
107,task_004504_b2f4743c,4,152,0.0,traceback_in_exit0,traceback_only_no_test_failure,Traceback (most recent call last),125
107,task_004504_b2f4743c,4,154,1.0,traceback_in_exit0,traceback_only_no_test_failure,Traceback (most recent call last),149
107,task_004504_b2f4743c,4,157,0.0,traceback_in_exit0,traceback_only_no_test_failure,Traceback (most recent call last),131
107,task_003663_6b5911e9,5,161,1.0,traceback_in_exit0,traceback_only_no_test_failure,Traceback (most recent call last),846
108,task_000924_f91bed0e,1,48,1.0,traceback_in_exit0,traceback_only_no_test_failure,Traceback (most recent call last),864
108,task_000924_f91bed0e,1,54,1.0,traceback_in_exit0,traceback_only_no_test_failure,Traceback (most recent call last),221
108,task_000924_f91bed0e,1,63,1.0,traceback_in_exit0,traceback_only_no_test_failure,Traceback (most recent call last),453
108,task_005141_9a86e69e,6,200,0.0,traceback_in_exit0,traceback_only_no_test_failure,Traceback (most recent call last),139
108,task_006362_1c494841,7,226,0.0,traceback_in_exit0,traceback_only_no_test_failure,Traceback (most recent call last),159
108,task_006362_1c494841,7,228,1.0,traceback_in_exit0,traceback_only_no_test_failure,Traceback (most recent call last),138
108,task_006362_1c494841,7,242,1.0,traceback_in_exit0,traceback_only_no_test_failure,Traceback (most recent call last),1428
109,task_004655_369ba4cf,2,67,0.0,traceback_in_exit0,traceback_only_no_test_failure,Traceback (most recent call last),527
109,task_004655_369ba4cf,2,73,1.0,traceback_in_exit0,traceback_only_no_test_failure,Traceback (most recent call last),684
109,task_004655_369ba4cf,2,74,0.0,traceback_in_exit0,traceback_only_no_test_failure,Traceback (most recent call last),1993
109,task_004655_369ba4cf,2,76,1.0,traceback_in_exit0,traceback_only_no_test_failure,Traceback (most recent call last),557
109,task_004655_369ba4cf,2,83,0.0,traceback_in_exit0,traceback_only_no_test_failure,Traceback (most recent call last),874
109,task_004655_369ba4cf,2,85,1.0,traceback_in_exit0,traceback_only_no_test_failure,Traceback (most recent call last),570
109,task_004655_369ba4cf,2,91,1.0,traceback_in_exit0,traceback_only_no_test_failure,Traceback (most recent call last),557
109,task_002949_95ea49b7,3,96,0.0,traceback_in_exit0,traceback_only_no_test_failure,Traceback (most recent call last),1006
109,task_002949_95ea49b7,3,102,1.0,traceback_in_exit0,traceback_only_no_test_failure,Traceback (most recent call last),5762
109,task_002949_95ea49b7,3,109,1.0,traceback_in_exit0,traceback_only_no_test_failure,Traceback (most recent call last),4947
109,task_002949_95ea49b7,3,111,1.0,traceback_in_exit0,traceback_only_no_test_failure,Traceback (most recent call last),5347
109,task_002949_95ea49b7,3,115,1.0,traceback_in_exit0,traceback_only_no_test_failure,Traceback (most recent call last),10542
109,task_002949_95ea49b7,3,118,1.0,traceback_in_exit0,traceback_only_no_test_failure,Traceback (most recent call last),511
109,task_002949_95ea49b7,3,124,1.0,traceback_in_exit0,traceback_only_no_test_failure,Traceback (most recent call last),4664
109,task_002949_95ea49b7,3,126,1.0,traceback_in_exit0,traceback_only_no_test_failure,Traceback (most recent call last),170
110,task_009948_c66ef8d7,0,13,1.0,tests_failed_in_exit0,unexplained_exit0_with_test_failure,2 FAILED,160
110,task_004037_1259cad6,1,32,0.0,tests_failed_in_exit0,unexplained_exit0_with_test_failure,5 failed,4991
110,task_004037_1259cad6,1,33,0.0,traceback_in_exit0,traceback_only_no_test_failure,Traceback (most recent call last),1160
110,task_004037_1259cad6,1,35,0.0,tests_failed_in_exit0,unexplained_exit0_with_test_failure,102 failed,8675
110,task_004037_1259cad6,1,36,1.0,traceback_in_exit0,traceback_only_no_test_failure,Traceback (most recent call last),2437
110,task_004037_1259cad6,1,37,0.0,traceback_in_exit0,traceback_only_no_test_failure,Traceback (most recent call last),557
110,task_004037_1259cad6,1,38,0.0,traceback_in_exit0,traceback_only_no_test_failure,Traceback (most recent call last),1945
110,task_004037_1259cad6,1,40,0.0,tests_failed_in_exit0,pytest_collection_error,error during collection,1846
110,task_004037_1259cad6,1,41,0.0,tests_failed_in_exit0,pytest_collection_error,error during collection,896
110,task_004037_1259cad6,1,42,0.0,traceback_in_exit0,traceback_only_no_test_failure,Traceback (most recent call last),589
110,task_004037_1259cad6,1,46,0.0,traceback_in_exit0,traceback_only_no_test_failure,Traceback (most recent call last),250
110,task_004037_1259cad6,1,49,0.0,tests_failed_in_exit0,unexplained_exit0_with_test_failure,1 failed,1705
110,task_004037_1259cad6,1,51,1.0,tests_failed_in_exit0,unexplained_exit0_with_test_failure_with_traceback,1 failed,9106
110,task_004037_1259cad6,1,52,0.0,tests_failed_in_exit0,unexplained_exit0_with_test_failure,1 failed,1643
110,task_004037_1259cad6,1,53,0.0,tests_failed_in_exit0,unexplained_exit0_with_test_failure,1 failed,1946
110,task_004037_1259cad6,1,54,0.0,tests_failed_in_exit0,unexplained_exit0_with_test_failure,1 failed,1686
110,task_004037_1259cad6,1,56,0.0,tests_failed_in_exit0,unexplained_exit0_with_test_failure,1 failed,1695
110,task_004037_1259cad6,1,58,0.0,tests_failed_in_exit0,unexplained_exit0_with_test_failure,1 failed,2139
110,task_004037_1259cad6,1,59,0.0,tests_failed_in_exit0,unexplained_exit0_with_test_failure,1 failed,2569
110,task_004037_1259cad6,1,60,0.0,traceback_in_exit0,traceback_only_no_test_failure,Traceback (most recent call last),169
110,task_004037_1259cad6,1,61,0.0,traceback_in_exit0,traceback_only_no_test_failure,Traceback (most recent call last),969
110,task_002990_d3ffbbd0,2,90,1.0,traceback_in_exit0,traceback_only_no_test_failure,Traceback (most recent call last),230
110,task_002190_2cab17db,6,205,0.0,traceback_in_exit0,traceback_only_no_test_failure,Traceback (most recent call last),132
110,task_002190_2cab17db,6,207,0.0,traceback_in_exit0,traceback_only_no_test_failure,Traceback (most recent call last),310
110,task_002190_2cab17db,6,210,0.0,traceback_in_exit0,traceback_only_no_test_failure,Traceback (most recent call last),449
110,task_002190_2cab17db,6,214,0.0,traceback_in_exit0,traceback_only_no_test_failure,Traceback (most recent call last),210
110,task_002869_662f4791,7,246,1.0,traceback_in_exit0,traceback_only_no_test_failure,Traceback (most recent call last),152
110,task_002869_662f4791,7,249,0.0,traceback_in_exit0,traceback_only_no_test_failure,Traceback (most recent call last),167
111,task_005017_0ce9ebdd,2,65,1.0,traceback_in_exit0,traceback_only_no_test_failure,Traceback (most recent call last),2137
111,task_005017_0ce9ebdd,2,68,1.0,traceback_in_exit0,traceback_only_no_test_failure,Traceback (most recent call last),452
111,task_005017_0ce9ebdd,2,73,1.0,traceback_in_exit0,traceback_only_no_test_failure,Traceback (most recent call last),1639
111,task_005017_0ce9ebdd,2,75,0.0,traceback_in_exit0,traceback_only_no_test_failure,Traceback (most recent call last),205
111,task_005017_0ce9ebdd,2,85,1.0,traceback_in_exit0,traceback_only_no_test_failure,Traceback (most recent call last),3550
111,task_005017_0ce9ebdd,2,87,0.0,traceback_in_exit0,traceback_only_no_test_failure,Traceback (most recent call last),5143
111,task_005017_0ce9ebdd,2,89,1.0,traceback_in_exit0,traceback_only_no_test_failure,Traceback (most recent call last),4224
111,task_005017_0ce9ebdd,2,91,1.0,traceback_in_exit0,traceback_only_no_test_failure,Traceback (most recent call last),289
111,task_005096_d6a5de1a,3,104,1.0,traceback_in_exit0,traceback_only_no_test_failure,Traceback (most recent call last),445
111,task_005096_d6a5de1a,3,109,0.0,traceback_in_exit0,traceback_only_no_test_failure,Traceback (most recent call last),762
111,task_005096_d6a5de1a,3,118,0.0,traceback_in_exit0,traceback_only_no_test_failure,Traceback (most recent call last),928
111,task_005096_d6a5de1a,3,122,0.0,traceback_in_exit0,traceback_only_no_test_failure,Traceback (most recent call last),143
111,task_005096_d6a5de1a,3,123,0.0,traceback_in_exit0,traceback_only_no_test_failure,Traceback (most recent call last),187
111,task_007932_dfb17a5a,4,129,0.0,traceback_in_exit0,traceback_only_no_test_failure,Traceback (most recent call last),533
111,task_007932_dfb17a5a,4,130,0.0,traceback_in_exit0,traceback_only_no_test_failure,Traceback (most recent call last),310
111,task_007932_dfb17a5a,4,137,0.0,traceback_in_exit0,traceback_only_no_test_failure,Traceback (most recent call last),146
111,task_007932_dfb17a5a,4,139,0.0,traceback_in_exit0,traceback_only_no_test_failure,Traceback (most recent call last),268
111,task_007932_dfb17a5a,4,141,1.0,traceback_in_exit0,traceback_only_no_test_failure,Traceback (most recent call last),151
111,task_007932_dfb17a5a,4,150,0.0,traceback_in_exit0,traceback_only_no_test_failure,Traceback (most recent call last),230
111,task_002390_4ae4ee83,5,160,1.0,traceback_in_exit0,traceback_only_no_test_failure,Traceback (most recent call last),2943
111,task_002390_4ae4ee83,5,168,0.0,traceback_in_exit0,traceback_only_no_test_failure,Traceback (most recent call last),587
111,task_002390_4ae4ee83,5,169,1.0,tests_failed_in_exit0,unexplained_exit0_with_test_failure,11 failed,827
111,task_002390_4ae4ee83,5,177,1.0,traceback_in_exit0,traceback_only_no_test_failure,Traceback (most recent call last),673
111,task_002390_4ae4ee83,5,187,0.0,tests_failed_in_exit0,unexplained_exit0_with_test_failure,9 failed,573
111,task_002390_4ae4ee83,5,191,1.0,traceback_in_exit0,traceback_only_no_test_failure,Traceback (most recent call last),1573
111,task_005753_53c67a65,7,224,0.0,traceback_in_exit0,traceback_only_no_test_failure,Traceback (most recent call last),149
111,task_005753_53c67a65,7,225,0.0,traceback_in_exit0,traceback_only_no_test_failure,Traceback (most recent call last),544
111,task_005753_53c67a65,7,226,0.0,traceback_in_exit0,traceback_only_no_test_failure,Traceback (most recent call last),592
111,task_005753_53c67a65,7,228,0.0,traceback_in_exit0,traceback_only_no_test_failure,Traceback (most recent call last),407
111,task_005753_53c67a65,7,229,0.0,traceback_in_exit0,traceback_only_no_test_failure,Traceback (most recent call last),1534
111,task_005753_53c67a65,7,230,0.0,traceback_in_exit0,traceback_only_no_test_failure,Traceback (most recent call last),1023
111,task_005753_53c67a65,7,231,0.0,traceback_in_exit0,traceback_only_no_test_failure,Traceback (most recent call last),1426
111,task_005753_53c67a65,7,233,1.0,traceback_in_exit0,traceback_only_no_test_failure,Traceback (most recent call last),527
111,task_005753_53c67a65,7,234,0.0,traceback_in_exit0,traceback_only_no_test_failure,Traceback (most recent call last),829
111,task_005753_53c67a65,7,235,0.0,traceback_in_exit0,traceback_only_no_test_failure,Traceback (most recent call last),535
111,task_005753_53c67a65,7,236,0.0,traceback_in_exit0,traceback_only_no_test_failure,Traceback (most recent call last),527
111,task_005753_53c67a65,7,237,0.0,traceback_in_exit0,traceback_only_no_test_failure,Traceback (most recent call last),587
111,task_005753_53c67a65,7,238,0.0,traceback_in_exit0,traceback_only_no_test_failure,Traceback (most recent call last),597
111,task_005753_53c67a65,7,239,0.0,traceback_in_exit0,traceback_only_no_test_failure,Traceback (most recent call last),638
111,task_005753_53c67a65,7,241,0.0,traceback_in_exit0,traceback_only_no_test_failure,Traceback (most recent call last),672
111,task_005753_53c67a65,7,243,0.0,traceback_in_exit0,traceback_only_no_test_failure,Traceback (most recent call last),527
111,task_005753_53c67a65,7,245,0.0,traceback_in_exit0,traceback_only_no_test_failure,Traceback (most recent call last),839
111,task_005753_53c67a65,7,246,0.0,traceback_in_exit0,traceback_only_no_test_failure,Traceback (most recent call last),583
111,task_005753_53c67a65,7,247,0.0,traceback_in_exit0,traceback_only_no_test_failure,Traceback (most recent call last),539
111,task_005753_53c67a65,7,248,0.0,traceback_in_exit0,traceback_only_no_test_failure,Traceback (most recent call last),539
111,task_005753_53c67a65,7,249,0.0,traceback_in_exit0,traceback_only_no_test_failure,Traceback (most recent call last),621
111,task_005753_53c67a65,7,251,0.0,traceback_in_exit0,traceback_only_no_test_failure,Traceback (most recent call last),554
111,task_005753_53c67a65,7,252,0.0,traceback_in_exit0,traceback_only_no_test_failure,Traceback (most recent call last),527
111,task_005753_53c67a65,7,255,0.0,traceback_in_exit0,traceback_only_no_test_failure,Traceback (most recent call last),527
112,task_003400_a6cc667a,0,24,1.0,traceback_in_exit0,traceback_only_no_test_failure,Traceback (most recent call last),343
112,task_001606_503a96fd,1,38,0.0,traceback_in_exit0,traceback_only_no_test_failure,Traceback (most recent call last),1248
112,task_001606_503a96fd,1,51,1.0,traceback_in_exit0,traceback_only_no_test_failure,Traceback (most recent call last),160
112,task_001606_503a96fd,1,52,0.0,traceback_in_exit0,traceback_only_no_test_failure,Traceback (most recent call last),162
112,task_001919_5003c847,2,67,0.0,traceback_in_exit0,traceback_only_no_test_failure,Traceback (most recent call last),1170
112,task_001919_5003c847,2,79,1.0,traceback_in_exit0,traceback_only_no_test_failure,Traceback (most recent call last),663
112,task_001919_5003c847,2,84,1.0,traceback_in_exit0,traceback_only_no_test_failure,Traceback (most recent call last),579
112,task_001919_5003c847,2,93,1.0,traceback_in_exit0,traceback_only_no_test_failure,Traceback (most recent call last),624
112,task_002557_b000897e,4,140,1.0,traceback_in_exit0,traceback_only_no_test_failure,Traceback (most recent call last),121
112,task_002557_b000897e,4,157,1.0,traceback_in_exit0,traceback_only_no_test_failure,Traceback (most recent call last),159
112,task_002557_b000897e,4,159,1.0,traceback_in_exit0,traceback_only_no_test_failure,Traceback (most recent call last),132
112,task_002427_13b0d0d9,6,220,1.0,traceback_in_exit0,traceback_only_no_test_failure,Traceback (most recent call last),198
112,task_000612_766028ab,7,239,0.0,traceback_in_exit0,traceback_only_no_test_failure,Traceback (most recent call last),459
113,task_000667_baedb321,0,6,0.0,traceback_in_exit0,traceback_only_no_test_failure,Traceback (most recent call last),541
113,task_000667_baedb321,0,9,0.0,traceback_in_exit0,traceback_only_no_test_failure,Traceback (most recent call last),164
113,task_000667_baedb321,0,11,0.0,traceback_in_exit0,traceback_only_no_test_failure,Traceback (most recent call last),532
113,task_000667_baedb321,0,18,1.0,traceback_in_exit0,traceback_only_no_test_failure,Traceback (most recent call last),719
113,task_000667_baedb321,0,20,0.0,traceback_in_exit0,traceback_only_no_test_failure,Traceback (most recent call last),513
113,task_000667_baedb321,0,25,0.0,traceback_in_exit0,traceback_only_no_test_failure,Traceback (most recent call last),908
113,task_002694_0658f9be,3,98,0.0,traceback_in_exit0,traceback_only_no_test_failure,Traceback (most recent call last),817
113,task_002694_0658f9be,3,99,0.0,traceback_in_exit0,traceback_only_no_test_failure,Traceback (most recent call last),487
113,task_002694_0658f9be,3,106,0.0,traceback_in_exit0,traceback_only_no_test_failure,Traceback (most recent call last),506
113,task_002694_0658f9be,3,112,0.0,traceback_in_exit0,traceback_only_no_test_failure,Traceback (most recent call last),540
113,task_002694_0658f9be,3,114,0.0,traceback_in_exit0,traceback_only_no_test_failure,Traceback (most recent call last),439
113,task_002694_0658f9be,3,116,0.0,traceback_in_exit0,traceback_only_no_test_failure,Traceback (most recent call last),620
113,task_002694_0658f9be,3,117,0.0,traceback_in_exit0,traceback_only_no_test_failure,Traceback (most recent call last),1607
113,task_002694_0658f9be,3,118,0.0,traceback_in_exit0,traceback_only_no_test_failure,Traceback (most recent call last),514
113,task_002694_0658f9be,3,124,0.0,traceback_in_exit0,traceback_only_no_test_failure,Traceback (most recent call last),192
114,task_003927_ebec4163,2,67,0.0,traceback_in_exit0,traceback_only_no_test_failure,Traceback (most recent call last),370
114,task_003927_ebec4163,2,80,1.0,traceback_in_exit0,traceback_only_no_test_failure,Traceback (most recent call last),507
114,task_003927_ebec4163,2,81,0.0,traceback_in_exit0,traceback_only_no_test_failure,Traceback (most recent call last),325
114,task_003927_ebec4163,2,86,1.0,traceback_in_exit0,traceback_only_no_test_failure,Traceback (most recent call last),427
114,task_003927_ebec4163,2,87,1.0,traceback_in_exit0,traceback_only_no_test_failure,Traceback (most recent call last),267
114,task_001139_29b2f88d,4,147,1.0,traceback_in_exit0,traceback_only_no_test_failure,Traceback (most recent call last),214
114,task_009471_a56dedee,5,160,1.0,traceback_in_exit0,traceback_only_no_test_failure,Traceback (most recent call last),539
114,task_009471_a56dedee,5,161,0.0,traceback_in_exit0,traceback_only_no_test_failure,Traceback (most recent call last),545
114,task_009471_a56dedee,5,162,1.0,traceback_in_exit0,traceback_only_no_test_failure,Traceback (most recent call last),549
114,task_009471_a56dedee,5,163,0.0,traceback_in_exit0,traceback_only_no_test_failure,Traceback (most recent call last),539
114,task_009471_a56dedee,5,164,0.0,traceback_in_exit0,traceback_only_no_test_failure,Traceback (most recent call last),1359
114,task_009471_a56dedee,5,165,0.0,traceback_in_exit0,traceback_only_no_test_failure,Traceback (most recent call last),569
114,task_009471_a56dedee,5,166,1.0,traceback_in_exit0,traceback_only_no_test_failure,Traceback (most recent call last),539
114,task_009471_a56dedee,5,167,0.0,traceback_in_exit0,traceback_only_no_test_failure,Traceback (most recent call last),550
114,task_009471_a56dedee,5,168,0.0,traceback_in_exit0,traceback_only_no_test_failure,Traceback (most recent call last),559
114,task_009471_a56dedee,5,169,1.0,traceback_in_exit0,traceback_only_no_test_failure,Traceback (most recent call last),553
114,task_009471_a56dedee,5,170,0.0,traceback_in_exit0,traceback_only_no_test_failure,Traceback (most recent call last),539
114,task_009471_a56dedee,5,171,0.0,traceback_in_exit0,traceback_only_no_test_failure,Traceback (most recent call last),539
114,task_009471_a56dedee,5,173,0.0,traceback_in_exit0,traceback_only_no_test_failure,Traceback (most recent call last),540
114,task_009471_a56dedee,5,174,0.0,traceback_in_exit0,traceback_only_no_test_failure,Traceback (most recent call last),581
114,task_009471_a56dedee,5,175,1.0,traceback_in_exit0,traceback_only_no_test_failure,Traceback (most recent call last),472
114,task_009471_a56dedee,5,176,0.0,traceback_in_exit0,traceback_only_no_test_failure,Traceback (most recent call last),634
114,task_009471_a56dedee,5,177,1.0,traceback_in_exit0,traceback_only_no_test_failure,Traceback (most recent call last),1339
114,task_009471_a56dedee,5,178,1.0,traceback_in_exit0,traceback_only_no_test_failure,Traceback (most recent call last),539
114,task_009471_a56dedee,5,179,0.0,traceback_in_exit0,traceback_only_no_test_failure,Traceback (most recent call last),539
114,task_009471_a56dedee,5,180,1.0,traceback_in_exit0,traceback_only_no_test_failure,Traceback (most recent call last),539
114,task_009471_a56dedee,5,181,1.0,traceback_in_exit0,traceback_only_no_test_failure,Traceback (most recent call last),1505
114,task_009471_a56dedee,5,182,0.0,traceback_in_exit0,traceback_only_no_test_failure,Traceback (most recent call last),1311
114,task_009471_a56dedee,5,183,0.0,traceback_in_exit0,traceback_only_no_test_failure,Traceback (most recent call last),539
114,task_009471_a56dedee,5,184,0.0,traceback_in_exit0,traceback_only_no_test_failure,Traceback (most recent call last),540
114,task_009471_a56dedee,5,185,0.0,traceback_in_exit0,traceback_only_no_test_failure,Traceback (most recent call last),539
114,task_009471_a56dedee,5,186,1.0,traceback_in_exit0,traceback_only_no_test_failure,Traceback (most recent call last),539
114,task_009471_a56dedee,5,187,1.0,traceback_in_exit0,traceback_only_no_test_failure,Traceback (most recent call last),1505
114,task_009471_a56dedee,5,188,0.0,traceback_in_exit0,traceback_only_no_test_failure,Traceback (most recent call last),539
114,task_009471_a56dedee,5,189,0.0,traceback_in_exit0,traceback_only_no_test_failure,Traceback (most recent call last),526
114,task_009471_a56dedee,5,190,0.0,traceback_in_exit0,traceback_only_no_test_failure,Traceback (most recent call last),539
114,task_009471_a56dedee,5,191,0.0,traceback_in_exit0,traceback_only_no_test_failure,Traceback (most recent call last),539
115,task_004106_ee65a425,0,0,1.0,traceback_in_exit0,traceback_only_no_test_failure,Traceback (most recent call last),615
115,task_004106_ee65a425,0,2,0.0,traceback_in_exit0,traceback_only_no_test_failure,Traceback (most recent call last),438
115,task_004106_ee65a425,0,3,0.0,traceback_in_exit0,traceback_only_no_test_failure,Traceback (most recent call last),330
115,task_004106_ee65a425,0,5,0.0,traceback_in_exit0,traceback_only_no_test_failure,Traceback (most recent call last),521
115,task_004106_ee65a425,0,6,0.0,traceback_in_exit0,traceback_only_no_test_failure,Traceback (most recent call last),193
115,task_004106_ee65a425,0,7,1.0,traceback_in_exit0,traceback_only_no_test_failure,Traceback (most recent call last),218
115,task_004106_ee65a425,0,10,1.0,traceback_in_exit0,traceback_only_no_test_failure,Traceback (most recent call last),215
115,task_004106_ee65a425,0,11,0.0,traceback_in_exit0,traceback_only_no_test_failure,Traceback (most recent call last),285
115,task_004106_ee65a425,0,12,0.0,traceback_in_exit0,traceback_only_no_test_failure,Traceback (most recent call last),181
115,task_004106_ee65a425,0,14,0.0,traceback_in_exit0,traceback_only_no_test_failure,Traceback (most recent call last),226
115,task_004106_ee65a425,0,18,0.0,traceback_in_exit0,traceback_only_no_test_failure,Traceback (most recent call last),174
115,task_004106_ee65a425,0,21,1.0,traceback_in_exit0,traceback_only_no_test_failure,Traceback (most recent call last),346
115,task_004106_ee65a425,0,22,0.0,traceback_in_exit0,traceback_only_no_test_failure,Traceback (most recent call last),274
115,task_004106_ee65a425,0,26,0.0,traceback_in_exit0,traceback_only_no_test_failure,Traceback (most recent call last),293
115,task_004106_ee65a425,0,27,0.0,traceback_in_exit0,traceback_only_no_test_failure,Traceback (most recent call last),196
115,task_004106_ee65a425,0,28,0.0,traceback_in_exit0,traceback_only_no_test_failure,Traceback (most recent call last),1224
115,task_004106_ee65a425,0,29,1.0,traceback_in_exit0,traceback_only_no_test_failure,Traceback (most recent call last),227
115,task_004106_ee65a425,0,30,0.0,traceback_in_exit0,traceback_only_no_test_failure,Traceback (most recent call last),401
115,task_004106_ee65a425,0,31,0.0,traceback_in_exit0,traceback_only_no_test_failure,Traceback (most recent call last),1234
115,task_001306_2f47db37,2,64,1.0,tests_failed_in_exit0,unexplained_exit0_with_test_failure,10 failed,121
115,task_001306_2f47db37,2,67,1.0,traceback_in_exit0,traceback_only_no_test_failure,Traceback (most recent call last),406
115,task_003681_791f36e3,3,98,0.0,traceback_in_exit0,traceback_only_no_test_failure,Traceback (most recent call last),324
115,task_003681_791f36e3,3,101,0.0,traceback_in_exit0,traceback_only_no_test_failure,Traceback (most recent call last),643
115,task_003681_791f36e3,3,108,0.0,traceback_in_exit0,traceback_only_no_test_failure,Traceback (most recent call last),349
115,task_003681_791f36e3,3,115,0.0,traceback_in_exit0,traceback_only_no_test_failure,Traceback (most recent call last),594
115,task_003681_791f36e3,3,117,1.0,traceback_in_exit0,traceback_only_no_test_failure,Traceback (most recent call last),1949
115,task_005627_9a6f67dc,5,174,1.0,traceback_in_exit0,traceback_only_no_test_failure,Traceback (most recent call last),2297
116,task_000892_5ad04098,3,97,0.0,traceback_in_exit0,traceback_only_no_test_failure,Traceback (most recent call last),2996
116,task_000892_5ad04098,3,99,0.0,traceback_in_exit0,traceback_only_no_test_failure,Traceback (most recent call last),220
116,task_000892_5ad04098,3,100,0.0,tests_failed_in_exit0,unexplained_exit0_with_test_failure,1 failed,2104
116,task_000892_5ad04098,3,116,0.0,tests_failed_in_exit0,pytest_collection_error,error during collection,1133
116,task_000892_5ad04098,3,117,0.0,tests_failed_in_exit0,pytest_collection_error,error during collection,1151
116,task_000892_5ad04098,3,119,0.0,traceback_in_exit0,traceback_only_no_test_failure,Traceback (most recent call last),974
116,task_000892_5ad04098,3,125,0.0,traceback_in_exit0,traceback_only_no_test_failure,Traceback (most recent call last),666
116,task_000786_f06d9af3,5,170,0.0,traceback_in_exit0,traceback_only_no_test_failure,Traceback (most recent call last),123
117,task_005455_d7d5d2b7,3,103,1.0,traceback_in_exit0,traceback_only_no_test_failure,Traceback (most recent call last),151
117,task_000955_d9806ef4,4,131,0.0,traceback_in_exit0,traceback_only_no_test_failure,Traceback (most recent call last),2617
117,task_005487_63a31840,5,160,1.0,traceback_in_exit0,traceback_only_no_test_failure,Traceback (most recent call last),220
117,task_005487_63a31840,5,161,1.0,traceback_in_exit0,traceback_only_no_test_failure,Traceback (most recent call last),161
117,task_005487_63a31840,5,163,0.0,traceback_in_exit0,traceback_only_no_test_failure,Traceback (most recent call last),196
117,task_005487_63a31840,5,164,1.0,traceback_in_exit0,traceback_only_no_test_failure,Traceback (most recent call last),154
117,task_005487_63a31840,5,174,1.0,traceback_in_exit0,traceback_only_no_test_failure,Traceback (most recent call last),192
118,task_003434_b02c21db,1,39,1.0,traceback_in_exit0,traceback_only_no_test_failure,Traceback (most recent call last),664
118,task_002899_e513a48d,3,97,0.0,traceback_in_exit0,traceback_only_no_test_failure,Traceback (most recent call last),906
118,task_002899_e513a48d,3,103,0.0,traceback_in_exit0,traceback_only_no_test_failure,Traceback (most recent call last),2080
118,task_002899_e513a48d,3,104,0.0,traceback_in_exit0,traceback_only_no_test_failure,Traceback (most recent call last),2487
118,task_002899_e513a48d,3,105,0.0,traceback_in_exit0,traceback_only_no_test_failure,Traceback (most recent call last),936
118,task_002899_e513a48d,3,106,0.0,traceback_in_exit0,traceback_only_no_test_failure,Traceback (most recent call last),946
118,task_002899_e513a48d,3,107,1.0,traceback_in_exit0,traceback_only_no_test_failure,Traceback (most recent call last),1806
118,task_002899_e513a48d,3,108,0.0,traceback_in_exit0,traceback_only_no_test_failure,Traceback (most recent call last),966
118,task_002899_e513a48d,3,109,0.0,traceback_in_exit0,traceback_only_no_test_failure,Traceback (most recent call last),1689
118,task_002899_e513a48d,3,111,0.0,traceback_in_exit0,traceback_only_no_test_failure,Traceback (most recent call last),1121
118,task_002899_e513a48d,3,113,1.0,traceback_in_exit0,traceback_only_no_test_failure,Traceback (most recent call last),973
118,task_002899_e513a48d,3,114,0.0,traceback_in_exit0,traceback_only_no_test_failure,Traceback (most recent call last),2616
118,task_002899_e513a48d,3,117,0.0,traceback_in_exit0,traceback_only_no_test_failure,Traceback (most recent call last),143
118,task_002899_e513a48d,3,119,0.0,traceback_in_exit0,traceback_only_no_test_failure,Traceback (most recent call last),965
118,task_002899_e513a48d,3,123,0.0,traceback_in_exit0,traceback_only_no_test_failure,Traceback (most recent call last),922
118,task_002899_e513a48d,3,124,0.0,traceback_in_exit0,traceback_only_no_test_failure,Traceback (most recent call last),2855
118,task_002899_e513a48d,3,125,0.0,traceback_in_exit0,traceback_only_no_test_failure,Traceback (most recent call last),917
118,task_002899_e513a48d,3,126,1.0,traceback_in_exit0,traceback_only_no_test_failure,Traceback (most recent call last),917
118,task_003415_74a77fc0,4,133,0.0,traceback_in_exit0,traceback_only_no_test_failure,Traceback (most recent call last),2135
118,task_003415_74a77fc0,4,145,0.0,traceback_in_exit0,traceback_only_no_test_failure,Traceback (most recent call last),1081
118,task_003415_74a77fc0,4,146,1.0,traceback_in_exit0,traceback_only_no_test_failure,Traceback (most recent call last),877
118,task_003415_74a77fc0,4,150,0.0,traceback_in_exit0,traceback_only_no_test_failure,Traceback (most recent call last),1050
118,task_004645_81876347,6,200,1.0,traceback_in_exit0,traceback_only_no_test_failure,Traceback (most recent call last),807
118,task_004645_81876347,6,221,1.0,traceback_in_exit0,traceback_only_no_test_failure,Traceback (most recent call last),831
118,task_003486_c95657cf,7,245,1.0,traceback_in_exit0,traceback_only_no_test_failure,Traceback (most recent call last),254
119,task_002529_9ef3f458,0,0,1.0,traceback_in_exit0,traceback_only_no_test_failure,Traceback (most recent call last),248
119,task_002529_9ef3f458,0,2,0.0,traceback_in_exit0,traceback_only_no_test_failure,Traceback (most recent call last),138
119,task_002529_9ef3f458,0,3,1.0,traceback_in_exit0,traceback_only_no_test_failure,Traceback (most recent call last),745
119,task_002529_9ef3f458,0,4,1.0,traceback_in_exit0,traceback_only_no_test_failure,Traceback (most recent call last),1079
119,task_002529_9ef3f458,0,5,0.0,traceback_in_exit0,traceback_only_no_test_failure,Traceback (most recent call last),234
119,task_002529_9ef3f458,0,11,0.0,traceback_in_exit0,traceback_only_no_test_failure,Traceback (most recent call last),599
119,task_002529_9ef3f458,0,12,1.0,traceback_in_exit0,traceback_only_no_test_failure,Traceback (most recent call last),647
119,task_002529_9ef3f458,0,14,0.0,traceback_in_exit0,traceback_only_no_test_failure,Traceback (most recent call last),739
119,task_002529_9ef3f458,0,15,0.0,traceback_in_exit0,traceback_only_no_test_failure,Traceback (most recent call last),137
119,task_002529_9ef3f458,0,16,0.0,traceback_in_exit0,traceback_only_no_test_failure,Traceback (most recent call last),569
119,task_002529_9ef3f458,0,17,0.0,traceback_in_exit0,traceback_only_no_test_failure,Traceback (most recent call last),881
119,task_002529_9ef3f458,0,20,0.0,traceback_in_exit0,traceback_only_no_test_failure,Traceback (most recent call last),533
119,task_002529_9ef3f458,0,21,1.0,traceback_in_exit0,traceback_only_no_test_failure,Traceback (most recent call last),332
119,task_002529_9ef3f458,0,23,0.0,traceback_in_exit0,traceback_only_no_test_failure,Traceback (most recent call last),160
119,task_002529_9ef3f458,0,25,0.0,traceback_in_exit0,traceback_only_no_test_failure,Traceback (most recent call last),874
119,task_002529_9ef3f458,0,26,0.0,traceback_in_exit0,traceback_only_no_test_failure,Traceback (most recent call last),9611
119,task_002529_9ef3f458,0,27,1.0,traceback_in_exit0,traceback_only_no_test_failure,Traceback (most recent call last),557
119,task_002529_9ef3f458,0,28,0.0,traceback_in_exit0,traceback_only_no_test_failure,Traceback (most recent call last),213
119,task_002529_9ef3f458,0,29,1.0,traceback_in_exit0,traceback_only_no_test_failure,Traceback (most recent call last),1245
119,task_002529_9ef3f458,0,30,0.0,traceback_in_exit0,traceback_only_no_test_failure,Traceback (most recent call last),8834
119,task_002529_9ef3f458,0,31,0.0,traceback_in_exit0,traceback_only_no_test_failure,Traceback (most recent call last),355
119,task_001263_bc07576f,3,123,0.0,traceback_in_exit0,traceback_only_no_test_failure,Traceback (most recent call last),861
119,task_004032_e81bcd0f,7,230,0.0,traceback_in_exit0,traceback_only_no_test_failure,Traceback (most recent call last),263
119,task_004032_e81bcd0f,7,233,0.0,traceback_in_exit0,traceback_only_no_test_failure,Traceback (most recent call last),171
119,task_004032_e81bcd0f,7,243,0.0,traceback_in_exit0,traceback_only_no_test_failure,Traceback (most recent call last),367
119,task_004032_e81bcd0f,7,246,0.0,traceback_in_exit0,traceback_only_no_test_failure,Traceback (most recent call last),418
119,task_004032_e81bcd0f,7,255,0.0,traceback_in_exit0,traceback_only_no_test_failure,Traceback (most recent call last),155
120,task_005178_b297882d,3,96,1.0,traceback_in_exit0,traceback_only_no_test_failure,Traceback (most recent call last),641
120,task_005178_b297882d,3,102,1.0,traceback_in_exit0,traceback_only_no_test_failure,Traceback (most recent call last),126
120,task_001023_fd2843c7,4,130,0.0,traceback_in_exit0,traceback_only_no_test_failure,Traceback (most recent call last),794
120,task_001023_fd2843c7,4,131,0.0,traceback_in_exit0,traceback_only_no_test_failure,Traceback (most recent call last),2415
120,task_001023_fd2843c7,4,132,0.0,traceback_in_exit0,traceback_only_no_test_failure,Traceback (most recent call last),326
120,task_001023_fd2843c7,4,133,0.0,traceback_in_exit0,traceback_only_no_test_failure,Traceback (most recent call last),708
120,task_001023_fd2843c7,4,134,0.0,traceback_in_exit0,traceback_only_no_test_failure,Traceback (most recent call last),829
120,task_001023_fd2843c7,4,135,0.0,traceback_in_exit0,traceback_only_no_test_failure,Traceback (most recent call last),1333
120,task_001023_fd2843c7,4,136,0.0,traceback_in_exit0,traceback_only_no_test_failure,Traceback (most recent call last),219
120,task_001023_fd2843c7,4,138,0.0,traceback_in_exit0,traceback_only_no_test_failure,Traceback (most recent call last),675
120,task_001023_fd2843c7,4,139,0.0,traceback_in_exit0,traceback_only_no_test_failure,Traceback (most recent call last),631
120,task_001023_fd2843c7,4,140,0.0,traceback_in_exit0,traceback_only_no_test_failure,Traceback (most recent call last),673
120,task_001023_fd2843c7,4,141,0.0,traceback_in_exit0,traceback_only_no_test_failure,Traceback (most recent call last),899
120,task_001023_fd2843c7,4,142,0.0,traceback_in_exit0,traceback_only_no_test_failure,Traceback (most recent call last),244
120,task_001023_fd2843c7,4,143,0.0,traceback_in_exit0,traceback_only_no_test_failure,Traceback (most recent call last),1484
120,task_001023_fd2843c7,4,144,0.0,traceback_in_exit0,traceback_only_no_test_failure,Traceback (most recent call last),717
120,task_001023_fd2843c7,4,145,0.0,traceback_in_exit0,traceback_only_no_test_failure,Traceback (most recent call last),130
120,task_001023_fd2843c7,4,147,0.0,traceback_in_exit0,traceback_only_no_test_failure,Traceback (most recent call last),776
120,task_001023_fd2843c7,4,149,0.0,traceback_in_exit0,traceback_only_no_test_failure,Traceback (most recent call last),1007
120,task_001023_fd2843c7,4,150,0.0,traceback_in_exit0,traceback_only_no_test_failure,Traceback (most recent call last),898
120,task_001023_fd2843c7,4,151,1.0,traceback_in_exit0,traceback_only_no_test_failure,Traceback (most recent call last),238
120,task_001023_fd2843c7,4,152,0.0,traceback_in_exit0,traceback_only_no_test_failure,Traceback (most recent call last),457
120,task_001023_fd2843c7,4,153,0.0,traceback_in_exit0,traceback_only_no_test_failure,Traceback (most recent call last),754
120,task_001023_fd2843c7,4,154,0.0,traceback_in_exit0,traceback_only_no_test_failure,Traceback (most recent call last),442
120,task_001023_fd2843c7,4,155,0.0,traceback_in_exit0,traceback_only_no_test_failure,Traceback (most recent call last),585
120,task_001023_fd2843c7,4,156,0.0,traceback_in_exit0,traceback_only_no_test_failure,Traceback (most recent call last),1405
120,task_001023_fd2843c7,4,157,0.0,traceback_in_exit0,traceback_only_no_test_failure,Traceback (most recent call last),719
120,task_001023_fd2843c7,4,158,0.0,traceback_in_exit0,traceback_only_no_test_failure,Traceback (most recent call last),224
120,task_001023_fd2843c7,4,159,0.0,traceback_in_exit0,traceback_only_no_test_failure,Traceback (most recent call last),719
120,task_004338_88b06083,5,166,0.0,traceback_in_exit0,traceback_only_no_test_failure,Traceback (most recent call last),536
120,task_004338_88b06083,5,168,0.0,traceback_in_exit0,traceback_only_no_test_failure,Traceback (most recent call last),917
120,task_004338_88b06083,5,170,0.0,traceback_in_exit0,traceback_only_no_test_failure,Traceback (most recent call last),748
120,task_004338_88b06083,5,173,0.0,traceback_in_exit0,traceback_only_no_test_failure,Traceback (most recent call last),581
120,task_004338_88b06083,5,174,0.0,traceback_in_exit0,traceback_only_no_test_failure,Traceback (most recent call last),812
120,task_004338_88b06083,5,176,0.0,traceback_in_exit0,traceback_only_no_test_failure,Traceback (most recent call last),371
120,task_004338_88b06083,5,181,0.0,traceback_in_exit0,traceback_only_no_test_failure,Traceback (most recent call last),142
120,task_004338_88b06083,5,182,0.0,tests_failed_in_exit0,unexplained_exit0_with_test_failure,50 failed,3443
121,task_000030_58f4c000,0,5,0.0,traceback_in_exit0,traceback_only_no_test_failure,Traceback (most recent call last),595
121,task_000030_58f4c000,0,7,1.0,traceback_in_exit0,traceback_only_no_test_failure,Traceback (most recent call last),397
121,task_000030_58f4c000,0,13,1.0,traceback_in_exit0,traceback_only_no_test_failure,Traceback (most recent call last),955
121,task_000030_58f4c000,0,22,1.0,traceback_in_exit0,traceback_only_no_test_failure,Traceback (most recent call last),308
121,task_000030_58f4c000,0,25,1.0,tests_failed_in_exit0,unexplained_exit0_with_test_failure,25 failed,95
121,task_008441_0c935d56,2,73,0.0,traceback_in_exit0,traceback_only_no_test_failure,Traceback (most recent call last),923
121,task_008441_0c935d56,2,78,0.0,traceback_in_exit0,traceback_only_no_test_failure,Traceback (most recent call last),137
121,task_008441_0c935d56,2,83,0.0,traceback_in_exit0,traceback_only_no_test_failure,Traceback (most recent call last),957
121,task_008441_0c935d56,2,85,0.0,traceback_in_exit0,traceback_only_no_test_failure,Traceback (most recent call last),923
121,task_008441_0c935d56,2,91,1.0,traceback_in_exit0,traceback_only_no_test_failure,Traceback (most recent call last),922
121,task_008441_0c935d56,2,94,1.0,traceback_in_exit0,traceback_only_no_test_failure,Traceback (most recent call last),925
121,task_000536_76060a91,4,130,1.0,traceback_in_exit0,traceback_only_no_test_failure,Traceback (most recent call last),421
121,task_000536_76060a91,4,132,0.0,traceback_in_exit0,traceback_only_no_test_failure,Traceback (most recent call last),494
121,task_000536_76060a91,4,133,0.0,traceback_in_exit0,traceback_only_no_test_failure,Traceback (most recent call last),411
121,task_000536_76060a91,4,135,1.0,traceback_in_exit0,traceback_only_no_test_failure,Traceback (most recent call last),415
121,task_000536_76060a91,4,137,1.0,traceback_in_exit0,traceback_only_no_test_failure,Traceback (most recent call last),143
121,task_000536_76060a91,4,138,0.0,traceback_in_exit0,traceback_only_no_test_failure,Traceback (most recent call last),453
121,task_000536_76060a91,4,142,1.0,traceback_in_exit0,traceback_only_no_test_failure,Traceback (most recent call last),167
121,task_000536_76060a91,4,145,0.0,traceback_in_exit0,traceback_only_no_test_failure,Traceback (most recent call last),483
121,task_000536_76060a91,4,146,0.0,traceback_in_exit0,traceback_only_no_test_failure,Traceback (most recent call last),149
121,task_000536_76060a91,4,147,0.0,traceback_in_exit0,traceback_only_no_test_failure,Traceback (most recent call last),620
121,task_000536_76060a91,4,148,0.0,traceback_in_exit0,traceback_only_no_test_failure,Traceback (most recent call last),223
121,task_000536_76060a91,4,149,1.0,traceback_in_exit0,traceback_only_no_test_failure,Traceback (most recent call last),153
121,task_000536_76060a91,4,150,0.0,traceback_in_exit0,traceback_only_no_test_failure,Traceback (most recent call last),539
121,task_000536_76060a91,4,152,0.0,traceback_in_exit0,traceback_only_no_test_failure,Traceback (most recent call last),181
121,task_000536_76060a91,4,153,0.0,traceback_in_exit0,traceback_only_no_test_failure,Traceback (most recent call last),396
121,task_000536_76060a91,4,156,1.0,traceback_in_exit0,traceback_only_no_test_failure,Traceback (most recent call last),193
121,task_000536_76060a91,4,157,0.0,traceback_in_exit0,traceback_only_no_test_failure,Traceback (most recent call last),222
121,task_002466_26b76ea7,6,193,0.0,traceback_in_exit0,traceback_only_no_test_failure,Traceback (most recent call last),10541
121,task_002466_26b76ea7,6,197,0.0,traceback_in_exit0,traceback_only_no_test_failure,Traceback (most recent call last),10541
121,task_002466_26b76ea7,6,210,0.0,traceback_in_exit0,traceback_only_no_test_failure,Traceback (most recent call last),157
121,task_002466_26b76ea7,6,213,1.0,traceback_in_exit0,traceback_only_no_test_failure,Traceback (most recent call last),256
121,task_002466_26b76ea7,6,218,0.0,traceback_in_exit0,traceback_only_no_test_failure,Traceback (most recent call last),245
121,task_002466_26b76ea7,6,221,0.0,traceback_in_exit0,traceback_only_no_test_failure,Traceback (most recent call last),249
122,task_002979_fa4da05f,1,32,0.0,traceback_in_exit0,traceback_only_no_test_failure,Traceback (most recent call last),736
122,task_002979_fa4da05f,1,34,0.0,traceback_in_exit0,traceback_only_no_test_failure,Traceback (most recent call last),454
122,task_002979_fa4da05f,1,39,0.0,traceback_in_exit0,traceback_only_no_test_failure,Traceback (most recent call last),360
122,task_002979_fa4da05f,1,41,0.0,traceback_in_exit0,traceback_only_no_test_failure,Traceback (most recent call last),210
122,task_002979_fa4da05f,1,50,0.0,traceback_in_exit0,traceback_only_no_test_failure,Traceback (most recent call last),424
122,task_002979_fa4da05f,1,51,0.0,traceback_in_exit0,traceback_only_no_test_failure,Traceback (most recent call last),312
122,task_002979_fa4da05f,1,55,0.0,traceback_in_exit0,traceback_only_no_test_failure,Traceback (most recent call last),339
122,task_002979_fa4da05f,1,58,0.0,traceback_in_exit0,traceback_only_no_test_failure,Traceback (most recent call last),275
122,task_002979_fa4da05f,1,61,0.0,traceback_in_exit0,traceback_only_no_test_failure,Traceback (most recent call last),479
122,task_002979_fa4da05f,1,63,0.0,traceback_in_exit0,traceback_only_no_test_failure,Traceback (most recent call last),319
122,task_002059_d77b1349,2,64,1.0,traceback_in_exit0,traceback_only_no_test_failure,Traceback (most recent call last),192
122,task_002059_d77b1349,2,70,0.0,traceback_in_exit0,traceback_only_no_test_failure,Traceback (most recent call last),661
122,task_002059_d77b1349,2,76,1.0,traceback_in_exit0,traceback_only_no_test_failure,Traceback (most recent call last),475
122,task_002059_d77b1349,2,84,0.0,traceback_in_exit0,traceback_only_no_test_failure,Traceback (most recent call last),1753
122,task_002059_d77b1349,2,86,1.0,traceback_in_exit0,traceback_only_no_test_failure,Traceback (most recent call last),119
122,task_002059_d77b1349,2,93,1.0,traceback_in_exit0,traceback_only_no_test_failure,Traceback (most recent call last),217
122,task_002059_d77b1349,2,95,0.0,traceback_in_exit0,traceback_only_no_test_failure,Traceback (most recent call last),177
122,task_004336_53442f08,3,119,1.0,traceback_in_exit0,traceback_only_no_test_failure,Traceback (most recent call last),570
122,task_002869_18f98df5,5,160,0.0,traceback_in_exit0,traceback_only_no_test_failure,Traceback (most recent call last),1240
122,task_002869_18f98df5,5,162,0.0,traceback_in_exit0,traceback_only_no_test_failure,Traceback (most recent call last),285
122,task_002869_18f98df5,5,164,0.0,traceback_in_exit0,traceback_only_no_test_failure,Traceback (most recent call last),294
122,task_002869_18f98df5,5,168,1.0,traceback_in_exit0,traceback_only_no_test_failure,Traceback (most recent call last),719
122,task_002869_18f98df5,5,170,1.0,traceback_in_exit0,traceback_only_no_test_failure,Traceback (most recent call last),305
122,task_002869_18f98df5,5,182,0.0,traceback_in_exit0,traceback_only_no_test_failure,Traceback (most recent call last),243
122,task_002869_18f98df5,5,184,0.0,traceback_in_exit0,traceback_only_no_test_failure,Traceback (most recent call last),1557
122,task_002869_18f98df5,5,185,0.0,traceback_in_exit0,traceback_only_no_test_failure,Traceback (most recent call last),251
122,task_002869_18f98df5,5,187,0.0,traceback_in_exit0,traceback_only_no_test_failure,Traceback (most recent call last),174
122,task_003814_f1985dc9,7,236,1.0,traceback_in_exit0,traceback_only_no_test_failure,Traceback (most recent call last),332
122,task_003814_f1985dc9,7,239,1.0,traceback_in_exit0,traceback_only_no_test_failure,Traceback (most recent call last),251
122,task_003814_f1985dc9,7,246,1.0,traceback_in_exit0,traceback_only_no_test_failure,Traceback (most recent call last),143
122,task_003814_f1985dc9,7,249,1.0,traceback_in_exit0,traceback_only_no_test_failure,Traceback (most recent call last),245
122,task_003814_f1985dc9,7,253,0.0,traceback_in_exit0,traceback_only_no_test_failure,Traceback (most recent call last),216
122,task_003814_f1985dc9,7,255,1.0,traceback_in_exit0,traceback_only_no_test_failure,Traceback (most recent call last),141
123,task_004074_42936f4e,4,130,1.0,traceback_in_exit0,traceback_only_no_test_failure,Traceback (most recent call last),10542
123,task_004074_42936f4e,4,135,0.0,traceback_in_exit0,traceback_only_no_test_failure,Traceback (most recent call last),1576
123,task_004074_42936f4e,4,137,1.0,traceback_in_exit0,traceback_only_no_test_failure,Traceback (most recent call last),2568
123,task_004074_42936f4e,4,141,1.0,traceback_in_exit0,traceback_only_no_test_failure,Traceback (most recent call last),1298
123,task_004074_42936f4e,4,145,0.0,traceback_in_exit0,traceback_only_no_test_failure,Traceback (most recent call last),660
123,task_004074_42936f4e,4,148,1.0,traceback_in_exit0,traceback_only_no_test_failure,Traceback (most recent call last),325
123,task_004074_42936f4e,4,149,1.0,traceback_in_exit0,traceback_only_no_test_failure,Traceback (most recent call last),1294
123,task_004074_42936f4e,4,151,0.0,traceback_in_exit0,traceback_only_no_test_failure,Traceback (most recent call last),1451
123,task_004074_42936f4e,4,154,1.0,traceback_in_exit0,traceback_only_no_test_failure,Traceback (most recent call last),1266
123,task_004074_42936f4e,4,157,1.0,traceback_in_exit0,traceback_only_no_test_failure,Traceback (most recent call last),10543
123,task_000130_0f11589b,6,193,0.0,traceback_in_exit0,traceback_only_no_test_failure,Traceback (most recent call last),622
124,task_003457_a10d7c3a,2,79,1.0,traceback_in_exit0,traceback_only_no_test_failure,Traceback (most recent call last),1495
124,task_005133_d7d8bc98,5,167,1.0,traceback_in_exit0,traceback_only_no_test_failure,Traceback (most recent call last),129
124,task_006011_862db9cf,7,245,0.0,traceback_in_exit0,traceback_only_no_test_failure,Traceback (most recent call last),586
125,task_001385_992e48d2,2,64,1.0,traceback_in_exit0,traceback_only_no_test_failure,Traceback (most recent call last),234
125,task_001385_992e48d2,2,70,1.0,traceback_in_exit0,traceback_only_no_test_failure,Traceback (most recent call last),4861
125,task_001385_992e48d2,2,76,1.0,traceback_in_exit0,traceback_only_no_test_failure,Traceback (most recent call last),137
125,task_001385_992e48d2,2,79,1.0,traceback_in_exit0,traceback_only_no_test_failure,Traceback (most recent call last),450
125,task_001385_992e48d2,2,86,1.0,traceback_in_exit0,traceback_only_no_test_failure,Traceback (most recent call last),240
125,task_003855_b641b2c8,4,128,0.0,traceback_in_exit0,traceback_only_no_test_failure,Traceback (most recent call last),971
125,task_003855_b641b2c8,4,129,0.0,traceback_in_exit0,traceback_only_no_test_failure,Traceback (most recent call last),532
125,task_003855_b641b2c8,4,130,0.0,traceback_in_exit0,traceback_only_no_test_failure,Traceback (most recent call last),416
125,task_003855_b641b2c8,4,131,0.0,traceback_in_exit0,traceback_only_no_test_failure,Traceback (most recent call last),423
125,task_003855_b641b2c8,4,132,0.0,traceback_in_exit0,traceback_only_no_test_failure,Traceback (most recent call last),532
125,task_003855_b641b2c8,4,133,0.0,traceback_in_exit0,traceback_only_no_test_failure,Traceback (most recent call last),532
125,task_003855_b641b2c8,4,134,1.0,traceback_in_exit0,traceback_only_no_test_failure,Traceback (most recent call last),429
125,task_003855_b641b2c8,4,135,0.0,traceback_in_exit0,traceback_only_no_test_failure,Traceback (most recent call last),400
125,task_003855_b641b2c8,4,136,0.0,traceback_in_exit0,traceback_only_no_test_failure,Traceback (most recent call last),520
125,task_003855_b641b2c8,4,137,0.0,traceback_in_exit0,traceback_only_no_test_failure,Traceback (most recent call last),532
125,task_003855_b641b2c8,4,138,0.0,traceback_in_exit0,traceback_only_no_test_failure,Traceback (most recent call last),411
125,task_003855_b641b2c8,4,139,0.0,traceback_in_exit0,traceback_only_no_test_failure,Traceback (most recent call last),416
125,task_003855_b641b2c8,4,140,1.0,traceback_in_exit0,traceback_only_no_test_failure,Traceback (most recent call last),416
125,task_003855_b641b2c8,4,141,0.0,traceback_in_exit0,traceback_only_no_test_failure,Traceback (most recent call last),416
125,task_003855_b641b2c8,4,142,0.0,traceback_in_exit0,traceback_only_no_test_failure,Traceback (most recent call last),1062
125,task_003855_b641b2c8,4,143,0.0,traceback_in_exit0,traceback_only_no_test_failure,Traceback (most recent call last),416
125,task_003855_b641b2c8,4,144,0.0,traceback_in_exit0,traceback_only_no_test_failure,Traceback (most recent call last),393
125,task_003855_b641b2c8,4,145,1.0,traceback_in_exit0,traceback_only_no_test_failure,Traceback (most recent call last),534
125,task_003855_b641b2c8,4,146,0.0,traceback_in_exit0,traceback_only_no_test_failure,Traceback (most recent call last),429
125,task_003855_b641b2c8,4,147,0.0,traceback_in_exit0,traceback_only_no_test_failure,Traceback (most recent call last),416
125,task_003855_b641b2c8,4,148,0.0,traceback_in_exit0,traceback_only_no_test_failure,Traceback (most recent call last),561
125,task_003855_b641b2c8,4,149,0.0,traceback_in_exit0,traceback_only_no_test_failure,Traceback (most recent call last),532
125,task_003855_b641b2c8,4,150,1.0,traceback_in_exit0,traceback_only_no_test_failure,Traceback (most recent call last),363
125,task_003855_b641b2c8,4,151,0.0,traceback_in_exit0,traceback_only_no_test_failure,Traceback (most recent call last),416
125,task_003855_b641b2c8,4,152,0.0,traceback_in_exit0,traceback_only_no_test_failure,Traceback (most recent call last),416
125,task_003855_b641b2c8,4,153,0.0,traceback_in_exit0,traceback_only_no_test_failure,Traceback (most recent call last),423
125,task_003855_b641b2c8,4,154,0.0,traceback_in_exit0,traceback_only_no_test_failure,Traceback (most recent call last),416
125,task_003855_b641b2c8,4,155,0.0,traceback_in_exit0,traceback_only_no_test_failure,Traceback (most recent call last),532
125,task_003855_b641b2c8,4,156,1.0,traceback_in_exit0,traceback_only_no_test_failure,Traceback (most recent call last),411
125,task_003855_b641b2c8,4,157,0.0,traceback_in_exit0,traceback_only_no_test_failure,Traceback (most recent call last),542
125,task_003855_b641b2c8,4,158,0.0,traceback_in_exit0,traceback_only_no_test_failure,Traceback (most recent call last),545
125,task_003855_b641b2c8,4,159,0.0,traceback_in_exit0,traceback_only_no_test_failure,Traceback (most recent call last),520
125,task_003864_3fa2afea,5,162,1.0,traceback_in_exit0,traceback_only_no_test_failure,Traceback (most recent call last),321
126,task_004868_d8cbc694,2,74,0.0,traceback_in_exit0,traceback_only_no_test_failure,Traceback (most recent call last),886
126,task_004868_d8cbc694,2,86,0.0,traceback_in_exit0,traceback_only_no_test_failure,Traceback (most recent call last),501
126,task_004868_d8cbc694,2,95,0.0,traceback_in_exit0,traceback_only_no_test_failure,Traceback (most recent call last),458
126,task_002526_f206bc20,3,99,1.0,traceback_in_exit0,traceback_only_no_test_failure,Traceback (most recent call last),335
126,task_002526_f206bc20,3,110,0.0,traceback_in_exit0,traceback_only_no_test_failure,Traceback (most recent call last),300
126,task_002526_f206bc20,3,120,1.0,traceback_in_exit0,traceback_only_no_test_failure,Traceback (most recent call last),245
126,task_006524_bd8eee84,5,167,0.0,traceback_in_exit0,traceback_only_no_test_failure,Traceback (most recent call last),189
126,task_006524_bd8eee84,5,169,0.0,traceback_in_exit0,traceback_only_no_test_failure,Traceback (most recent call last),207
126,task_006524_bd8eee84,5,173,1.0,traceback_in_exit0,traceback_only_no_test_failure,Traceback (most recent call last),298
126,task_006524_bd8eee84,5,187,0.0,traceback_in_exit0,traceback_only_no_test_failure,Traceback (most recent call last),180
126,task_003460_4b75e9f0,6,195,1.0,traceback_in_exit0,traceback_only_no_test_failure,Traceback (most recent call last),154
126,task_003460_4b75e9f0,6,196,1.0,traceback_in_exit0,traceback_only_no_test_failure,Traceback (most recent call last),453
126,task_003460_4b75e9f0,6,200,1.0,traceback_in_exit0,traceback_only_no_test_failure,Traceback (most recent call last),269
126,task_003460_4b75e9f0,6,203,1.0,traceback_in_exit0,traceback_only_no_test_failure,Traceback (most recent call last),145
126,task_003460_4b75e9f0,6,215,1.0,traceback_in_exit0,traceback_only_no_test_failure,Traceback (most recent call last),294
126,task_003460_4b75e9f0,6,220,1.0,traceback_in_exit0,traceback_only_no_test_failure,Traceback (most recent call last),504
127,task_001609_5d493d1b,0,3,0.0,traceback_in_exit0,traceback_only_no_test_failure,Traceback (most recent call last),458
127,task_001609_5d493d1b,0,17,1.0,traceback_in_exit0,traceback_only_no_test_failure,Traceback (most recent call last),565
127,task_000989_67c9055d,3,96,0.0,traceback_in_exit0,traceback_only_no_test_failure,Traceback (most recent call last),114
127,task_000926_eb2b990a,6,201,0.0,traceback_in_exit0,traceback_only_no_test_failure,Traceback (most recent call last),136
127,task_000926_eb2b990a,6,211,0.0,traceback_in_exit0,traceback_only_no_test_failure,Traceback (most recent call last),142
127,task_000926_eb2b990a,6,212,0.0,tests_failed_in_exit0,unexplained_exit0_with_test_failure,1 failed,498
127,task_000926_eb2b990a,6,213,1.0,traceback_in_exit0,traceback_only_no_test_failure,Traceback (most recent call last),653
127,task_000926_eb2b990a,6,217,0.0,traceback_in_exit0,traceback_only_no_test_failure,Traceback (most recent call last),127
127,task_004065_3151b4eb,7,239,1.0,traceback_in_exit0,traceback_only_no_test_failure,Traceback (most recent call last),151
127,task_004065_3151b4eb,7,243,0.0,traceback_in_exit0,traceback_only_no_test_failure,Traceback (most recent call last),189
127,task_004065_3151b4eb,7,247,1.0,traceback_in_exit0,traceback_only_no_test_failure,Traceback (most recent call last),199
127,task_004065_3151b4eb,7,253,0.0,traceback_in_exit0,traceback_only_no_test_failure,Traceback (most recent call last),326
128,task_004684_b7235338,0,1,1.0,traceback_in_exit0,traceback_only_no_test_failure,Traceback (most recent call last),883
128,task_004684_b7235338,0,2,0.0,traceback_in_exit0,traceback_only_no_test_failure,Traceback (most recent call last),114
128,task_005334_cfcd5e8c,3,96,0.0,traceback_in_exit0,traceback_only_no_test_failure,Traceback (most recent call last),183
128,task_005334_cfcd5e8c,3,97,1.0,traceback_in_exit0,traceback_only_no_test_failure,Traceback (most recent call last),509
128,task_005334_cfcd5e8c,3,98,0.0,traceback_in_exit0,traceback_only_no_test_failure,Traceback (most recent call last),168
128,task_005334_cfcd5e8c,3,99,0.0,traceback_in_exit0,traceback_only_no_test_failure,Traceback (most recent call last),186
128,task_005334_cfcd5e8c,3,100,1.0,traceback_in_exit0,traceback_only_no_test_failure,Traceback (most recent call last),161
128,task_005334_cfcd5e8c,3,103,0.0,traceback_in_exit0,traceback_only_no_test_failure,Traceback (most recent call last),267
128,task_005334_cfcd5e8c,3,104,0.0,traceback_in_exit0,traceback_only_no_test_failure,Traceback (most recent call last),247
128,task_005334_cfcd5e8c,3,105,0.0,traceback_in_exit0,traceback_only_no_test_failure,Traceback (most recent call last),257
128,task_005334_cfcd5e8c,3,106,0.0,traceback_in_exit0,traceback_only_no_test_failure,Traceback (most recent call last),198
128,task_005334_cfcd5e8c,3,107,0.0,traceback_in_exit0,traceback_only_no_test_failure,Traceback (most recent call last),196
128,task_005334_cfcd5e8c,3,109,1.0,traceback_in_exit0,traceback_only_no_test_failure,Traceback (most recent call last),387
128,task_005334_cfcd5e8c,3,112,0.0,traceback_in_exit0,traceback_only_no_test_failure,Traceback (most recent call last),228
128,task_005334_cfcd5e8c,3,113,0.0,traceback_in_exit0,traceback_only_no_test_failure,Traceback (most recent call last),348
128,task_005334_cfcd5e8c,3,116,0.0,traceback_in_exit0,traceback_only_no_test_failure,Traceback (most recent call last),426
128,task_005334_cfcd5e8c,3,118,1.0,traceback_in_exit0,traceback_only_no_test_failure,Traceback (most recent call last),684
128,task_005334_cfcd5e8c,3,120,0.0,traceback_in_exit0,traceback_only_no_test_failure,Traceback (most recent call last),252
128,task_005334_cfcd5e8c,3,121,0.0,traceback_in_exit0,traceback_only_no_test_failure,Traceback (most recent call last),161
128,task_005334_cfcd5e8c,3,122,0.0,traceback_in_exit0,traceback_only_no_test_failure,Traceback (most recent call last),306
128,task_005334_cfcd5e8c,3,123,0.0,traceback_in_exit0,traceback_only_no_test_failure,Traceback (most recent call last),362
128,task_005334_cfcd5e8c,3,125,0.0,traceback_in_exit0,traceback_only_no_test_failure,Traceback (most recent call last),219
128,task_005334_cfcd5e8c,3,126,0.0,traceback_in_exit0,traceback_only_no_test_failure,Traceback (most recent call last),356
128,task_008740_7d0764ac,4,155,1.0,traceback_in_exit0,traceback_only_no_test_failure,Traceback (most recent call last),196
128,task_008740_7d0764ac,4,156,0.0,traceback_in_exit0,traceback_only_no_test_failure,Traceback (most recent call last),564
128,task_001782_cb5f8081,6,196,0.0,tests_failed_in_exit0,unexplained_exit0_with_test_failure,50 failed,4279
128,task_003324_09e2999f,7,227,1.0,traceback_in_exit0,traceback_only_no_test_failure,Traceback (most recent call last),1391
128,task_003324_09e2999f,7,237,1.0,traceback_in_exit0,traceback_only_no_test_failure,Traceback (most recent call last),1869
128,task_003324_09e2999f,7,238,0.0,traceback_in_exit0,traceback_only_no_test_failure,Traceback (most recent call last),591
128,task_003324_09e2999f,7,245,0.0,traceback_in_exit0,traceback_only_no_test_failure,Traceback (most recent call last),185
128,task_003324_09e2999f,7,248,1.0,traceback_in_exit0,traceback_only_no_test_failure,Traceback (most recent call last),1212
129,task_009361_b409595b,0,22,1.0,traceback_in_exit0,traceback_only_no_test_failure,Traceback (most recent call last),408
129,task_007090_8f23eaff,3,114,1.0,traceback_in_exit0,traceback_only_no_test_failure,Traceback (most recent call last),159
129,task_005134_d942ef9c,4,128,1.0,traceback_in_exit0,traceback_only_no_test_failure,Traceback (most recent call last),1199
129,task_005134_d942ef9c,4,129,1.0,traceback_in_exit0,traceback_only_no_test_failure,Traceback (most recent call last),1524
129,task_005134_d942ef9c,4,133,1.0,traceback_in_exit0,traceback_only_no_test_failure,Traceback (most recent call last),677
129,task_005134_d942ef9c,4,135,0.0,traceback_in_exit0,traceback_only_no_test_failure,Traceback (most recent call last),1180
129,task_005134_d942ef9c,4,139,1.0,traceback_in_exit0,traceback_only_no_test_failure,Traceback (most recent call last),228
129,task_005134_d942ef9c,4,143,1.0,traceback_in_exit0,traceback_only_no_test_failure,Traceback (most recent call last),2363
129,task_005134_d942ef9c,4,148,1.0,traceback_in_exit0,traceback_only_no_test_failure,Traceback (most recent call last),485
129,task_005134_d942ef9c,4,155,1.0,traceback_in_exit0,traceback_only_no_test_failure,Traceback (most recent call last),1673
129,task_005134_d942ef9c,4,158,1.0,traceback_in_exit0,traceback_only_no_test_failure,Traceback (most recent call last),289
129,task_002916_62e91d53,7,231,1.0,tests_failed_in_exit0,unexplained_exit0_with_test_failure,1 failed,849
129,task_002916_62e91d53,7,244,0.0,traceback_in_exit0,traceback_only_no_test_failure,Traceback (most recent call last),119
129,task_002916_62e91d53,7,250,1.0,traceback_in_exit0,traceback_only_no_test_failure,Traceback (most recent call last),254
129,task_002916_62e91d53,7,253,1.0,traceback_in_exit0,traceback_only_no_test_failure,Traceback (most recent call last),130
130,task_009458_1bff453d,0,4,0.0,traceback_in_exit0,traceback_only_no_test_failure,Traceback (most recent call last),1950
130,task_009458_1bff453d,0,15,0.0,traceback_in_exit0,traceback_only_no_test_failure,Traceback (most recent call last),169
130,task_009458_1bff453d,0,16,1.0,traceback_in_exit0,traceback_only_no_test_failure,Traceback (most recent call last),212
130,task_009458_1bff453d,0,17,0.0,traceback_in_exit0,traceback_only_no_test_failure,Traceback (most recent call last),474
130,task_007486_d3fdf5bf,2,82,1.0,traceback_in_exit0,traceback_only_no_test_failure,Traceback (most recent call last),536
130,task_002784_ae40ee82,4,129,1.0,traceback_in_exit0,traceback_only_no_test_failure,Traceback (most recent call last),848
130,task_002784_ae40ee82,4,130,1.0,traceback_in_exit0,traceback_only_no_test_failure,Traceback (most recent call last),190
130,task_002784_ae40ee82,4,131,1.0,traceback_in_exit0,traceback_only_no_test_failure,Traceback (most recent call last),612
130,task_002784_ae40ee82,4,132,1.0,traceback_in_exit0,traceback_only_no_test_failure,Traceback (most recent call last),577
130,task_002784_ae40ee82,4,135,0.0,traceback_in_exit0,traceback_only_no_test_failure,Traceback (most recent call last),679
130,task_002784_ae40ee82,4,137,0.0,traceback_in_exit0,traceback_only_no_test_failure,Traceback (most recent call last),566
130,task_002784_ae40ee82,4,139,0.0,traceback_in_exit0,traceback_only_no_test_failure,Traceback (most recent call last),612
130,task_002784_ae40ee82,4,141,0.0,traceback_in_exit0,traceback_only_no_test_failure,Traceback (most recent call last),209
130,task_002784_ae40ee82,4,143,1.0,traceback_in_exit0,traceback_only_no_test_failure,Traceback (most recent call last),227
130,task_002784_ae40ee82,4,144,0.0,traceback_in_exit0,traceback_only_no_test_failure,Traceback (most recent call last),527
130,task_002784_ae40ee82,4,148,0.0,traceback_in_exit0,traceback_only_no_test_failure,Traceback (most recent call last),456
130,task_002784_ae40ee82,4,149,0.0,traceback_in_exit0,traceback_only_no_test_failure,Traceback (most recent call last),228
130,task_002784_ae40ee82,4,153,0.0,traceback_in_exit0,traceback_only_no_test_failure,Traceback (most recent call last),395
130,task_002784_ae40ee82,4,154,0.0,traceback_in_exit0,traceback_only_no_test_failure,Traceback (most recent call last),235
130,task_002784_ae40ee82,4,156,0.0,traceback_in_exit0,traceback_only_no_test_failure,Traceback (most recent call last),522
130,task_002784_ae40ee82,4,157,0.0,traceback_in_exit0,traceback_only_no_test_failure,Traceback (most recent call last),1747
130,task_002784_ae40ee82,4,158,0.0,traceback_in_exit0,traceback_only_no_test_failure,Traceback (most recent call last),1120
130,task_002784_ae40ee82,4,159,0.0,traceback_in_exit0,traceback_only_no_test_failure,Traceback (most recent call last),1844
130,task_000790_bbfec34a,7,238,1.0,traceback_in_exit0,traceback_only_no_test_failure,Traceback (most recent call last),143
130,task_000790_bbfec34a,7,239,0.0,traceback_in_exit0,traceback_only_no_test_failure,Traceback (most recent call last),151
131,task_004803_7aba0295,0,4,1.0,traceback_in_exit0,traceback_only_no_test_failure,Traceback (most recent call last),318
131,task_004803_7aba0295,0,6,1.0,traceback_in_exit0,traceback_only_no_test_failure,Traceback (most recent call last),316
131,task_004803_7aba0295,0,7,0.0,traceback_in_exit0,traceback_only_no_test_failure,Traceback (most recent call last),271
131,task_004803_7aba0295,0,13,1.0,traceback_in_exit0,traceback_only_no_test_failure,Traceback (most recent call last),1313
131,task_004803_7aba0295,0,16,0.0,traceback_in_exit0,traceback_only_no_test_failure,Traceback (most recent call last),358
131,task_004803_7aba0295,0,17,0.0,traceback_in_exit0,traceback_only_no_test_failure,Traceback (most recent call last),201
131,task_004803_7aba0295,0,25,0.0,traceback_in_exit0,traceback_only_no_test_failure,Traceback (most recent call last),916
131,task_004803_7aba0295,0,29,0.0,traceback_in_exit0,traceback_only_no_test_failure,Traceback (most recent call last),382
131,task_009166_0c19df5a,2,66,0.0,traceback_in_exit0,traceback_only_no_test_failure,Traceback (most recent call last),1372
131,task_009166_0c19df5a,2,75,1.0,traceback_in_exit0,traceback_only_no_test_failure,Traceback (most recent call last),714
131,task_006457_569c2afc,3,116,0.0,tests_failed_in_exit0,unexplained_exit0_with_test_failure,Test 1 failed,594
131,task_006457_569c2afc,3,126,0.0,traceback_in_exit0,traceback_only_no_test_failure,Traceback (most recent call last),810
131,task_000796_17407051,4,128,1.0,traceback_in_exit0,traceback_only_no_test_failure,Traceback (most recent call last),337
131,task_000796_17407051,4,131,1.0,traceback_in_exit0,traceback_only_no_test_failure,Traceback (most recent call last),564
131,task_000796_17407051,4,133,1.0,traceback_in_exit0,traceback_only_no_test_failure,Traceback (most recent call last),419
131,task_000796_17407051,4,134,1.0,traceback_in_exit0,traceback_only_no_test_failure,Traceback (most recent call last),384
131,task_000796_17407051,4,136,0.0,tests_failed_in_exit0,unexplained_exit0_with_test_failure_with_traceback,Test 1 failed,864
131,task_000796_17407051,4,137,1.0,traceback_in_exit0,traceback_only_no_test_failure,Traceback (most recent call last),916
131,task_000796_17407051,4,139,1.0,traceback_in_exit0,traceback_only_no_test_failure,Traceback (most recent call last),357
131,task_000796_17407051,4,141,1.0,traceback_in_exit0,traceback_only_no_test_failure,Traceback (most recent call last),1010
131,task_000796_17407051,4,144,1.0,traceback_in_exit0,traceback_only_no_test_failure,Traceback (most recent call last),902
131,task_000796_17407051,4,151,1.0,traceback_in_exit0,traceback_only_no_test_failure,Traceback (most recent call last),710
131,task_000796_17407051,4,153,1.0,traceback_in_exit0,traceback_only_no_test_failure,Traceback (most recent call last),878
131,task_000796_17407051,4,155,1.0,traceback_in_exit0,traceback_only_no_test_failure,Traceback (most recent call last),373
131,task_000796_17407051,4,156,1.0,traceback_in_exit0,traceback_only_no_test_failure,Traceback (most recent call last),626
131,task_001433_7846c37a,5,160,1.0,traceback_in_exit0,traceback_only_no_test_failure,Traceback (most recent call last),1977
131,task_001433_7846c37a,5,161,1.0,traceback_in_exit0,traceback_only_no_test_failure,Traceback (most recent call last),1989
131,task_001433_7846c37a,5,162,1.0,traceback_in_exit0,traceback_only_no_test_failure,Traceback (most recent call last),1990
131,task_001433_7846c37a,5,163,0.0,traceback_in_exit0,traceback_only_no_test_failure,Traceback (most recent call last),1995
131,task_001433_7846c37a,5,164,1.0,traceback_in_exit0,traceback_only_no_test_failure,Traceback (most recent call last),1456
131,task_001433_7846c37a,5,165,1.0,traceback_in_exit0,traceback_only_no_test_failure,Traceback (most recent call last),1979
131,task_001433_7846c37a,5,167,1.0,traceback_in_exit0,traceback_only_no_test_failure,Traceback (most recent call last),1959
131,task_001433_7846c37a,5,168,1.0,traceback_in_exit0,traceback_only_no_test_failure,Traceback (most recent call last),1428
131,task_001433_7846c37a,5,169,1.0,traceback_in_exit0,traceback_only_no_test_failure,Traceback (most recent call last),556
131,task_001433_7846c37a,5,170,1.0,traceback_in_exit0,traceback_only_no_test_failure,Traceback (most recent call last),1977
131,task_001433_7846c37a,5,171,1.0,traceback_in_exit0,traceback_only_no_test_failure,Traceback (most recent call last),1976
131,task_001433_7846c37a,5,172,1.0,traceback_in_exit0,traceback_only_no_test_failure,Traceback (most recent call last),1959
131,task_001433_7846c37a,5,173,1.0,traceback_in_exit0,traceback_only_no_test_failure,Traceback (most recent call last),1962
131,task_001433_7846c37a,5,174,1.0,traceback_in_exit0,traceback_only_no_test_failure,Traceback (most recent call last),1959
131,task_001433_7846c37a,5,175,1.0,traceback_in_exit0,traceback_only_no_test_failure,Traceback (most recent call last),2058
131,task_001433_7846c37a,5,176,1.0,traceback_in_exit0,traceback_only_no_test_failure,Traceback (most recent call last),893
131,task_001433_7846c37a,5,177,1.0,traceback_in_exit0,traceback_only_no_test_failure,Traceback (most recent call last),1990
131,task_001433_7846c37a,5,178,1.0,traceback_in_exit0,traceback_only_no_test_failure,Traceback (most recent call last),2078
131,task_001433_7846c37a,5,179,1.0,traceback_in_exit0,traceback_only_no_test_failure,Traceback (most recent call last),1976
131,task_001433_7846c37a,5,180,0.0,traceback_in_exit0,traceback_only_no_test_failure,Traceback (most recent call last),1990
131,task_001433_7846c37a,5,181,1.0,traceback_in_exit0,traceback_only_no_test_failure,Traceback (most recent call last),2024
131,task_001433_7846c37a,5,182,1.0,traceback_in_exit0,traceback_only_no_test_failure,Traceback (most recent call last),1959
131,task_001433_7846c37a,5,183,1.0,traceback_in_exit0,traceback_only_no_test_failure,Traceback (most recent call last),1994
131,task_001433_7846c37a,5,184,1.0,traceback_in_exit0,traceback_only_no_test_failure,Traceback (most recent call last),1976
131,task_001433_7846c37a,5,185,1.0,traceback_in_exit0,traceback_only_no_test_failure,Traceback (most recent call last),1990
131,task_001433_7846c37a,5,186,1.0,traceback_in_exit0,traceback_only_no_test_failure,Traceback (most recent call last),2788
131,task_001433_7846c37a,5,187,1.0,traceback_in_exit0,traceback_only_no_test_failure,Traceback (most recent call last),1989
131,task_001433_7846c37a,5,188,1.0,traceback_in_exit0,traceback_only_no_test_failure,Traceback (most recent call last),2031
131,task_001433_7846c37a,5,189,0.0,traceback_in_exit0,traceback_only_no_test_failure,Traceback (most recent call last),1990
131,task_001433_7846c37a,5,190,1.0,traceback_in_exit0,traceback_only_no_test_failure,Traceback (most recent call last),2749
131,task_001433_7846c37a,5,191,0.0,traceback_in_exit0,traceback_only_no_test_failure,Traceback (most recent call last),1976
132,task_004154_cf1af169,0,3,0.0,traceback_in_exit0,traceback_only_no_test_failure,Traceback (most recent call last),383
132,task_004154_cf1af169,0,24,0.0,traceback_in_exit0,traceback_only_no_test_failure,Traceback (most recent call last),736
132,task_000236_54686d44,2,65,0.0,traceback_in_exit0,traceback_only_no_test_failure,Traceback (most recent call last),249
132,task_000236_54686d44,2,66,0.0,traceback_in_exit0,traceback_only_no_test_failure,Traceback (most recent call last),424
132,task_000236_54686d44,2,74,0.0,traceback_in_exit0,traceback_only_no_test_failure,Traceback (most recent call last),718
132,task_000236_54686d44,2,76,0.0,traceback_in_exit0,traceback_only_no_test_failure,Traceback (most recent call last),1369
132,task_000236_54686d44,2,78,0.0,traceback_in_exit0,traceback_only_no_test_failure,Traceback (most recent call last),1159
132,task_000236_54686d44,2,80,0.0,traceback_in_exit0,traceback_only_no_test_failure,Traceback (most recent call last),1050
132,task_000236_54686d44,2,84,0.0,traceback_in_exit0,traceback_only_no_test_failure,Traceback (most recent call last),130
132,task_000236_54686d44,2,86,0.0,traceback_in_exit0,traceback_only_no_test_failure,Traceback (most recent call last),424
132,task_000236_54686d44,2,87,0.0,traceback_in_exit0,traceback_only_no_test_failure,Traceback (most recent call last),825
132,task_000236_54686d44,2,91,0.0,traceback_in_exit0,traceback_only_no_test_failure,Traceback (most recent call last),507
132,task_000236_54686d44,2,92,0.0,traceback_in_exit0,traceback_only_no_test_failure,Traceback (most recent call last),414
132,task_000236_54686d44,2,93,0.0,traceback_in_exit0,traceback_only_no_test_failure,Traceback (most recent call last),1594
132,task_000236_54686d44,2,94,0.0,traceback_in_exit0,traceback_only_no_test_failure,Traceback (most recent call last),119
132,task_003556_242d66e6,3,96,0.0,traceback_in_exit0,traceback_only_no_test_failure,Traceback (most recent call last),441
132,task_003556_242d66e6,3,98,0.0,traceback_in_exit0,traceback_only_no_test_failure,Traceback (most recent call last),636
132,task_003556_242d66e6,3,99,1.0,traceback_in_exit0,traceback_only_no_test_failure,Traceback (most recent call last),510
132,task_003556_242d66e6,3,100,0.0,traceback_in_exit0,traceback_only_no_test_failure,Traceback (most recent call last),388
132,task_003556_242d66e6,3,101,1.0,traceback_in_exit0,traceback_only_no_test_failure,Traceback (most recent call last),388
132,task_003556_242d66e6,3,102,1.0,traceback_in_exit0,traceback_only_no_test_failure,Traceback (most recent call last),441
132,task_003556_242d66e6,3,104,0.0,traceback_in_exit0,traceback_only_no_test_failure,Traceback (most recent call last),388
132,task_003556_242d66e6,3,105,1.0,traceback_in_exit0,traceback_only_no_test_failure,Traceback (most recent call last),313
132,task_003556_242d66e6,3,106,1.0,traceback_in_exit0,traceback_only_no_test_failure,Traceback (most recent call last),411
132,task_003556_242d66e6,3,107,1.0,traceback_in_exit0,traceback_only_no_test_failure,Traceback (most recent call last),388
132,task_003556_242d66e6,3,108,1.0,traceback_in_exit0,traceback_only_no_test_failure,Traceback (most recent call last),237
132,task_003556_242d66e6,3,109,1.0,traceback_in_exit0,traceback_only_no_test_failure,Traceback (most recent call last),402
132,task_003556_242d66e6,3,110,0.0,traceback_in_exit0,traceback_only_no_test_failure,Traceback (most recent call last),388
132,task_003556_242d66e6,3,111,1.0,traceback_in_exit0,traceback_only_no_test_failure,Traceback (most recent call last),388
132,task_003556_242d66e6,3,113,0.0,traceback_in_exit0,traceback_only_no_test_failure,Traceback (most recent call last),388
132,task_003556_242d66e6,3,114,1.0,traceback_in_exit0,traceback_only_no_test_failure,Traceback (most recent call last),410
132,task_003556_242d66e6,3,115,1.0,traceback_in_exit0,traceback_only_no_test_failure,Traceback (most recent call last),441
132,task_003556_242d66e6,3,116,1.0,traceback_in_exit0,traceback_only_no_test_failure,Traceback (most recent call last),464
132,task_003556_242d66e6,3,117,1.0,traceback_in_exit0,traceback_only_no_test_failure,Traceback (most recent call last),388
132,task_003556_242d66e6,3,118,1.0,traceback_in_exit0,traceback_only_no_test_failure,Traceback (most recent call last),441
132,task_003556_242d66e6,3,120,1.0,traceback_in_exit0,traceback_only_no_test_failure,Traceback (most recent call last),388
132,task_003556_242d66e6,3,121,1.0,traceback_in_exit0,traceback_only_no_test_failure,Traceback (most recent call last),464
132,task_003556_242d66e6,3,122,0.0,traceback_in_exit0,traceback_only_no_test_failure,Traceback (most recent call last),388
132,task_003556_242d66e6,3,123,0.0,traceback_in_exit0,traceback_only_no_test_failure,Traceback (most recent call last),441
132,task_003556_242d66e6,3,124,1.0,traceback_in_exit0,traceback_only_no_test_failure,Traceback (most recent call last),388
132,task_003556_242d66e6,3,125,1.0,traceback_in_exit0,traceback_only_no_test_failure,Traceback (most recent call last),130
132,task_003556_242d66e6,3,127,1.0,traceback_in_exit0,traceback_only_no_test_failure,Traceback (most recent call last),410
132,task_002436_00fb49b2,5,184,0.0,traceback_in_exit0,traceback_only_no_test_failure,Traceback (most recent call last),1377
132,task_007961_b60b81f7,7,234,0.0,traceback_in_exit0,traceback_only_no_test_failure,Traceback (most recent call last),121
133,task_001991_699e21a5,0,0,0.0,traceback_in_exit0,traceback_only_no_test_failure,Traceback (most recent call last),144
133,task_001991_699e21a5,0,28,0.0,traceback_in_exit0,traceback_only_no_test_failure,Traceback (most recent call last),290
134,task_003404_8090a938,1,63,1.0,traceback_in_exit0,traceback_only_no_test_failure,Traceback (most recent call last),124
134,task_001495_a4d054f5,5,172,1.0,traceback_in_exit0,traceback_only_no_test_failure,Traceback (most recent call last),705
135,task_005931_a8f1f4a4,2,93,1.0,traceback_in_exit0,traceback_only_no_test_failure,Traceback (most recent call last),219
135,task_003328_7dbc3792,4,136,1.0,traceback_in_exit0,traceback_only_no_test_failure,Traceback (most recent call last),2102
135,task_001536_871f30cc,7,239,0.0,traceback_in_exit0,traceback_only_no_test_failure,Traceback (most recent call last),10541
135,task_001536_871f30cc,7,244,0.0,traceback_in_exit0,traceback_only_no_test_failure,Traceback (most recent call last),153
136,task_004242_d7404245,3,99,1.0,traceback_in_exit0,traceback_only_no_test_failure,Traceback (most recent call last),1167
136,task_004242_d7404245,3,100,1.0,traceback_in_exit0,traceback_only_no_test_failure,Traceback (most recent call last),173
136,task_004242_d7404245,3,104,1.0,traceback_in_exit0,traceback_only_no_test_failure,Traceback (most recent call last),4120
136,task_004242_d7404245,3,106,1.0,traceback_in_exit0,traceback_only_no_test_failure,Traceback (most recent call last),134
136,task_004242_d7404245,3,107,1.0,traceback_in_exit0,traceback_only_no_test_failure,Traceback (most recent call last),516
136,task_004242_d7404245,3,109,0.0,traceback_in_exit0,traceback_only_no_test_failure,Traceback (most recent call last),362
136,task_004242_d7404245,3,112,1.0,traceback_in_exit0,traceback_only_no_test_failure,Traceback (most recent call last),800
136,task_004242_d7404245,3,113,1.0,traceback_in_exit0,traceback_only_no_test_failure,Traceback (most recent call last),583
136,task_004242_d7404245,3,115,1.0,traceback_in_exit0,traceback_only_no_test_failure,Traceback (most recent call last),436
136,task_004242_d7404245,3,120,1.0,traceback_in_exit0,traceback_only_no_test_failure,Traceback (most recent call last),1532
136,task_004242_d7404245,3,122,1.0,traceback_in_exit0,traceback_only_no_test_failure,Traceback (most recent call last),4602
136,task_004242_d7404245,3,123,1.0,traceback_in_exit0,traceback_only_no_test_failure,Traceback (most recent call last),445
136,task_004242_d7404245,3,124,1.0,traceback_in_exit0,traceback_only_no_test_failure,Traceback (most recent call last),459
136,task_004242_d7404245,3,125,1.0,traceback_in_exit0,traceback_only_no_test_failure,Traceback (most recent call last),924
136,task_004242_d7404245,3,126,1.0,traceback_in_exit0,traceback_only_no_test_failure,Traceback (most recent call last),504
136,task_004242_d7404245,3,127,1.0,traceback_in_exit0,traceback_only_no_test_failure,Traceback (most recent call last),361
136,task_005220_a0575e03,5,161,1.0,traceback_in_exit0,traceback_only_no_test_failure,Traceback (most recent call last),439
136,task_005220_a0575e03,5,162,1.0,traceback_in_exit0,traceback_only_no_test_failure,Traceback (most recent call last),524
136,task_005220_a0575e03,5,163,1.0,traceback_in_exit0,traceback_only_no_test_failure,Traceback (most recent call last),754
136,task_005220_a0575e03,5,164,1.0,traceback_in_exit0,traceback_only_no_test_failure,Traceback (most recent call last),473
136,task_005220_a0575e03,5,165,1.0,traceback_in_exit0,traceback_only_no_test_failure,Traceback (most recent call last),527
136,task_005220_a0575e03,5,166,1.0,traceback_in_exit0,traceback_only_no_test_failure,Traceback (most recent call last),717
136,task_005220_a0575e03,5,168,1.0,traceback_in_exit0,traceback_only_no_test_failure,Traceback (most recent call last),717
136,task_005220_a0575e03,5,169,1.0,traceback_in_exit0,traceback_only_no_test_failure,Traceback (most recent call last),509
136,task_005220_a0575e03,5,170,1.0,traceback_in_exit0,traceback_only_no_test_failure,Traceback (most recent call last),509
136,task_005220_a0575e03,5,172,1.0,traceback_in_exit0,traceback_only_no_test_failure,Traceback (most recent call last),717
136,task_005220_a0575e03,5,174,1.0,traceback_in_exit0,traceback_only_no_test_failure,Traceback (most recent call last),607
136,task_005220_a0575e03,5,175,0.0,traceback_in_exit0,traceback_only_no_test_failure,Traceback (most recent call last),570
136,task_005220_a0575e03,5,176,1.0,traceback_in_exit0,traceback_only_no_test_failure,Traceback (most recent call last),570
136,task_005220_a0575e03,5,177,1.0,traceback_in_exit0,traceback_only_no_test_failure,Traceback (most recent call last),525
136,task_005220_a0575e03,5,178,1.0,traceback_in_exit0,traceback_only_no_test_failure,Traceback (most recent call last),564
136,task_005220_a0575e03,5,179,1.0,traceback_in_exit0,traceback_only_no_test_failure,Traceback (most recent call last),717
136,task_005220_a0575e03,5,180,0.0,traceback_in_exit0,traceback_only_no_test_failure,Traceback (most recent call last),509
136,task_005220_a0575e03,5,181,1.0,traceback_in_exit0,traceback_only_no_test_failure,Traceback (most recent call last),717
136,task_005220_a0575e03,5,182,1.0,traceback_in_exit0,traceback_only_no_test_failure,Traceback (most recent call last),1226
136,task_005220_a0575e03,5,183,1.0,traceback_in_exit0,traceback_only_no_test_failure,Traceback (most recent call last),525
136,task_005220_a0575e03,5,184,1.0,traceback_in_exit0,traceback_only_no_test_failure,Traceback (most recent call last),1415
136,task_005220_a0575e03,5,185,1.0,traceback_in_exit0,traceback_only_no_test_failure,Traceback (most recent call last),725
136,task_005220_a0575e03,5,186,1.0,traceback_in_exit0,traceback_only_no_test_failure,Traceback (most recent call last),1548
136,task_005220_a0575e03,5,188,1.0,traceback_in_exit0,traceback_only_no_test_failure,Traceback (most recent call last),509
136,task_005220_a0575e03,5,189,0.0,traceback_in_exit0,traceback_only_no_test_failure,Traceback (most recent call last),717
136,task_007163_fa5e7ecb,7,237,0.0,traceback_in_exit0,traceback_only_no_test_failure,Traceback (most recent call last),288
136,task_007163_fa5e7ecb,7,239,0.0,traceback_in_exit0,traceback_only_no_test_failure,Traceback (most recent call last),442
136,task_007163_fa5e7ecb,7,247,0.0,traceback_in_exit0,traceback_only_no_test_failure,Traceback (most recent call last),447
136,task_007163_fa5e7ecb,7,255,0.0,traceback_in_exit0,traceback_only_no_test_failure,Traceback (most recent call last),519
137,task_008705_7d0fc93a,5,161,1.0,traceback_in_exit0,traceback_only_no_test_failure,Traceback (most recent call last),1116
137,task_008705_7d0fc93a,5,168,1.0,traceback_in_exit0,traceback_only_no_test_failure,Traceback (most recent call last),1045
137,task_008705_7d0fc93a,5,171,1.0,traceback_in_exit0,traceback_only_no_test_failure,Traceback (most recent call last),846
137,task_008705_7d0fc93a,5,174,0.0,traceback_in_exit0,traceback_only_no_test_failure,Traceback (most recent call last),1105
137,task_008705_7d0fc93a,5,175,1.0,traceback_in_exit0,traceback_only_no_test_failure,Traceback (most recent call last),933
137,task_008705_7d0fc93a,5,176,1.0,traceback_in_exit0,traceback_only_no_test_failure,Traceback (most recent call last),863
137,task_008705_7d0fc93a,5,181,1.0,traceback_in_exit0,traceback_only_no_test_failure,Traceback (most recent call last),846
137,task_008705_7d0fc93a,5,186,1.0,traceback_in_exit0,traceback_only_no_test_failure,Traceback (most recent call last),1924
137,task_008705_7d0fc93a,5,188,1.0,traceback_in_exit0,traceback_only_no_test_failure,Traceback (most recent call last),862
137,task_008705_7d0fc93a,5,190,1.0,traceback_in_exit0,traceback_only_no_test_failure,Traceback (most recent call last),1823
137,task_001816_0c62b851,6,216,1.0,traceback_in_exit0,traceback_only_no_test_failure,Traceback (most recent call last),1838
137,task_001838_5ad95d97,7,231,1.0,traceback_in_exit0,traceback_only_no_test_failure,Traceback (most recent call last),143
137,task_001838_5ad95d97,7,233,0.0,traceback_in_exit0,traceback_only_no_test_failure,Traceback (most recent call last),491
137,task_001838_5ad95d97,7,235,1.0,traceback_in_exit0,traceback_only_no_test_failure,Traceback (most recent call last),268
137,task_001838_5ad95d97,7,238,0.0,traceback_in_exit0,traceback_only_no_test_failure,Traceback (most recent call last),130
137,task_001838_5ad95d97,7,240,0.0,traceback_in_exit0,traceback_only_no_test_failure,Traceback (most recent call last),319
137,task_001838_5ad95d97,7,242,1.0,traceback_in_exit0,traceback_only_no_test_failure,Traceback (most recent call last),263
137,task_001838_5ad95d97,7,243,1.0,traceback_in_exit0,traceback_only_no_test_failure,Traceback (most recent call last),368
137,task_001838_5ad95d97,7,244,1.0,traceback_in_exit0,traceback_only_no_test_failure,Traceback (most recent call last),341
137,task_001838_5ad95d97,7,245,0.0,traceback_in_exit0,traceback_only_no_test_failure,Traceback (most recent call last),730
137,task_001838_5ad95d97,7,246,1.0,traceback_in_exit0,traceback_only_no_test_failure,Traceback (most recent call last),431
137,task_001838_5ad95d97,7,254,0.0,traceback_in_exit0,traceback_only_no_test_failure,Traceback (most recent call last),321
138,task_003473_1d7533b4,2,94,1.0,traceback_in_exit0,traceback_only_no_test_failure,Traceback (most recent call last),160
138,task_004468_e1d9bb70,5,162,0.0,traceback_in_exit0,traceback_only_no_test_failure,Traceback (most recent call last),137
138,task_004468_e1d9bb70,5,168,1.0,traceback_in_exit0,traceback_only_no_test_failure,Traceback (most recent call last),130
138,task_004468_e1d9bb70,5,169,1.0,traceback_in_exit0,traceback_only_no_test_failure,Traceback (most recent call last),152
138,task_004468_e1d9bb70,5,171,1.0,traceback_in_exit0,traceback_only_no_test_failure,Traceback (most recent call last),119
138,task_004468_e1d9bb70,5,175,1.0,traceback_in_exit0,traceback_only_no_test_failure,Traceback (most recent call last),119
138,task_004468_e1d9bb70,5,176,0.0,traceback_in_exit0,traceback_only_no_test_failure,Traceback (most recent call last),188
138,task_004468_e1d9bb70,5,183,0.0,traceback_in_exit0,traceback_only_no_test_failure,Traceback (most recent call last),202
138,task_004468_e1d9bb70,5,189,1.0,traceback_in_exit0,traceback_only_no_test_failure,Traceback (most recent call last),324
138,task_007177_c340ff5c,7,225,1.0,traceback_in_exit0,traceback_only_no_test_failure,Traceback (most recent call last),231
138,task_007177_c340ff5c,7,228,1.0,traceback_in_exit0,traceback_only_no_test_failure,Traceback (most recent call last),405
138,task_007177_c340ff5c,7,252,1.0,traceback_in_exit0,traceback_only_no_test_failure,Traceback (most recent call last),196
139,task_004960_3b932390,0,12,0.0,traceback_in_exit0,traceback_only_no_test_failure,Traceback (most recent call last),134
139,task_004960_3b932390,0,26,0.0,traceback_in_exit0,traceback_only_no_test_failure,Traceback (most recent call last),676
139,task_004960_3b932390,0,31,0.0,traceback_in_exit0,traceback_only_no_test_failure,Traceback (most recent call last),666
139,task_005547_91436aa6,1,53,1.0,traceback_in_exit0,traceback_only_no_test_failure,Traceback (most recent call last),444
139,task_000837_92c6e136,2,85,1.0,traceback_in_exit0,traceback_only_no_test_failure,Traceback (most recent call last),167
139,task_000961_15c6ae32,5,172,1.0,traceback_in_exit0,traceback_only_no_test_failure,Traceback (most recent call last),4320
139,task_000961_15c6ae32,5,178,0.0,traceback_in_exit0,traceback_only_no_test_failure,Traceback (most recent call last),352
139,task_003641_59074c60,7,224,0.0,traceback_in_exit0,traceback_only_no_test_failure,Traceback (most recent call last),212
139,task_003641_59074c60,7,225,1.0,traceback_in_exit0,traceback_only_no_test_failure,Traceback (most recent call last),442
139,task_003641_59074c60,7,229,1.0,traceback_in_exit0,traceback_only_no_test_failure,Traceback (most recent call last),324
139,task_003641_59074c60,7,231,0.0,traceback_in_exit0,traceback_only_no_test_failure,Traceback (most recent call last),161
139,task_003641_59074c60,7,236,0.0,traceback_in_exit0,traceback_only_no_test_failure,Traceback (most recent call last),558
139,task_003641_59074c60,7,237,1.0,traceback_in_exit0,traceback_only_no_test_failure,Traceback (most recent call last),199
139,task_003641_59074c60,7,241,1.0,traceback_in_exit0,traceback_only_no_test_failure,Traceback (most recent call last),373
139,task_003641_59074c60,7,243,1.0,traceback_in_exit0,traceback_only_no_test_failure,Traceback (most recent call last),285
139,task_003641_59074c60,7,244,1.0,traceback_in_exit0,traceback_only_no_test_failure,Traceback (most recent call last),310
139,task_003641_59074c60,7,245,1.0,traceback_in_exit0,traceback_only_no_test_failure,Traceback (most recent call last),173
139,task_003641_59074c60,7,246,1.0,traceback_in_exit0,traceback_only_no_test_failure,Traceback (most recent call last),568
139,task_003641_59074c60,7,248,1.0,traceback_in_exit0,traceback_only_no_test_failure,Traceback (most recent call last),551
139,task_003641_59074c60,7,249,0.0,traceback_in_exit0,traceback_only_no_test_failure,Traceback (most recent call last),410
139,task_003641_59074c60,7,250,1.0,traceback_in_exit0,traceback_only_no_test_failure,Traceback (most recent call last),194
139,task_003641_59074c60,7,251,1.0,traceback_in_exit0,traceback_only_no_test_failure,Traceback (most recent call last),119
140,task_001762_ce6371c6,1,32,0.0,traceback_in_exit0,traceback_only_no_test_failure,Traceback (most recent call last),443
140,task_001762_ce6371c6,1,40,1.0,traceback_in_exit0,traceback_only_no_test_failure,Traceback (most recent call last),1586
140,task_001762_ce6371c6,1,53,0.0,traceback_in_exit0,traceback_only_no_test_failure,Traceback (most recent call last),1590
140,task_001762_ce6371c6,1,59,0.0,traceback_in_exit0,traceback_only_no_test_failure,Traceback (most recent call last),537
140,task_001762_ce6371c6,1,62,0.0,traceback_in_exit0,traceback_only_no_test_failure,Traceback (most recent call last),1704
140,task_002706_437f20bb,3,96,1.0,traceback_in_exit0,traceback_only_no_test_failure,Traceback (most recent call last),148
140,task_002706_437f20bb,3,98,1.0,traceback_in_exit0,traceback_only_no_test_failure,Traceback (most recent call last),319
140,task_002706_437f20bb,3,101,1.0,traceback_in_exit0,traceback_only_no_test_failure,Traceback (most recent call last),8678
140,task_002706_437f20bb,3,102,1.0,traceback_in_exit0,traceback_only_no_test_failure,Traceback (most recent call last),742
140,task_002706_437f20bb,3,103,1.0,traceback_in_exit0,traceback_only_no_test_failure,Traceback (most recent call last),664
140,task_002706_437f20bb,3,104,0.0,traceback_in_exit0,traceback_only_no_test_failure,Traceback (most recent call last),623
140,task_002706_437f20bb,3,105,1.0,traceback_in_exit0,traceback_only_no_test_failure,Traceback (most recent call last),774
140,task_002706_437f20bb,3,107,1.0,traceback_in_exit0,traceback_only_no_test_failure,Traceback (most recent call last),308
140,task_002706_437f20bb,3,108,1.0,traceback_in_exit0,traceback_only_no_test_failure,Traceback (most recent call last),1310
140,task_002706_437f20bb,3,109,1.0,traceback_in_exit0,traceback_only_no_test_failure,Traceback (most recent call last),275
140,task_002706_437f20bb,3,113,1.0,traceback_in_exit0,traceback_only_no_test_failure,Traceback (most recent call last),409
140,task_002706_437f20bb,3,115,1.0,traceback_in_exit0,traceback_only_no_test_failure,Traceback (most recent call last),730
140,task_002706_437f20bb,3,116,1.0,traceback_in_exit0,traceback_only_no_test_failure,Traceback (most recent call last),321
140,task_002706_437f20bb,3,119,1.0,traceback_in_exit0,traceback_only_no_test_failure,Traceback (most recent call last),441
140,task_002706_437f20bb,3,120,1.0,traceback_in_exit0,traceback_only_no_test_failure,Traceback (most recent call last),696
140,task_002706_437f20bb,3,122,1.0,traceback_in_exit0,traceback_only_no_test_failure,Traceback (most recent call last),296
140,task_002706_437f20bb,3,123,1.0,traceback_in_exit0,traceback_only_no_test_failure,Traceback (most recent call last),156
140,task_002706_437f20bb,3,125,1.0,traceback_in_exit0,traceback_only_no_test_failure,Traceback (most recent call last),468
140,task_002795_018f799e,5,160,1.0,traceback_in_exit0,traceback_only_no_test_failure,Traceback (most recent call last),2060
140,task_002795_018f799e,5,161,1.0,traceback_in_exit0,traceback_only_no_test_failure,Traceback (most recent call last),1451
140,task_002795_018f799e,5,162,0.0,traceback_in_exit0,traceback_only_no_test_failure,Traceback (most recent call last),699
140,task_002795_018f799e,5,163,1.0,traceback_in_exit0,traceback_only_no_test_failure,Traceback (most recent call last),699
140,task_002795_018f799e,5,164,1.0,traceback_in_exit0,traceback_only_no_test_failure,Traceback (most recent call last),699
140,task_002795_018f799e,5,165,1.0,traceback_in_exit0,traceback_only_no_test_failure,Traceback (most recent call last),699
140,task_002795_018f799e,5,166,0.0,traceback_in_exit0,traceback_only_no_test_failure,Traceback (most recent call last),699
140,task_002795_018f799e,5,167,1.0,traceback_in_exit0,traceback_only_no_test_failure,Traceback (most recent call last),699
140,task_002795_018f799e,5,168,0.0,traceback_in_exit0,traceback_only_no_test_failure,Traceback (most recent call last),699
140,task_002795_018f799e,5,169,1.0,traceback_in_exit0,traceback_only_no_test_failure,Traceback (most recent call last),699
140,task_002795_018f799e,5,170,0.0,traceback_in_exit0,traceback_only_no_test_failure,Traceback (most recent call last),699
140,task_002795_018f799e,5,171,1.0,traceback_in_exit0,traceback_only_no_test_failure,Traceback (most recent call last),699
140,task_002795_018f799e,5,172,1.0,traceback_in_exit0,traceback_only_no_test_failure,Traceback (most recent call last),699
140,task_002795_018f799e,5,173,0.0,traceback_in_exit0,traceback_only_no_test_failure,Traceback (most recent call last),699
140,task_002795_018f799e,5,174,1.0,traceback_in_exit0,traceback_only_no_test_failure,Traceback (most recent call last),699
140,task_002795_018f799e,5,175,1.0,traceback_in_exit0,traceback_only_no_test_failure,Traceback (most recent call last),699
140,task_002795_018f799e,5,176,1.0,traceback_in_exit0,traceback_only_no_test_failure,Traceback (most recent call last),699
140,task_002795_018f799e,5,177,1.0,traceback_in_exit0,traceback_only_no_test_failure,Traceback (most recent call last),699
140,task_002795_018f799e,5,178,1.0,traceback_in_exit0,traceback_only_no_test_failure,Traceback (most recent call last),699
140,task_002795_018f799e,5,179,0.0,traceback_in_exit0,traceback_only_no_test_failure,Traceback (most recent call last),699
140,task_002795_018f799e,5,180,1.0,traceback_in_exit0,traceback_only_no_test_failure,Traceback (most recent call last),699
140,task_002795_018f799e,5,181,1.0,traceback_in_exit0,traceback_only_no_test_failure,Traceback (most recent call last),699
140,task_002795_018f799e,5,182,1.0,traceback_in_exit0,traceback_only_no_test_failure,Traceback (most recent call last),699
140,task_002795_018f799e,5,183,1.0,traceback_in_exit0,traceback_only_no_test_failure,Traceback (most recent call last),699
140,task_002795_018f799e,5,184,0.0,traceback_in_exit0,traceback_only_no_test_failure,Traceback (most recent call last),699
140,task_002795_018f799e,5,185,1.0,traceback_in_exit0,traceback_only_no_test_failure,Traceback (most recent call last),699
140,task_002795_018f799e,5,186,1.0,traceback_in_exit0,traceback_only_no_test_failure,Traceback (most recent call last),699
140,task_002795_018f799e,5,187,1.0,traceback_in_exit0,traceback_only_no_test_failure,Traceback (most recent call last),699
140,task_002795_018f799e,5,188,1.0,traceback_in_exit0,traceback_only_no_test_failure,Traceback (most recent call last),699
140,task_002795_018f799e,5,189,1.0,traceback_in_exit0,traceback_only_no_test_failure,Traceback (most recent call last),699
140,task_002795_018f799e,5,190,1.0,traceback_in_exit0,traceback_only_no_test_failure,Traceback (most recent call last),699
140,task_002795_018f799e,5,191,1.0,traceback_in_exit0,traceback_only_no_test_failure,Traceback (most recent call last),699
141,task_004506_11e96840,1,32,0.0,traceback_in_exit0,traceback_only_no_test_failure,Traceback (most recent call last),643
141,task_004506_11e96840,1,34,0.0,traceback_in_exit0,traceback_only_no_test_failure,Traceback (most recent call last),643
141,task_004506_11e96840,1,36,0.0,traceback_in_exit0,traceback_only_no_test_failure,Traceback (most recent call last),1228
141,task_004506_11e96840,1,38,0.0,traceback_in_exit0,traceback_only_no_test_failure,Traceback (most recent call last),1116
141,task_004506_11e96840,1,44,1.0,traceback_in_exit0,traceback_only_no_test_failure,Traceback (most recent call last),689
141,task_004506_11e96840,1,47,0.0,traceback_in_exit0,traceback_only_no_test_failure,Traceback (most recent call last),824
141,task_004506_11e96840,1,48,0.0,traceback_in_exit0,traceback_only_no_test_failure,Traceback (most recent call last),1285
141,task_004506_11e96840,1,49,0.0,traceback_in_exit0,traceback_only_no_test_failure,Traceback (most recent call last),761
141,task_004506_11e96840,1,50,0.0,traceback_in_exit0,traceback_only_no_test_failure,Traceback (most recent call last),643
141,task_004506_11e96840,1,53,0.0,traceback_in_exit0,traceback_only_no_test_failure,Traceback (most recent call last),1314
141,task_004506_11e96840,1,54,0.0,traceback_in_exit0,traceback_only_no_test_failure,Traceback (most recent call last),711
141,task_004506_11e96840,1,55,0.0,traceback_in_exit0,traceback_only_no_test_failure,Traceback (most recent call last),1435
141,task_004506_11e96840,1,56,0.0,traceback_in_exit0,traceback_only_no_test_failure,Traceback (most recent call last),717
141,task_004506_11e96840,1,57,0.0,traceback_in_exit0,traceback_only_no_test_failure,Traceback (most recent call last),1242
141,task_004506_11e96840,1,58,0.0,traceback_in_exit0,traceback_only_no_test_failure,Traceback (most recent call last),709
141,task_004506_11e96840,1,59,0.0,traceback_in_exit0,traceback_only_no_test_failure,Traceback (most recent call last),667
141,task_004506_11e96840,1,60,0.0,traceback_in_exit0,traceback_only_no_test_failure,Traceback (most recent call last),711
141,task_004506_11e96840,1,61,0.0,traceback_in_exit0,traceback_only_no_test_failure,Traceback (most recent call last),692
141,task_004506_11e96840,1,62,0.0,traceback_in_exit0,traceback_only_no_test_failure,Traceback (most recent call last),643
141,task_004659_f7c6f412,2,64,0.0,traceback_in_exit0,traceback_only_no_test_failure,Traceback (most recent call last),854
141,task_004659_f7c6f412,2,66,1.0,traceback_in_exit0,traceback_only_no_test_failure,Traceback (most recent call last),559
141,task_004659_f7c6f412,2,67,1.0,traceback_in_exit0,traceback_only_no_test_failure,Traceback (most recent call last),574
141,task_004659_f7c6f412,2,72,1.0,traceback_in_exit0,traceback_only_no_test_failure,Traceback (most recent call last),551
141,task_004659_f7c6f412,2,74,0.0,traceback_in_exit0,traceback_only_no_test_failure,Traceback (most recent call last),1140
141,task_004659_f7c6f412,2,75,1.0,traceback_in_exit0,traceback_only_no_test_failure,Traceback (most recent call last),823
141,task_004659_f7c6f412,2,76,1.0,traceback_in_exit0,traceback_only_no_test_failure,Traceback (most recent call last),564
141,task_004659_f7c6f412,2,77,1.0,traceback_in_exit0,traceback_only_no_test_failure,Traceback (most recent call last),551
141,task_004659_f7c6f412,2,78,1.0,traceback_in_exit0,traceback_only_no_test_failure,Traceback (most recent call last),565
141,task_004659_f7c6f412,2,94,1.0,traceback_in_exit0,traceback_only_no_test_failure,Traceback (most recent call last),576
141,task_004972_34a3bf62,3,101,0.0,traceback_in_exit0,traceback_only_no_test_failure,Traceback (most recent call last),511
141,task_004972_34a3bf62,3,102,0.0,traceback_in_exit0,traceback_only_no_test_failure,Traceback (most recent call last),136
141,task_004972_34a3bf62,3,109,0.0,traceback_in_exit0,traceback_only_no_test_failure,Traceback (most recent call last),341
141,task_004972_34a3bf62,3,121,0.0,traceback_in_exit0,traceback_only_no_test_failure,Traceback (most recent call last),445
141,task_004972_34a3bf62,3,127,0.0,traceback_in_exit0,traceback_only_no_test_failure,Traceback (most recent call last),476
141,task_000511_1a3e65c4,7,225,1.0,traceback_in_exit0,traceback_only_no_test_failure,Traceback (most recent call last),1116
141,task_000511_1a3e65c4,7,226,0.0,traceback_in_exit0,traceback_only_no_test_failure,Traceback (most recent call last),774
141,task_000511_1a3e65c4,7,235,1.0,traceback_in_exit0,traceback_only_no_test_failure,Traceback (most recent call last),137
141,task_000511_1a3e65c4,7,239,1.0,tests_failed_in_exit0,unexplained_exit0_with_test_failure,5 failed,722
141,task_000511_1a3e65c4,7,240,1.0,traceback_in_exit0,traceback_only_no_test_failure,Traceback (most recent call last),201
141,task_000511_1a3e65c4,7,250,0.0,traceback_in_exit0,traceback_only_no_test_failure,Traceback (most recent call last),119
141,task_000511_1a3e65c4,7,255,1.0,traceback_in_exit0,traceback_only_no_test_failure,Traceback (most recent call last),645
142,task_004945_8c965730,0,0,0.0,traceback_in_exit0,traceback_only_no_test_failure,Traceback (most recent call last),429
142,task_004945_8c965730,0,1,0.0,traceback_in_exit0,traceback_only_no_test_failure,Traceback (most recent call last),1112
142,task_004945_8c965730,0,2,0.0,traceback_in_exit0,traceback_only_no_test_failure,Traceback (most recent call last),904
142,task_004945_8c965730,0,3,0.0,traceback_in_exit0,traceback_only_no_test_failure,Traceback (most recent call last),1112
142,task_004945_8c965730,0,4,0.0,traceback_in_exit0,traceback_only_no_test_failure,Traceback (most recent call last),1011
142,task_004945_8c965730,0,5,0.0,traceback_in_exit0,traceback_only_no_test_failure,Traceback (most recent call last),449
142,task_004945_8c965730,0,9,0.0,traceback_in_exit0,traceback_only_no_test_failure,Traceback (most recent call last),506
142,task_004945_8c965730,0,11,1.0,traceback_in_exit0,traceback_only_no_test_failure,Traceback (most recent call last),1427
142,task_004945_8c965730,0,12,0.0,traceback_in_exit0,traceback_only_no_test_failure,Traceback (most recent call last),994
142,task_004945_8c965730,0,13,0.0,traceback_in_exit0,traceback_only_no_test_failure,Traceback (most recent call last),343
142,task_004945_8c965730,0,14,0.0,traceback_in_exit0,traceback_only_no_test_failure,Traceback (most recent call last),905
142,task_004945_8c965730,0,15,0.0,traceback_in_exit0,traceback_only_no_test_failure,Traceback (most recent call last),920
142,task_004945_8c965730,0,16,0.0,traceback_in_exit0,traceback_only_no_test_failure,Traceback (most recent call last),994
142,task_004945_8c965730,0,17,0.0,traceback_in_exit0,traceback_only_no_test_failure,Traceback (most recent call last),1016
142,task_004945_8c965730,0,18,0.0,traceback_in_exit0,traceback_only_no_test_failure,Traceback (most recent call last),952
142,task_004945_8c965730,0,19,0.0,traceback_in_exit0,traceback_only_no_test_failure,Traceback (most recent call last),1009
142,task_004945_8c965730,0,20,1.0,traceback_in_exit0,traceback_only_no_test_failure,Traceback (most recent call last),323
142,task_004945_8c965730,0,21,0.0,traceback_in_exit0,traceback_only_no_test_failure,Traceback (most recent call last),372
142,task_004945_8c965730,0,23,0.0,traceback_in_exit0,traceback_only_no_test_failure,Traceback (most recent call last),324
142,task_004945_8c965730,0,24,0.0,traceback_in_exit0,traceback_only_no_test_failure,Traceback (most recent call last),994
142,task_004945_8c965730,0,25,0.0,traceback_in_exit0,traceback_only_no_test_failure,Traceback (most recent call last),324
142,task_004945_8c965730,0,26,0.0,traceback_in_exit0,traceback_only_no_test_failure,Traceback (most recent call last),1022
142,task_004945_8c965730,0,27,0.0,traceback_in_exit0,traceback_only_no_test_failure,Traceback (most recent call last),1168
142,task_004945_8c965730,0,28,0.0,traceback_in_exit0,traceback_only_no_test_failure,Traceback (most recent call last),1011
142,task_004945_8c965730,0,29,0.0,traceback_in_exit0,traceback_only_no_test_failure,Traceback (most recent call last),939
142,task_001691_bff7415a,1,37,1.0,traceback_in_exit0,traceback_only_no_test_failure,Traceback (most recent call last),334
142,task_001691_bff7415a,1,43,1.0,traceback_in_exit0,traceback_only_no_test_failure,Traceback (most recent call last),161
142,task_001649_d6edc206,2,65,0.0,traceback_in_exit0,traceback_only_no_test_failure,Traceback (most recent call last),133
142,task_001649_d6edc206,2,66,0.0,traceback_in_exit0,traceback_only_no_test_failure,Traceback (most recent call last),596
142,task_001649_d6edc206,2,67,0.0,traceback_in_exit0,traceback_only_no_test_failure,Traceback (most recent call last),173
142,task_001649_d6edc206,2,68,0.0,traceback_in_exit0,traceback_only_no_test_failure,Traceback (most recent call last),736
142,task_001649_d6edc206,2,69,0.0,traceback_in_exit0,traceback_only_no_test_failure,Traceback (most recent call last),540
142,task_001649_d6edc206,2,70,0.0,traceback_in_exit0,traceback_only_no_test_failure,Traceback (most recent call last),674
142,task_001649_d6edc206,2,71,0.0,traceback_in_exit0,traceback_only_no_test_failure,Traceback (most recent call last),249
142,task_001649_d6edc206,2,74,0.0,traceback_in_exit0,traceback_only_no_test_failure,Traceback (most recent call last),1004
142,task_001649_d6edc206,2,75,0.0,traceback_in_exit0,traceback_only_no_test_failure,Traceback (most recent call last),117
142,task_001649_d6edc206,2,76,0.0,traceback_in_exit0,traceback_only_no_test_failure,Traceback (most recent call last),537
142,task_001649_d6edc206,2,77,0.0,traceback_in_exit0,traceback_only_no_test_failure,Traceback (most recent call last),637
142,task_001649_d6edc206,2,79,0.0,traceback_in_exit0,traceback_only_no_test_failure,Traceback (most recent call last),506
142,task_001649_d6edc206,2,80,0.0,traceback_in_exit0,traceback_only_no_test_failure,Traceback (most recent call last),535
142,task_001649_d6edc206,2,81,0.0,traceback_in_exit0,traceback_only_no_test_failure,Traceback (most recent call last),510
142,task_001649_d6edc206,2,82,0.0,traceback_in_exit0,traceback_only_no_test_failure,Traceback (most recent call last),625
142,task_001649_d6edc206,2,83,0.0,traceback_in_exit0,traceback_only_no_test_failure,Traceback (most recent call last),162
142,task_001649_d6edc206,2,84,0.0,traceback_in_exit0,traceback_only_no_test_failure,Traceback (most recent call last),477
142,task_001649_d6edc206,2,85,0.0,traceback_in_exit0,traceback_only_no_test_failure,Traceback (most recent call last),641
142,task_001649_d6edc206,2,86,0.0,traceback_in_exit0,traceback_only_no_test_failure,Traceback (most recent call last),1956
142,task_001649_d6edc206,2,87,0.0,traceback_in_exit0,traceback_only_no_test_failure,Traceback (most recent call last),523
142,task_001649_d6edc206,2,89,0.0,traceback_in_exit0,traceback_only_no_test_failure,Traceback (most recent call last),510
142,task_001649_d6edc206,2,90,1.0,traceback_in_exit0,traceback_only_no_test_failure,Traceback (most recent call last),491
142,task_001649_d6edc206,2,92,1.0,traceback_in_exit0,traceback_only_no_test_failure,Traceback (most recent call last),534
142,task_001649_d6edc206,2,93,0.0,traceback_in_exit0,traceback_only_no_test_failure,Traceback (most recent call last),545
142,task_001649_d6edc206,2,94,0.0,traceback_in_exit0,traceback_only_no_test_failure,Traceback (most recent call last),1574
142,task_001649_d6edc206,2,95,0.0,traceback_in_exit0,traceback_only_no_test_failure,Traceback (most recent call last),552
142,task_004923_1e45935f,4,130,1.0,traceback_in_exit0,traceback_only_no_test_failure,Traceback (most recent call last),660
142,task_004923_1e45935f,4,136,1.0,traceback_in_exit0,traceback_only_no_test_failure,Traceback (most recent call last),508
142,task_004923_1e45935f,4,139,1.0,traceback_in_exit0,traceback_only_no_test_failure,Traceback (most recent call last),792
142,task_004923_1e45935f,4,146,1.0,traceback_in_exit0,traceback_only_no_test_failure,Traceback (most recent call last),255
142,task_004923_1e45935f,4,151,1.0,traceback_in_exit0,traceback_only_no_test_failure,Traceback (most recent call last),142
142,task_004923_1e45935f,4,155,1.0,traceback_in_exit0,traceback_only_no_test_failure,Traceback (most recent call last),912
142,task_000444_a1f0ce4d,5,164,0.0,traceback_in_exit0,traceback_only_no_test_failure,Traceback (most recent call last),1036
142,task_000444_a1f0ce4d,5,170,1.0,traceback_in_exit0,traceback_only_no_test_failure,Traceback (most recent call last),1032
142,task_000444_a1f0ce4d,5,171,1.0,traceback_in_exit0,traceback_only_no_test_failure,Traceback (most recent call last),754
142,task_000444_a1f0ce4d,5,184,1.0,traceback_in_exit0,traceback_only_no_test_failure,Traceback (most recent call last),367
142,task_000444_a1f0ce4d,5,190,0.0,traceback_in_exit0,traceback_only_no_test_failure,Traceback (most recent call last),676
142,task_000444_a1f0ce4d,5,191,1.0,traceback_in_exit0,traceback_only_no_test_failure,Traceback (most recent call last),143
143,task_005794_09f4b5e9,0,9,1.0,traceback_in_exit0,traceback_only_no_test_failure,Traceback (most recent call last),323
143,task_004054_26658123,2,64,0.0,traceback_in_exit0,traceback_only_no_test_failure,Traceback (most recent call last),1119
143,task_004054_26658123,2,68,1.0,traceback_in_exit0,traceback_only_no_test_failure,Traceback (most recent call last),1249
143,task_004054_26658123,2,71,0.0,traceback_in_exit0,traceback_only_no_test_failure,Traceback (most recent call last),387
143,task_004054_26658123,2,72,1.0,traceback_in_exit0,traceback_only_no_test_failure,Traceback (most recent call last),1556
143,task_004054_26658123,2,73,0.0,traceback_in_exit0,traceback_only_no_test_failure,Traceback (most recent call last),1120
143,task_004054_26658123,2,75,1.0,traceback_in_exit0,traceback_only_no_test_failure,Traceback (most recent call last),1121
143,task_004054_26658123,2,77,1.0,traceback_in_exit0,traceback_only_no_test_failure,Traceback (most recent call last),1278
143,task_004054_26658123,2,78,1.0,traceback_in_exit0,traceback_only_no_test_failure,Traceback (most recent call last),469
143,task_004054_26658123,2,82,0.0,traceback_in_exit0,traceback_only_no_test_failure,Traceback (most recent call last),189
143,task_004054_26658123,2,84,1.0,traceback_in_exit0,traceback_only_no_test_failure,Traceback (most recent call last),1120
143,task_004054_26658123,2,85,1.0,traceback_in_exit0,traceback_only_no_test_failure,Traceback (most recent call last),956
143,task_004054_26658123,2,89,0.0,traceback_in_exit0,traceback_only_no_test_failure,Traceback (most recent call last),407
143,task_004054_26658123,2,93,0.0,traceback_in_exit0,traceback_only_no_test_failure,Traceback (most recent call last),334
143,task_004054_26658123,2,95,0.0,traceback_in_exit0,traceback_only_no_test_failure,Traceback (most recent call last),1074
143,task_005707_a9922cc5,4,133,1.0,traceback_in_exit0,traceback_only_no_test_failure,Traceback (most recent call last),1661
143,task_005707_a9922cc5,4,139,1.0,traceback_in_exit0,traceback_only_no_test_failure,Traceback (most recent call last),1338
143,task_005707_a9922cc5,4,157,0.0,traceback_in_exit0,traceback_only_no_test_failure,Traceback (most recent call last),637
143,task_008174_11efec56,7,230,1.0,traceback_in_exit0,traceback_only_no_test_failure,Traceback (most recent call last),1147
144,task_001724_3b226fae,0,2,1.0,traceback_in_exit0,traceback_only_no_test_failure,Traceback (most recent call last),405
144,task_001724_3b226fae,0,6,1.0,traceback_in_exit0,traceback_only_no_test_failure,Traceback (most recent call last),765
144,task_007963_b25cba5e,1,41,0.0,traceback_in_exit0,traceback_only_no_test_failure,Traceback (most recent call last),802
144,task_007963_b25cba5e,1,45,0.0,traceback_in_exit0,traceback_only_no_test_failure,Traceback (most recent call last),874
144,task_007963_b25cba5e,1,52,1.0,traceback_in_exit0,traceback_only_no_test_failure,Traceback (most recent call last),731
144,task_007963_b25cba5e,1,63,0.0,traceback_in_exit0,traceback_only_no_test_failure,Traceback (most recent call last),739
144,task_004489_f8fef7c9,3,98,0.0,traceback_in_exit0,traceback_only_no_test_failure,Traceback (most recent call last),956
144,task_004489_f8fef7c9,3,103,1.0,traceback_in_exit0,traceback_only_no_test_failure,Traceback (most recent call last),1048
144,task_004489_f8fef7c9,3,106,1.0,traceback_in_exit0,traceback_only_no_test_failure,Traceback (most recent call last),1244
144,task_004489_f8fef7c9,3,108,1.0,traceback_in_exit0,traceback_only_no_test_failure,Traceback (most recent call last),1093
144,task_004489_f8fef7c9,3,109,1.0,traceback_in_exit0,traceback_only_no_test_failure,Traceback (most recent call last),904
144,task_004489_f8fef7c9,3,110,1.0,traceback_in_exit0,traceback_only_no_test_failure,Traceback (most recent call last),939
144,task_004489_f8fef7c9,3,112,1.0,traceback_in_exit0,traceback_only_no_test_failure,Traceback (most recent call last),958
144,task_004489_f8fef7c9,3,113,1.0,traceback_in_exit0,traceback_only_no_test_failure,Traceback (most recent call last),1278
144,task_004489_f8fef7c9,3,118,1.0,traceback_in_exit0,traceback_only_no_test_failure,Traceback (most recent call last),1158
144,task_004489_f8fef7c9,3,120,1.0,traceback_in_exit0,traceback_only_no_test_failure,Traceback (most recent call last),904
144,task_004489_f8fef7c9,3,122,0.0,traceback_in_exit0,traceback_only_no_test_failure,Traceback (most recent call last),947
144,task_004489_f8fef7c9,3,123,1.0,traceback_in_exit0,traceback_only_no_test_failure,Traceback (most recent call last),1226
144,task_004489_f8fef7c9,3,124,1.0,traceback_in_exit0,traceback_only_no_test_failure,Traceback (most recent call last),904
144,task_003480_8b5b178f,7,252,1.0,traceback_in_exit0,traceback_only_no_test_failure,Traceback (most recent call last),675
145,task_003999_f8bbafdc,0,5,1.0,traceback_in_exit0,traceback_only_no_test_failure,Traceback (most recent call last),148
145,task_000325_465d6cda,1,32,0.0,traceback_in_exit0,traceback_only_no_test_failure,Traceback (most recent call last),1323
145,task_000325_465d6cda,1,37,0.0,traceback_in_exit0,traceback_only_no_test_failure,Traceback (most recent call last),509
145,task_000325_465d6cda,1,38,1.0,traceback_in_exit0,traceback_only_no_test_failure,Traceback (most recent call last),2617
145,task_000325_465d6cda,1,41,1.0,traceback_in_exit0,traceback_only_no_test_failure,Traceback (most recent call last),6373
145,task_000325_465d6cda,1,42,1.0,traceback_in_exit0,traceback_only_no_test_failure,Traceback (most recent call last),1346
145,task_000325_465d6cda,1,44,1.0,traceback_in_exit0,traceback_only_no_test_failure,Traceback (most recent call last),2230
145,task_000325_465d6cda,1,45,0.0,traceback_in_exit0,traceback_only_no_test_failure,Traceback (most recent call last),573
145,task_000325_465d6cda,1,50,0.0,traceback_in_exit0,traceback_only_no_test_failure,Traceback (most recent call last),4739
145,task_000325_465d6cda,1,54,0.0,traceback_in_exit0,traceback_only_no_test_failure,Traceback (most recent call last),1036
145,task_000325_465d6cda,1,56,1.0,traceback_in_exit0,traceback_only_no_test_failure,Traceback (most recent call last),1467
145,task_000325_465d6cda,1,57,1.0,traceback_in_exit0,traceback_only_no_test_failure,Traceback (most recent call last),1216
145,task_000325_465d6cda,1,62,0.0,traceback_in_exit0,traceback_only_no_test_failure,Traceback (most recent call last),3504
145,task_000325_465d6cda,1,63,0.0,traceback_in_exit0,traceback_only_no_test_failure,Traceback (most recent call last),2462
145,task_009955_1d89bcea,2,73,1.0,traceback_in_exit0,traceback_only_no_test_failure,Traceback (most recent call last),266
145,task_002205_2f6e8d15,4,128,0.0,traceback_in_exit0,traceback_only_no_test_failure,Traceback (most recent call last),307
145,task_002205_2f6e8d15,4,130,0.0,traceback_in_exit0,traceback_only_no_test_failure,Traceback (most recent call last),878
145,task_002205_2f6e8d15,4,133,0.0,traceback_in_exit0,traceback_only_no_test_failure,Traceback (most recent call last),554
145,task_002205_2f6e8d15,4,134,0.0,traceback_in_exit0,traceback_only_no_test_failure,Traceback (most recent call last),1252
145,task_002205_2f6e8d15,4,136,0.0,traceback_in_exit0,traceback_only_no_test_failure,Traceback (most recent call last),160
145,task_002205_2f6e8d15,4,137,0.0,traceback_in_exit0,traceback_only_no_test_failure,Traceback (most recent call last),368
145,task_002205_2f6e8d15,4,139,0.0,traceback_in_exit0,traceback_only_no_test_failure,Traceback (most recent call last),191
145,task_002205_2f6e8d15,4,143,0.0,traceback_in_exit0,traceback_only_no_test_failure,Traceback (most recent call last),150
145,task_002205_2f6e8d15,4,144,1.0,traceback_in_exit0,traceback_only_no_test_failure,Traceback (most recent call last),1048
145,task_002205_2f6e8d15,4,145,0.0,traceback_in_exit0,traceback_only_no_test_failure,Traceback (most recent call last),217
145,task_002205_2f6e8d15,4,149,0.0,traceback_in_exit0,traceback_only_no_test_failure,Traceback (most recent call last),1372
145,task_002205_2f6e8d15,4,150,0.0,traceback_in_exit0,traceback_only_no_test_failure,Traceback (most recent call last),234
145,task_002205_2f6e8d15,4,151,0.0,traceback_in_exit0,traceback_only_no_test_failure,Traceback (most recent call last),530
145,task_002205_2f6e8d15,4,154,0.0,traceback_in_exit0,traceback_only_no_test_failure,Traceback (most recent call last),222
145,task_002205_2f6e8d15,4,155,0.0,traceback_in_exit0,traceback_only_no_test_failure,Traceback (most recent call last),715
145,task_002205_2f6e8d15,4,157,0.0,traceback_in_exit0,traceback_only_no_test_failure,Traceback (most recent call last),723
145,task_002205_2f6e8d15,4,159,1.0,traceback_in_exit0,traceback_only_no_test_failure,Traceback (most recent call last),850
146,task_004346_948948a1,0,6,0.0,traceback_in_exit0,traceback_only_no_test_failure,Traceback (most recent call last),892
146,task_004346_948948a1,0,12,0.0,traceback_in_exit0,traceback_only_no_test_failure,Traceback (most recent call last),359
146,task_004346_948948a1,0,13,0.0,traceback_in_exit0,traceback_only_no_test_failure,Traceback (most recent call last),254
146,task_004346_948948a1,0,16,1.0,traceback_in_exit0,traceback_only_no_test_failure,Traceback (most recent call last),257
146,task_004346_948948a1,0,18,0.0,traceback_in_exit0,traceback_only_no_test_failure,Traceback (most recent call last),156
146,task_004346_948948a1,0,22,0.0,traceback_in_exit0,traceback_only_no_test_failure,Traceback (most recent call last),207
146,task_004346_948948a1,0,27,0.0,traceback_in_exit0,traceback_only_no_test_failure,Traceback (most recent call last),316
146,task_003670_dab2c975,2,64,1.0,tests_failed_in_exit0,unexplained_exit0_with_test_failure_with_traceback,1 failed,2410
146,task_003670_dab2c975,2,65,1.0,tests_failed_in_exit0,unexplained_exit0_with_test_failure,1 failed,976
146,task_003670_dab2c975,2,66,0.0,tests_failed_in_exit0,unexplained_exit0_with_test_failure,1 failed,2327
146,task_003670_dab2c975,2,67,1.0,tests_failed_in_exit0,unexplained_exit0_with_test_failure_with_traceback,1 failed,2153
146,task_003670_dab2c975,2,68,1.0,tests_failed_in_exit0,unexplained_exit0_with_test_failure,1 failed,1137
146,task_003670_dab2c975,2,69,1.0,tests_failed_in_exit0,unexplained_exit0_with_test_failure,1 failed,1125
146,task_003670_dab2c975,2,70,1.0,tests_failed_in_exit0,unexplained_exit0_with_test_failure,1 failed,1153
146,task_003670_dab2c975,2,71,1.0,tests_failed_in_exit0,pytest_collection_error,error during collection,1888
146,task_003670_dab2c975,2,72,1.0,tests_failed_in_exit0,unexplained_exit0_with_test_failure_with_traceback,1 failed,2376
146,task_003670_dab2c975,2,73,0.0,traceback_in_exit0,traceback_only_no_test_failure,Traceback (most recent call last),224
146,task_003670_dab2c975,2,74,1.0,tests_failed_in_exit0,pytest_collection_error,error during collection,1023
146,task_003670_dab2c975,2,75,0.0,tests_failed_in_exit0,pytest_collection_error,error during collection,1165
146,task_003670_dab2c975,2,76,1.0,tests_failed_in_exit0,unexplained_exit0_with_test_failure,1 failed,1132
146,task_003670_dab2c975,2,77,1.0,tests_failed_in_exit0,unexplained_exit0_with_test_failure,1 failed,1137
146,task_003670_dab2c975,2,78,1.0,tests_failed_in_exit0,unexplained_exit0_with_test_failure_with_traceback,1 failed,2707
146,task_003670_dab2c975,2,79,1.0,tests_failed_in_exit0,unexplained_exit0_with_test_failure,1 failed,2381
146,task_003670_dab2c975,2,80,1.0,tests_failed_in_exit0,unexplained_exit0_with_test_failure,1 failed,1621
146,task_003670_dab2c975,2,81,1.0,tests_failed_in_exit0,pytest_collection_error,error during collection,933
146,task_003670_dab2c975,2,82,1.0,tests_failed_in_exit0,unexplained_exit0_with_test_failure,1 failed,1151
146,task_003670_dab2c975,2,83,1.0,tests_failed_in_exit0,unexplained_exit0_with_test_failure,1 failed,1040
146,task_003670_dab2c975,2,84,1.0,tests_failed_in_exit0,unexplained_exit0_with_test_failure_with_traceback,1 failed,2417
146,task_003670_dab2c975,2,85,1.0,tests_failed_in_exit0,unexplained_exit0_with_test_failure,1 failed,2392
146,task_003670_dab2c975,2,86,0.0,tests_failed_in_exit0,unexplained_exit0_with_test_failure_with_traceback,1 failed,2427
146,task_003670_dab2c975,2,87,0.0,tests_failed_in_exit0,unexplained_exit0_with_test_failure,1 failed,1040
146,task_003670_dab2c975,2,88,1.0,tests_failed_in_exit0,unexplained_exit0_with_test_failure,1 failed,1124
146,task_003670_dab2c975,2,89,1.0,tests_failed_in_exit0,unexplained_exit0_with_test_failure,1 failed,1100
146,task_003670_dab2c975,2,91,0.0,tests_failed_in_exit0,pytest_collection_error,error during collection,1243
146,task_003670_dab2c975,2,92,0.0,tests_failed_in_exit0,unexplained_exit0_with_test_failure,1 failed,2623
146,task_003670_dab2c975,2,93,1.0,tests_failed_in_exit0,unexplained_exit0_with_test_failure_with_traceback,1 failed,2311
146,task_003670_dab2c975,2,94,1.0,tests_failed_in_exit0,unexplained_exit0_with_test_failure,1 failed,1124
146,task_003670_dab2c975,2,95,0.0,tests_failed_in_exit0,unexplained_exit0_with_test_failure,1 failed,2408
146,task_003091_4a138979,5,180,1.0,traceback_in_exit0,traceback_only_no_test_failure,Traceback (most recent call last),218
147,task_003904_14adfb44,0,1,0.0,traceback_in_exit0,traceback_only_no_test_failure,Traceback (most recent call last),827
147,task_003904_14adfb44,0,2,1.0,traceback_in_exit0,traceback_only_no_test_failure,Traceback (most recent call last),619
147,task_003904_14adfb44,0,3,0.0,traceback_in_exit0,traceback_only_no_test_failure,Traceback (most recent call last),205
147,task_003904_14adfb44,0,4,0.0,traceback_in_exit0,traceback_only_no_test_failure,Traceback (most recent call last),591
147,task_003904_14adfb44,0,6,0.0,traceback_in_exit0,traceback_only_no_test_failure,Traceback (most recent call last),1020
147,task_003904_14adfb44,0,8,1.0,traceback_in_exit0,traceback_only_no_test_failure,Traceback (most recent call last),416
147,task_003904_14adfb44,0,11,0.0,traceback_in_exit0,traceback_only_no_test_failure,Traceback (most recent call last),209
147,task_003904_14adfb44,0,13,0.0,traceback_in_exit0,traceback_only_no_test_failure,Traceback (most recent call last),226
147,task_003904_14adfb44,0,14,0.0,traceback_in_exit0,traceback_only_no_test_failure,Traceback (most recent call last),537
147,task_003904_14adfb44,0,17,0.0,traceback_in_exit0,traceback_only_no_test_failure,Traceback (most recent call last),405
147,task_003904_14adfb44,0,18,0.0,traceback_in_exit0,traceback_only_no_test_failure,Traceback (most recent call last),377
147,task_003904_14adfb44,0,20,0.0,traceback_in_exit0,traceback_only_no_test_failure,Traceback (most recent call last),429
147,task_003904_14adfb44,0,21,0.0,traceback_in_exit0,traceback_only_no_test_failure,Traceback (most recent call last),515
147,task_003904_14adfb44,0,24,0.0,traceback_in_exit0,traceback_only_no_test_failure,Traceback (most recent call last),1099
147,task_003904_14adfb44,0,26,1.0,traceback_in_exit0,traceback_only_no_test_failure,Traceback (most recent call last),1846
147,task_003904_14adfb44,0,27,0.0,traceback_in_exit0,traceback_only_no_test_failure,Traceback (most recent call last),563
147,task_003904_14adfb44,0,30,0.0,traceback_in_exit0,traceback_only_no_test_failure,Traceback (most recent call last),2193
147,task_004745_5526dd11,1,32,0.0,traceback_in_exit0,traceback_only_no_test_failure,Traceback (most recent call last),441
147,task_004745_5526dd11,1,33,0.0,traceback_in_exit0,traceback_only_no_test_failure,Traceback (most recent call last),441
147,task_004745_5526dd11,1,35,0.0,traceback_in_exit0,traceback_only_no_test_failure,Traceback (most recent call last),441
147,task_004745_5526dd11,1,36,0.0,traceback_in_exit0,traceback_only_no_test_failure,Traceback (most recent call last),441
147,task_004745_5526dd11,1,37,0.0,traceback_in_exit0,traceback_only_no_test_failure,Traceback (most recent call last),441
147,task_004745_5526dd11,1,38,0.0,traceback_in_exit0,traceback_only_no_test_failure,Traceback (most recent call last),441
147,task_004745_5526dd11,1,39,1.0,traceback_in_exit0,traceback_only_no_test_failure,Traceback (most recent call last),441
147,task_004745_5526dd11,1,40,0.0,traceback_in_exit0,traceback_only_no_test_failure,Traceback (most recent call last),441
147,task_004745_5526dd11,1,41,0.0,traceback_in_exit0,traceback_only_no_test_failure,Traceback (most recent call last),879
147,task_004745_5526dd11,1,42,0.0,traceback_in_exit0,traceback_only_no_test_failure,Traceback (most recent call last),427
147,task_004745_5526dd11,1,43,0.0,traceback_in_exit0,traceback_only_no_test_failure,Traceback (most recent call last),441
147,task_004745_5526dd11,1,44,0.0,traceback_in_exit0,traceback_only_no_test_failure,Traceback (most recent call last),441
147,task_004745_5526dd11,1,45,0.0,traceback_in_exit0,traceback_only_no_test_failure,Traceback (most recent call last),441
147,task_004745_5526dd11,1,46,0.0,traceback_in_exit0,traceback_only_no_test_failure,Traceback (most recent call last),441
147,task_004745_5526dd11,1,47,0.0,traceback_in_exit0,traceback_only_no_test_failure,Traceback (most recent call last),145
147,task_004745_5526dd11,1,48,0.0,traceback_in_exit0,traceback_only_no_test_failure,Traceback (most recent call last),441
147,task_004745_5526dd11,1,49,0.0,traceback_in_exit0,traceback_only_no_test_failure,Traceback (most recent call last),441
147,task_004745_5526dd11,1,50,0.0,traceback_in_exit0,traceback_only_no_test_failure,Traceback (most recent call last),441
147,task_004745_5526dd11,1,51,0.0,traceback_in_exit0,traceback_only_no_test_failure,Traceback (most recent call last),477
147,task_004745_5526dd11,1,52,0.0,traceback_in_exit0,traceback_only_no_test_failure,Traceback (most recent call last),441
147,task_004745_5526dd11,1,53,0.0,traceback_in_exit0,traceback_only_no_test_failure,Traceback (most recent call last),469
147,task_004745_5526dd11,1,54,0.0,traceback_in_exit0,traceback_only_no_test_failure,Traceback (most recent call last),441
147,task_004745_5526dd11,1,56,0.0,traceback_in_exit0,traceback_only_no_test_failure,Traceback (most recent call last),441
147,task_004745_5526dd11,1,57,0.0,traceback_in_exit0,traceback_only_no_test_failure,Traceback (most recent call last),388
147,task_004745_5526dd11,1,58,0.0,traceback_in_exit0,traceback_only_no_test_failure,Traceback (most recent call last),441
147,task_004745_5526dd11,1,59,0.0,traceback_in_exit0,traceback_only_no_test_failure,Traceback (most recent call last),128
147,task_004745_5526dd11,1,60,0.0,traceback_in_exit0,traceback_only_no_test_failure,Traceback (most recent call last),441
147,task_004745_5526dd11,1,61,0.0,traceback_in_exit0,traceback_only_no_test_failure,Traceback (most recent call last),441
147,task_004745_5526dd11,1,62,0.0,traceback_in_exit0,traceback_only_no_test_failure,Traceback (most recent call last),441
147,task_004745_5526dd11,1,63,1.0,traceback_in_exit0,traceback_only_no_test_failure,Traceback (most recent call last),441
147,task_004528_b639a284,5,160,0.0,traceback_in_exit0,traceback_only_no_test_failure,Traceback (most recent call last),299
147,task_004528_b639a284,5,161,0.0,traceback_in_exit0,traceback_only_no_test_failure,Traceback (most recent call last),119
147,task_004528_b639a284,5,162,1.0,traceback_in_exit0,traceback_only_no_test_failure,Traceback (most recent call last),362
147,task_004528_b639a284,5,163,0.0,traceback_in_exit0,traceback_only_no_test_failure,Traceback (most recent call last),399
147,task_004528_b639a284,5,164,0.0,traceback_in_exit0,traceback_only_no_test_failure,Traceback (most recent call last),366
147,task_004528_b639a284,5,165,0.0,traceback_in_exit0,traceback_only_no_test_failure,Traceback (most recent call last),449
147,task_004528_b639a284,5,167,0.0,traceback_in_exit0,traceback_only_no_test_failure,Traceback (most recent call last),207
147,task_004528_b639a284,5,168,1.0,traceback_in_exit0,traceback_only_no_test_failure,Traceback (most recent call last),271
147,task_004528_b639a284,5,169,1.0,traceback_in_exit0,traceback_only_no_test_failure,Traceback (most recent call last),952
147,task_004528_b639a284,5,170,1.0,traceback_in_exit0,traceback_only_no_test_failure,Traceback (most recent call last),215
147,task_004528_b639a284,5,172,0.0,traceback_in_exit0,traceback_only_no_test_failure,Traceback (most recent call last),281
147,task_004528_b639a284,5,173,1.0,traceback_in_exit0,traceback_only_no_test_failure,Traceback (most recent call last),551
147,task_004528_b639a284,5,174,1.0,traceback_in_exit0,traceback_only_no_test_failure,Traceback (most recent call last),405
147,task_004528_b639a284,5,175,1.0,traceback_in_exit0,traceback_only_no_test_failure,Traceback (most recent call last),677
147,task_004528_b639a284,5,176,0.0,traceback_in_exit0,traceback_only_no_test_failure,Traceback (most recent call last),274
147,task_004528_b639a284,5,177,1.0,traceback_in_exit0,traceback_only_no_test_failure,Traceback (most recent call last),3327
147,task_004528_b639a284,5,179,1.0,traceback_in_exit0,traceback_only_no_test_failure,Traceback (most recent call last),179
147,task_004528_b639a284,5,181,0.0,traceback_in_exit0,traceback_only_no_test_failure,Traceback (most recent call last),371
147,task_004528_b639a284,5,182,1.0,traceback_in_exit0,traceback_only_no_test_failure,Traceback (most recent call last),1083
147,task_004528_b639a284,5,183,0.0,traceback_in_exit0,traceback_only_no_test_failure,Traceback (most recent call last),340
147,task_004528_b639a284,5,187,0.0,traceback_in_exit0,traceback_only_no_test_failure,Traceback (most recent call last),270
147,task_004528_b639a284,5,188,0.0,traceback_in_exit0,traceback_only_no_test_failure,Traceback (most recent call last),691
147,task_004528_b639a284,5,189,1.0,traceback_in_exit0,traceback_only_no_test_failure,Traceback (most recent call last),373
147,task_004528_b639a284,5,191,0.0,traceback_in_exit0,traceback_only_no_test_failure,Traceback (most recent call last),1019
148,task_009789_17749e90,2,66,1.0,traceback_in_exit0,traceback_only_no_test_failure,Traceback (most recent call last),311
148,task_009789_17749e90,2,68,1.0,traceback_in_exit0,traceback_only_no_test_failure,Traceback (most recent call last),298
148,task_009789_17749e90,2,69,1.0,traceback_in_exit0,traceback_only_no_test_failure,Traceback (most recent call last),325
148,task_009789_17749e90,2,71,1.0,traceback_in_exit0,traceback_only_no_test_failure,Traceback (most recent call last),311
148,task_009789_17749e90,2,72,1.0,traceback_in_exit0,traceback_only_no_test_failure,Traceback (most recent call last),230
148,task_009789_17749e90,2,74,1.0,traceback_in_exit0,traceback_only_no_test_failure,Traceback (most recent call last),298
148,task_009789_17749e90,2,76,1.0,traceback_in_exit0,traceback_only_no_test_failure,Traceback (most recent call last),311
148,task_009789_17749e90,2,77,1.0,traceback_in_exit0,traceback_only_no_test_failure,Traceback (most recent call last),311
148,task_009789_17749e90,2,78,1.0,traceback_in_exit0,traceback_only_no_test_failure,Traceback (most recent call last),262
148,task_009789_17749e90,2,80,1.0,traceback_in_exit0,traceback_only_no_test_failure,Traceback (most recent call last),275
148,task_009789_17749e90,2,81,1.0,traceback_in_exit0,traceback_only_no_test_failure,Traceback (most recent call last),311
148,task_009789_17749e90,2,84,1.0,traceback_in_exit0,traceback_only_no_test_failure,Traceback (most recent call last),311
148,task_009789_17749e90,2,88,1.0,traceback_in_exit0,traceback_only_no_test_failure,Traceback (most recent call last),311
148,task_009789_17749e90,2,89,1.0,traceback_in_exit0,traceback_only_no_test_failure,Traceback (most recent call last),311
148,task_009789_17749e90,2,90,1.0,traceback_in_exit0,traceback_only_no_test_failure,Traceback (most recent call last),298
148,task_009789_17749e90,2,91,1.0,traceback_in_exit0,traceback_only_no_test_failure,Traceback (most recent call last),311
148,task_009789_17749e90,2,92,1.0,traceback_in_exit0,traceback_only_no_test_failure,Traceback (most recent call last),275
148,task_009789_17749e90,2,93,1.0,traceback_in_exit0,traceback_only_no_test_failure,Traceback (most recent call last),311
148,task_009789_17749e90,2,94,1.0,traceback_in_exit0,traceback_only_no_test_failure,Traceback (most recent call last),275
148,task_009789_17749e90,2,95,1.0,traceback_in_exit0,traceback_only_no_test_failure,Traceback (most recent call last),1451
148,task_005885_69647bf4,5,160,0.0,traceback_in_exit0,traceback_only_no_test_failure,Traceback (most recent call last),1322
148,task_005885_69647bf4,5,161,0.0,traceback_in_exit0,traceback_only_no_test_failure,Traceback (most recent call last),1507
148,task_005885_69647bf4,5,162,0.0,traceback_in_exit0,traceback_only_no_test_failure,Traceback (most recent call last),239
148,task_005885_69647bf4,5,164,0.0,traceback_in_exit0,traceback_only_no_test_failure,Traceback (most recent call last),194
148,task_005885_69647bf4,5,165,0.0,traceback_in_exit0,traceback_only_no_test_failure,Traceback (most recent call last),447
148,task_005885_69647bf4,5,167,0.0,traceback_in_exit0,traceback_only_no_test_failure,Traceback (most recent call last),394
148,task_005885_69647bf4,5,168,0.0,traceback_in_exit0,traceback_only_no_test_failure,Traceback (most recent call last),554
148,task_005885_69647bf4,5,169,0.0,traceback_in_exit0,traceback_only_no_test_failure,Traceback (most recent call last),173
148,task_005885_69647bf4,5,171,0.0,traceback_in_exit0,traceback_only_no_test_failure,Traceback (most recent call last),690
148,task_005885_69647bf4,5,172,0.0,traceback_in_exit0,traceback_only_no_test_failure,Traceback (most recent call last),555
148,task_005885_69647bf4,5,174,0.0,traceback_in_exit0,traceback_only_no_test_failure,Traceback (most recent call last),529
148,task_005885_69647bf4,5,175,0.0,traceback_in_exit0,traceback_only_no_test_failure,Traceback (most recent call last),1514
148,task_005885_69647bf4,5,176,1.0,traceback_in_exit0,traceback_only_no_test_failure,Traceback (most recent call last),410
148,task_005885_69647bf4,5,180,0.0,traceback_in_exit0,traceback_only_no_test_failure,Traceback (most recent call last),610
148,task_005885_69647bf4,5,181,0.0,traceback_in_exit0,traceback_only_no_test_failure,Traceback (most recent call last),159
148,task_005885_69647bf4,5,182,0.0,traceback_in_exit0,traceback_only_no_test_failure,Traceback (most recent call last),212
148,task_005885_69647bf4,5,184,1.0,traceback_in_exit0,traceback_only_no_test_failure,Traceback (most recent call last),570
148,task_005885_69647bf4,5,185,0.0,traceback_in_exit0,traceback_only_no_test_failure,Traceback (most recent call last),1252
148,task_005885_69647bf4,5,186,0.0,traceback_in_exit0,traceback_only_no_test_failure,Traceback (most recent call last),1658
148,task_005885_69647bf4,5,187,0.0,traceback_in_exit0,traceback_only_no_test_failure,Traceback (most recent call last),824
148,task_005885_69647bf4,5,188,0.0,traceback_in_exit0,traceback_only_no_test_failure,Traceback (most recent call last),144
148,task_005885_69647bf4,5,189,0.0,traceback_in_exit0,traceback_only_no_test_failure,Traceback (most recent call last),1329
148,task_005885_69647bf4,5,190,0.0,traceback_in_exit0,traceback_only_no_test_failure,Traceback (most recent call last),213
148,task_005885_69647bf4,5,191,0.0,traceback_in_exit0,traceback_only_no_test_failure,Traceback (most recent call last),190
149,task_003866_62dc3ff1,0,3,1.0,traceback_in_exit0,traceback_only_no_test_failure,Traceback (most recent call last),356
149,task_003866_62dc3ff1,0,9,0.0,traceback_in_exit0,traceback_only_no_test_failure,Traceback (most recent call last),144
149,task_003866_62dc3ff1,0,11,1.0,traceback_in_exit0,traceback_only_no_test_failure,Traceback (most recent call last),161
149,task_003866_62dc3ff1,0,16,0.0,traceback_in_exit0,traceback_only_no_test_failure,Traceback (most recent call last),302
149,task_003866_62dc3ff1,0,17,1.0,traceback_in_exit0,traceback_only_no_test_failure,Traceback (most recent call last),486
149,task_003866_62dc3ff1,0,22,1.0,traceback_in_exit0,traceback_only_no_test_failure,Traceback (most recent call last),172
149,task_003866_62dc3ff1,0,31,0.0,traceback_in_exit0,traceback_only_no_test_failure,Traceback (most recent call last),981
149,task_001523_4b0f1c43,3,99,0.0,traceback_in_exit0,traceback_only_no_test_failure,Traceback (most recent call last),448
149,task_001523_4b0f1c43,3,102,0.0,traceback_in_exit0,traceback_only_no_test_failure,Traceback (most recent call last),633
149,task_009323_f935a351,6,193,0.0,traceback_in_exit0,traceback_only_no_test_failure,Traceback (most recent call last),431
149,task_009323_f935a351,6,195,0.0,traceback_in_exit0,traceback_only_no_test_failure,Traceback (most recent call last),451
149,task_009323_f935a351,6,196,0.0,traceback_in_exit0,traceback_only_no_test_failure,Traceback (most recent call last),625
149,task_009323_f935a351,6,197,0.0,traceback_in_exit0,traceback_only_no_test_failure,Traceback (most recent call last),414
149,task_009323_f935a351,6,198,0.0,traceback_in_exit0,traceback_only_no_test_failure,Traceback (most recent call last),417
149,task_009323_f935a351,6,199,0.0,traceback_in_exit0,traceback_only_no_test_failure,Traceback (most recent call last),417
149,task_009323_f935a351,6,200,1.0,traceback_in_exit0,traceback_only_no_test_failure,Traceback (most recent call last),395
149,task_009323_f935a351,6,201,0.0,traceback_in_exit0,traceback_only_no_test_failure,Traceback (most recent call last),401
149,task_009323_f935a351,6,204,0.0,traceback_in_exit0,traceback_only_no_test_failure,Traceback (most recent call last),431
149,task_009323_f935a351,6,205,1.0,traceback_in_exit0,traceback_only_no_test_failure,Traceback (most recent call last),513
149,task_009323_f935a351,6,207,0.0,traceback_in_exit0,traceback_only_no_test_failure,Traceback (most recent call last),590
149,task_009323_f935a351,6,209,0.0,traceback_in_exit0,traceback_only_no_test_failure,Traceback (most recent call last),448
149,task_009323_f935a351,6,210,1.0,traceback_in_exit0,traceback_only_no_test_failure,Traceback (most recent call last),401
149,task_009323_f935a351,6,211,1.0,traceback_in_exit0,traceback_only_no_test_failure,Traceback (most recent call last),417
149,task_009323_f935a351,6,212,0.0,traceback_in_exit0,traceback_only_no_test_failure,Traceback (most recent call last),337
149,task_009323_f935a351,6,213,0.0,traceback_in_exit0,traceback_only_no_test_failure,Traceback (most recent call last),496
149,task_009323_f935a351,6,214,0.0,traceback_in_exit0,traceback_only_no_test_failure,Traceback (most recent call last),972
149,task_009323_f935a351,6,215,1.0,traceback_in_exit0,traceback_only_no_test_failure,Traceback (most recent call last),401
149,task_009323_f935a351,6,218,1.0,traceback_in_exit0,traceback_only_no_test_failure,Traceback (most recent call last),401
149,task_009323_f935a351,6,219,1.0,traceback_in_exit0,traceback_only_no_test_failure,Traceback (most recent call last),417
149,task_009323_f935a351,6,220,1.0,traceback_in_exit0,traceback_only_no_test_failure,Traceback (most recent call last),418
149,task_009323_f935a351,6,221,1.0,traceback_in_exit0,traceback_only_no_test_failure,Traceback (most recent call last),631
149,task_009323_f935a351,6,222,1.0,traceback_in_exit0,traceback_only_no_test_failure,Traceback (most recent call last),417
150,task_002038_07939eda,2,65,1.0,traceback_in_exit0,traceback_only_no_test_failure,Traceback (most recent call last),460
150,task_002038_07939eda,2,66,1.0,traceback_in_exit0,traceback_only_no_test_failure,Traceback (most recent call last),539
150,task_002038_07939eda,2,67,1.0,traceback_in_exit0,traceback_only_no_test_failure,Traceback (most recent call last),321
150,task_002038_07939eda,2,68,1.0,traceback_in_exit0,traceback_only_no_test_failure,Traceback (most recent call last),320
150,task_002038_07939eda,2,69,0.0,traceback_in_exit0,traceback_only_no_test_failure,Traceback (most recent call last),222
150,task_002038_07939eda,2,72,0.0,traceback_in_exit0,traceback_only_no_test_failure,Traceback (most recent call last),326
150,task_002038_07939eda,2,73,1.0,traceback_in_exit0,traceback_only_no_test_failure,Traceback (most recent call last),436
150,task_002038_07939eda,2,74,1.0,traceback_in_exit0,traceback_only_no_test_failure,Traceback (most recent call last),361
150,task_002038_07939eda,2,75,1.0,traceback_in_exit0,traceback_only_no_test_failure,Traceback (most recent call last),243
150,task_002038_07939eda,2,76,1.0,traceback_in_exit0,traceback_only_no_test_failure,Traceback (most recent call last),321
150,task_002038_07939eda,2,77,1.0,traceback_in_exit0,traceback_only_no_test_failure,Traceback (most recent call last),318
150,task_002038_07939eda,2,78,1.0,traceback_in_exit0,traceback_only_no_test_failure,Traceback (most recent call last),2837
150,task_002038_07939eda,2,79,0.0,traceback_in_exit0,traceback_only_no_test_failure,Traceback (most recent call last),326
150,task_002038_07939eda,2,80,0.0,traceback_in_exit0,traceback_only_no_test_failure,Traceback (most recent call last),326
150,task_002038_07939eda,2,81,0.0,traceback_in_exit0,traceback_only_no_test_failure,Traceback (most recent call last),526
150,task_002038_07939eda,2,82,1.0,traceback_in_exit0,traceback_only_no_test_failure,Traceback (most recent call last),538
150,task_002038_07939eda,2,83,1.0,traceback_in_exit0,traceback_only_no_test_failure,Traceback (most recent call last),460
150,task_002038_07939eda,2,84,1.0,traceback_in_exit0,traceback_only_no_test_failure,Traceback (most recent call last),325
150,task_002038_07939eda,2,85,0.0,traceback_in_exit0,traceback_only_no_test_failure,Traceback (most recent call last),326
150,task_002038_07939eda,2,86,0.0,traceback_in_exit0,traceback_only_no_test_failure,Traceback (most recent call last),425
150,task_002038_07939eda,2,88,1.0,traceback_in_exit0,traceback_only_no_test_failure,Traceback (most recent call last),326
150,task_002038_07939eda,2,89,1.0,traceback_in_exit0,traceback_only_no_test_failure,Traceback (most recent call last),320
150,task_002038_07939eda,2,91,0.0,traceback_in_exit0,traceback_only_no_test_failure,Traceback (most recent call last),524
150,task_002038_07939eda,2,92,1.0,traceback_in_exit0,traceback_only_no_test_failure,Traceback (most recent call last),2793
150,task_002038_07939eda,2,94,1.0,traceback_in_exit0,traceback_only_no_test_failure,Traceback (most recent call last),326
150,task_002038_07939eda,2,95,1.0,traceback_in_exit0,traceback_only_no_test_failure,Traceback (most recent call last),320
150,task_005350_6b6eaf61,3,97,1.0,traceback_in_exit0,traceback_only_no_test_failure,Traceback (most recent call last),353
150,task_005350_6b6eaf61,3,99,1.0,traceback_in_exit0,traceback_only_no_test_failure,Traceback (most recent call last),1563
150,task_005350_6b6eaf61,3,100,1.0,traceback_in_exit0,traceback_only_no_test_failure,Traceback (most recent call last),358
150,task_005350_6b6eaf61,3,101,1.0,traceback_in_exit0,traceback_only_no_test_failure,Traceback (most recent call last),473
150,task_005350_6b6eaf61,3,102,1.0,traceback_in_exit0,traceback_only_no_test_failure,Traceback (most recent call last),428
150,task_005350_6b6eaf61,3,103,1.0,traceback_in_exit0,traceback_only_no_test_failure,Traceback (most recent call last),377
150,task_005350_6b6eaf61,3,104,1.0,traceback_in_exit0,traceback_only_no_test_failure,Traceback (most recent call last),359
150,task_005350_6b6eaf61,3,105,1.0,traceback_in_exit0,traceback_only_no_test_failure,Traceback (most recent call last),358
150,task_005350_6b6eaf61,3,108,1.0,traceback_in_exit0,traceback_only_no_test_failure,Traceback (most recent call last),360
150,task_005350_6b6eaf61,3,109,1.0,traceback_in_exit0,traceback_only_no_test_failure,Traceback (most recent call last),359
150,task_005350_6b6eaf61,3,110,1.0,traceback_in_exit0,traceback_only_no_test_failure,Traceback (most recent call last),379
150,task_005350_6b6eaf61,3,111,1.0,traceback_in_exit0,traceback_only_no_test_failure,Traceback (most recent call last),357
150,task_005350_6b6eaf61,3,112,1.0,traceback_in_exit0,traceback_only_no_test_failure,Traceback (most recent call last),1645
150,task_005350_6b6eaf61,3,113,0.0,traceback_in_exit0,traceback_only_no_test_failure,Traceback (most recent call last),358
150,task_005350_6b6eaf61,3,114,1.0,traceback_in_exit0,traceback_only_no_test_failure,Traceback (most recent call last),1492
150,task_005350_6b6eaf61,3,115,1.0,traceback_in_exit0,traceback_only_no_test_failure,Traceback (most recent call last),410
150,task_005350_6b6eaf61,3,116,1.0,traceback_in_exit0,traceback_only_no_test_failure,Traceback (most recent call last),359
150,task_005350_6b6eaf61,3,117,1.0,traceback_in_exit0,traceback_only_no_test_failure,Traceback (most recent call last),386
150,task_005350_6b6eaf61,3,118,1.0,traceback_in_exit0,traceback_only_no_test_failure,Traceback (most recent call last),594
150,task_005350_6b6eaf61,3,119,1.0,traceback_in_exit0,traceback_only_no_test_failure,Traceback (most recent call last),1105
150,task_005350_6b6eaf61,3,120,1.0,traceback_in_exit0,traceback_only_no_test_failure,Traceback (most recent call last),377
150,task_005350_6b6eaf61,3,121,1.0,traceback_in_exit0,traceback_only_no_test_failure,Traceback (most recent call last),1104
150,task_005350_6b6eaf61,3,122,1.0,traceback_in_exit0,traceback_only_no_test_failure,Traceback (most recent call last),535
150,task_005350_6b6eaf61,3,123,1.0,traceback_in_exit0,traceback_only_no_test_failure,Traceback (most recent call last),384
150,task_005350_6b6eaf61,3,124,1.0,traceback_in_exit0,traceback_only_no_test_failure,Traceback (most recent call last),336
150,task_005350_6b6eaf61,3,125,1.0,traceback_in_exit0,traceback_only_no_test_failure,Traceback (most recent call last),1492
150,task_005350_6b6eaf61,3,126,1.0,traceback_in_exit0,traceback_only_no_test_failure,Traceback (most recent call last),1104
150,task_005350_6b6eaf61,3,127,1.0,traceback_in_exit0,traceback_only_no_test_failure,Traceback (most recent call last),1492
150,task_001057_204ed445,7,224,1.0,traceback_in_exit0,traceback_only_no_test_failure,Traceback (most recent call last),1488
150,task_001057_204ed445,7,226,0.0,traceback_in_exit0,traceback_only_no_test_failure,Traceback (most recent call last),1196
150,task_001057_204ed445,7,229,1.0,traceback_in_exit0,traceback_only_no_test_failure,Traceback (most recent call last),1608
150,task_001057_204ed445,7,231,1.0,traceback_in_exit0,traceback_only_no_test_failure,Traceback (most recent call last),1368
150,task_001057_204ed445,7,234,1.0,traceback_in_exit0,traceback_only_no_test_failure,Traceback (most recent call last),1768
150,task_001057_204ed445,7,236,1.0,traceback_in_exit0,traceback_only_no_test_failure,Traceback (most recent call last),1265
150,task_001057_204ed445,7,244,0.0,traceback_in_exit0,traceback_only_no_test_failure,Traceback (most recent call last),1609
150,task_001057_204ed445,7,245,1.0,traceback_in_exit0,traceback_only_no_test_failure,Traceback (most recent call last),434
150,task_001057_204ed445,7,248,1.0,traceback_in_exit0,traceback_only_no_test_failure,Traceback (most recent call last),2672
150,task_001057_204ed445,7,249,1.0,traceback_in_exit0,traceback_only_no_test_failure,Traceback (most recent call last),7238
150,task_001057_204ed445,7,251,1.0,traceback_in_exit0,traceback_only_no_test_failure,Traceback (most recent call last),1407
151,task_001380_cec65158,0,3,1.0,traceback_in_exit0,traceback_only_no_test_failure,Traceback (most recent call last),2853
151,task_001380_cec65158,0,7,1.0,traceback_in_exit0,traceback_only_no_test_failure,Traceback (most recent call last),904
151,task_001380_cec65158,0,8,0.0,traceback_in_exit0,traceback_only_no_test_failure,Traceback (most recent call last),548
151,task_001380_cec65158,0,9,1.0,traceback_in_exit0,traceback_only_no_test_failure,Traceback (most recent call last),883
151,task_001380_cec65158,0,10,0.0,traceback_in_exit0,traceback_only_no_test_failure,Traceback (most recent call last),725
151,task_001380_cec65158,0,11,1.0,traceback_in_exit0,traceback_only_no_test_failure,Traceback (most recent call last),585
151,task_001380_cec65158,0,12,1.0,traceback_in_exit0,traceback_only_no_test_failure,Traceback (most recent call last),881
151,task_001380_cec65158,0,13,1.0,traceback_in_exit0,traceback_only_no_test_failure,Traceback (most recent call last),652
151,task_001380_cec65158,0,14,0.0,traceback_in_exit0,traceback_only_no_test_failure,Traceback (most recent call last),1087
151,task_001380_cec65158,0,15,1.0,traceback_in_exit0,traceback_only_no_test_failure,Traceback (most recent call last),978
151,task_001380_cec65158,0,16,0.0,traceback_in_exit0,traceback_only_no_test_failure,Traceback (most recent call last),500
151,task_001380_cec65158,0,17,1.0,traceback_in_exit0,traceback_only_no_test_failure,Traceback (most recent call last),936
151,task_001380_cec65158,0,21,0.0,traceback_in_exit0,traceback_only_no_test_failure,Traceback (most recent call last),509
151,task_001380_cec65158,0,22,0.0,traceback_in_exit0,traceback_only_no_test_failure,Traceback (most recent call last),509
151,task_001380_cec65158,0,23,1.0,traceback_in_exit0,traceback_only_no_test_failure,Traceback (most recent call last),504
151,task_001380_cec65158,0,24,0.0,traceback_in_exit0,traceback_only_no_test_failure,Traceback (most recent call last),556
151,task_001380_cec65158,0,25,1.0,traceback_in_exit0,traceback_only_no_test_failure,Traceback (most recent call last),524
151,task_001380_cec65158,0,26,0.0,traceback_in_exit0,traceback_only_no_test_failure,Traceback (most recent call last),605
151,task_001380_cec65158,0,30,0.0,traceback_in_exit0,traceback_only_no_test_failure,Traceback (most recent call last),880
151,task_001380_cec65158,0,31,1.0,traceback_in_exit0,traceback_only_no_test_failure,Traceback (most recent call last),897
151,task_004300_34cb0058,2,92,1.0,traceback_in_exit0,traceback_only_no_test_failure,Traceback (most recent call last),918
151,task_000616_c813b919,5,160,0.0,traceback_in_exit0,traceback_only_no_test_failure,Traceback (most recent call last),637
151,task_000616_c813b919,5,162,1.0,traceback_in_exit0,traceback_only_no_test_failure,Traceback (most recent call last),316
151,task_000616_c813b919,5,163,0.0,traceback_in_exit0,traceback_only_no_test_failure,Traceback (most recent call last),268
151,task_000616_c813b919,5,165,0.0,traceback_in_exit0,traceback_only_no_test_failure,Traceback (most recent call last),100
151,task_000616_c813b919,5,166,0.0,traceback_in_exit0,traceback_only_no_test_failure,Traceback (most recent call last),599
151,task_000616_c813b919,5,167,0.0,traceback_in_exit0,traceback_only_no_test_failure,Traceback (most recent call last),446
151,task_000616_c813b919,5,168,0.0,traceback_in_exit0,traceback_only_no_test_failure,Traceback (most recent call last),619
151,task_000616_c813b919,5,169,0.0,traceback_in_exit0,traceback_only_no_test_failure,Traceback (most recent call last),631
151,task_000616_c813b919,5,171,0.0,traceback_in_exit0,traceback_only_no_test_failure,Traceback (most recent call last),768
151,task_000616_c813b919,5,173,0.0,traceback_in_exit0,traceback_only_no_test_failure,Traceback (most recent call last),638
151,task_000616_c813b919,5,174,0.0,traceback_in_exit0,traceback_only_no_test_failure,Traceback (most recent call last),731
151,task_000616_c813b919,5,176,0.0,traceback_in_exit0,traceback_only_no_test_failure,Traceback (most recent call last),242
151,task_000616_c813b919,5,178,0.0,traceback_in_exit0,traceback_only_no_test_failure,Traceback (most recent call last),265
151,task_000616_c813b919,5,179,0.0,traceback_in_exit0,traceback_only_no_test_failure,Traceback (most recent call last),1308
151,task_000616_c813b919,5,180,0.0,traceback_in_exit0,traceback_only_no_test_failure,Traceback (most recent call last),1308
151,task_000616_c813b919,5,181,0.0,traceback_in_exit0,traceback_only_no_test_failure,Traceback (most recent call last),993
151,task_000616_c813b919,5,183,0.0,traceback_in_exit0,traceback_only_no_test_failure,Traceback (most recent call last),861
151,task_000616_c813b919,5,184,0.0,traceback_in_exit0,traceback_only_no_test_failure,Traceback (most recent call last),439
151,task_000616_c813b919,5,187,0.0,traceback_in_exit0,traceback_only_no_test_failure,Traceback (most recent call last),361
151,task_000616_c813b919,5,189,0.0,traceback_in_exit0,traceback_only_no_test_failure,Traceback (most recent call last),226
151,task_000616_c813b919,5,190,0.0,traceback_in_exit0,traceback_only_no_test_failure,Traceback (most recent call last),258
151,task_000616_c813b919,5,191,0.0,traceback_in_exit0,traceback_only_no_test_failure,Traceback (most recent call last),635
152,task_000461_94f6168a,2,67,0.0,traceback_in_exit0,traceback_only_no_test_failure,Traceback (most recent call last),830
152,task_000461_94f6168a,2,72,0.0,traceback_in_exit0,traceback_only_no_test_failure,Traceback (most recent call last),812
152,task_000461_94f6168a,2,73,0.0,traceback_in_exit0,traceback_only_no_test_failure,Traceback (most recent call last),810
152,task_000461_94f6168a,2,74,0.0,traceback_in_exit0,traceback_only_no_test_failure,Traceback (most recent call last),2570
152,task_000461_94f6168a,2,79,1.0,traceback_in_exit0,traceback_only_no_test_failure,Traceback (most recent call last),1708
152,task_000461_94f6168a,2,80,0.0,traceback_in_exit0,traceback_only_no_test_failure,Traceback (most recent call last),810
152,task_000461_94f6168a,2,86,0.0,traceback_in_exit0,traceback_only_no_test_failure,Traceback (most recent call last),922
152,task_000461_94f6168a,2,92,0.0,traceback_in_exit0,traceback_only_no_test_failure,Traceback (most recent call last),1025
152,task_000461_94f6168a,2,94,0.0,traceback_in_exit0,traceback_only_no_test_failure,Traceback (most recent call last),805
152,task_000461_94f6168a,2,95,0.0,traceback_in_exit0,traceback_only_no_test_failure,Traceback (most recent call last),935
152,task_003979_aaf4b378,4,156,1.0,traceback_in_exit0,traceback_only_no_test_failure,Traceback (most recent call last),262
152,task_003979_aaf4b378,4,158,1.0,tests_failed_in_exit0,unexplained_exit0_with_test_failure,8 failed,1588
152,task_005199_b6fe6291,7,233,1.0,traceback_in_exit0,traceback_only_no_test_failure,Traceback (most recent call last),448
152,task_005199_b6fe6291,7,239,1.0,traceback_in_exit0,traceback_only_no_test_failure,Traceback (most recent call last),531
152,task_005199_b6fe6291,7,241,1.0,traceback_in_exit0,traceback_only_no_test_failure,Traceback (most recent call last),448
152,task_005199_b6fe6291,7,249,1.0,traceback_in_exit0,traceback_only_no_test_failure,Traceback (most recent call last),603
153,task_000361_286aec2b,2,76,0.0,traceback_in_exit0,traceback_only_no_test_failure,Traceback (most recent call last),1397
154,task_004795_2dc4716c,1,49,1.0,traceback_in_exit0,traceback_only_no_test_failure,Traceback (most recent call last),716
154,task_004795_2dc4716c,1,60,1.0,traceback_in_exit0,traceback_only_no_test_failure,Traceback (most recent call last),858
154,task_001450_5a074d5a,2,64,1.0,traceback_in_exit0,traceback_only_no_test_failure,Traceback (most recent call last),111
154,task_001450_5a074d5a,2,69,1.0,traceback_in_exit0,traceback_only_no_test_failure,Traceback (most recent call last),112
154,task_001450_5a074d5a,2,70,1.0,traceback_in_exit0,traceback_only_no_test_failure,Traceback (most recent call last),448
154,task_001450_5a074d5a,2,71,1.0,traceback_in_exit0,traceback_only_no_test_failure,Traceback (most recent call last),111
154,task_001450_5a074d5a,2,74,1.0,traceback_in_exit0,traceback_only_no_test_failure,Traceback (most recent call last),119
154,task_001450_5a074d5a,2,75,1.0,traceback_in_exit0,traceback_only_no_test_failure,Traceback (most recent call last),111
154,task_001450_5a074d5a,2,80,1.0,traceback_in_exit0,traceback_only_no_test_failure,Traceback (most recent call last),544
154,task_001450_5a074d5a,2,81,1.0,traceback_in_exit0,traceback_only_no_test_failure,Traceback (most recent call last),111
154,task_001450_5a074d5a,2,82,1.0,traceback_in_exit0,traceback_only_no_test_failure,Traceback (most recent call last),111
154,task_001450_5a074d5a,2,85,1.0,traceback_in_exit0,traceback_only_no_test_failure,Traceback (most recent call last),569
154,task_001450_5a074d5a,2,86,1.0,traceback_in_exit0,traceback_only_no_test_failure,Traceback (most recent call last),119
154,task_001450_5a074d5a,2,88,1.0,traceback_in_exit0,traceback_only_no_test_failure,Traceback (most recent call last),174
154,task_001450_5a074d5a,2,94,1.0,traceback_in_exit0,traceback_only_no_test_failure,Traceback (most recent call last),574
154,task_001627_2ba00c6f,3,96,0.0,traceback_in_exit0,traceback_only_no_test_failure,Traceback (most recent call last),2672
154,task_001627_2ba00c6f,3,97,0.0,traceback_in_exit0,traceback_only_no_test_failure,Traceback (most recent call last),2059
154,task_001627_2ba00c6f,3,98,0.0,traceback_in_exit0,traceback_only_no_test_failure,Traceback (most recent call last),3255
154,task_001627_2ba00c6f,3,99,1.0,traceback_in_exit0,traceback_only_no_test_failure,Traceback (most recent call last),1340
154,task_001627_2ba00c6f,3,101,0.0,traceback_in_exit0,traceback_only_no_test_failure,Traceback (most recent call last),1369
154,task_001627_2ba00c6f,3,102,0.0,traceback_in_exit0,traceback_only_no_test_failure,Traceback (most recent call last),1565
154,task_001627_2ba00c6f,3,103,0.0,traceback_in_exit0,traceback_only_no_test_failure,Traceback (most recent call last),1484
154,task_001627_2ba00c6f,3,105,0.0,traceback_in_exit0,traceback_only_no_test_failure,Traceback (most recent call last),1560
154,task_001627_2ba00c6f,3,106,0.0,traceback_in_exit0,traceback_only_no_test_failure,Traceback (most recent call last),1076
154,task_001627_2ba00c6f,3,107,0.0,traceback_in_exit0,traceback_only_no_test_failure,Traceback (most recent call last),1322
154,task_001627_2ba00c6f,3,109,0.0,traceback_in_exit0,traceback_only_no_test_failure,Traceback (most recent call last),2059
154,task_001627_2ba00c6f,3,110,0.0,traceback_in_exit0,traceback_only_no_test_failure,Traceback (most recent call last),1304
154,task_001627_2ba00c6f,3,112,0.0,traceback_in_exit0,traceback_only_no_test_failure,Traceback (most recent call last),1322
154,task_001627_2ba00c6f,3,115,0.0,traceback_in_exit0,traceback_only_no_test_failure,Traceback (most recent call last),3913
154,task_001627_2ba00c6f,3,118,0.0,traceback_in_exit0,traceback_only_no_test_failure,Traceback (most recent call last),1514
154,task_001627_2ba00c6f,3,119,0.0,traceback_in_exit0,traceback_only_no_test_failure,Traceback (most recent call last),2059
154,task_001627_2ba00c6f,3,120,0.0,traceback_in_exit0,traceback_only_no_test_failure,Traceback (most recent call last),1316
154,task_001627_2ba00c6f,3,121,0.0,traceback_in_exit0,traceback_only_no_test_failure,Traceback (most recent call last),2203
154,task_001627_2ba00c6f,3,122,0.0,traceback_in_exit0,traceback_only_no_test_failure,Traceback (most recent call last),1452
154,task_001627_2ba00c6f,3,124,0.0,traceback_in_exit0,traceback_only_no_test_failure,Traceback (most recent call last),1064
154,task_001627_2ba00c6f,3,125,0.0,traceback_in_exit0,traceback_only_no_test_failure,Traceback (most recent call last),1457
154,task_001627_2ba00c6f,3,127,0.0,traceback_in_exit0,traceback_only_no_test_failure,Traceback (most recent call last),1336
154,task_007695_e9e427a7,7,224,1.0,traceback_in_exit0,traceback_only_no_test_failure,Traceback (most recent call last),458
154,task_007695_e9e427a7,7,229,1.0,traceback_in_exit0,traceback_only_no_test_failure,Traceback (most recent call last),543
154,task_007695_e9e427a7,7,232,1.0,traceback_in_exit0,traceback_only_no_test_failure,Traceback (most recent call last),148
154,task_007695_e9e427a7,7,233,1.0,traceback_in_exit0,traceback_only_no_test_failure,Traceback (most recent call last),309
154,task_007695_e9e427a7,7,234,1.0,traceback_in_exit0,traceback_only_no_test_failure,Traceback (most recent call last),424
154,task_007695_e9e427a7,7,238,1.0,traceback_in_exit0,traceback_only_no_test_failure,Traceback (most recent call last),1509
154,task_007695_e9e427a7,7,240,1.0,traceback_in_exit0,traceback_only_no_test_failure,Traceback (most recent call last),469
154,task_007695_e9e427a7,7,249,1.0,traceback_in_exit0,traceback_only_no_test_failure,Traceback (most recent call last),3482
154,task_007695_e9e427a7,7,254,1.0,traceback_in_exit0,traceback_only_no_test_failure,Traceback (most recent call last),1731
155,task_000680_ff6ac094,1,32,0.0,traceback_in_exit0,traceback_only_no_test_failure,Traceback (most recent call last),1655
155,task_000680_ff6ac094,1,33,0.0,traceback_in_exit0,traceback_only_no_test_failure,Traceback (most recent call last),6541
155,task_000680_ff6ac094,1,34,0.0,traceback_in_exit0,traceback_only_no_test_failure,Traceback (most recent call last),377
155,task_000680_ff6ac094,1,36,0.0,traceback_in_exit0,traceback_only_no_test_failure,Traceback (most recent call last),327
155,task_000680_ff6ac094,1,37,0.0,traceback_in_exit0,traceback_only_no_test_failure,Traceback (most recent call last),1498
155,task_000680_ff6ac094,1,42,0.0,traceback_in_exit0,traceback_only_no_test_failure,Traceback (most recent call last),304
155,task_000680_ff6ac094,1,43,0.0,traceback_in_exit0,traceback_only_no_test_failure,Traceback (most recent call last),1613
155,task_000680_ff6ac094,1,44,0.0,traceback_in_exit0,traceback_only_no_test_failure,Traceback (most recent call last),304
155,task_000680_ff6ac094,1,45,0.0,traceback_in_exit0,traceback_only_no_test_failure,Traceback (most recent call last),301
155,task_000680_ff6ac094,1,47,0.0,traceback_in_exit0,traceback_only_no_test_failure,Traceback (most recent call last),352
155,task_000680_ff6ac094,1,48,1.0,traceback_in_exit0,traceback_only_no_test_failure,Traceback (most recent call last),349
155,task_000680_ff6ac094,1,49,0.0,traceback_in_exit0,traceback_only_no_test_failure,Traceback (most recent call last),580
155,task_000680_ff6ac094,1,50,0.0,traceback_in_exit0,traceback_only_no_test_failure,Traceback (most recent call last),188
155,task_000680_ff6ac094,1,51,0.0,traceback_in_exit0,traceback_only_no_test_failure,Traceback (most recent call last),1558
155,task_000680_ff6ac094,1,52,0.0,traceback_in_exit0,traceback_only_no_test_failure,Traceback (most recent call last),3067
155,task_000680_ff6ac094,1,53,0.0,traceback_in_exit0,traceback_only_no_test_failure,Traceback (most recent call last),266
155,task_000680_ff6ac094,1,54,0.0,traceback_in_exit0,traceback_only_no_test_failure,Traceback (most recent call last),317
155,task_000680_ff6ac094,1,59,0.0,traceback_in_exit0,traceback_only_no_test_failure,Traceback (most recent call last),301
155,task_000680_ff6ac094,1,60,0.0,traceback_in_exit0,traceback_only_no_test_failure,Traceback (most recent call last),301
155,task_000680_ff6ac094,1,63,0.0,traceback_in_exit0,traceback_only_no_test_failure,Traceback (most recent call last),2295
155,task_001383_d3af0489,2,64,1.0,traceback_in_exit0,traceback_only_no_test_failure,Traceback (most recent call last),1017
155,task_001383_d3af0489,2,75,0.0,traceback_in_exit0,traceback_only_no_test_failure,Traceback (most recent call last),904
155,task_001383_d3af0489,2,77,0.0,traceback_in_exit0,traceback_only_no_test_failure,Traceback (most recent call last),904
155,task_001383_d3af0489,2,78,0.0,traceback_in_exit0,traceback_only_no_test_failure,Traceback (most recent call last),904
155,task_001383_d3af0489,2,83,1.0,traceback_in_exit0,traceback_only_no_test_failure,Traceback (most recent call last),907
155,task_001383_d3af0489,2,85,1.0,traceback_in_exit0,traceback_only_no_test_failure,Traceback (most recent call last),2474
155,task_001383_d3af0489,2,93,1.0,traceback_in_exit0,traceback_only_no_test_failure,Traceback (most recent call last),4515
155,task_001383_d3af0489,2,95,0.0,traceback_in_exit0,traceback_only_no_test_failure,Traceback (most recent call last),904
155,task_002546_c7d06a02,4,129,0.0,traceback_in_exit0,traceback_only_no_test_failure,Traceback (most recent call last),557
155,task_002546_c7d06a02,4,130,0.0,traceback_in_exit0,traceback_only_no_test_failure,Traceback (most recent call last),772
155,task_002546_c7d06a02,4,133,1.0,traceback_in_exit0,traceback_only_no_test_failure,Traceback (most recent call last),452
155,task_002546_c7d06a02,4,134,0.0,traceback_in_exit0,traceback_only_no_test_failure,Traceback (most recent call last),272
155,task_002546_c7d06a02,4,136,1.0,traceback_in_exit0,traceback_only_no_test_failure,Traceback (most recent call last),426
155,task_002546_c7d06a02,4,138,1.0,traceback_in_exit0,traceback_only_no_test_failure,Traceback (most recent call last),836
155,task_002546_c7d06a02,4,148,1.0,traceback_in_exit0,traceback_only_no_test_failure,Traceback (most recent call last),425
155,task_002546_c7d06a02,4,151,1.0,traceback_in_exit0,traceback_only_no_test_failure,Traceback (most recent call last),1241
155,task_002546_c7d06a02,4,159,1.0,traceback_in_exit0,traceback_only_no_test_failure,Traceback (most recent call last),353
155,task_000490_d31d840e,7,237,0.0,tests_failed_in_exit0,unexplained_exit0_with_test_failure,1 FAILED,896
155,task_000490_d31d840e,7,254,0.0,tests_failed_in_exit0,unexplained_exit0_with_test_failure,1 failed,649
156,task_004178_489d9e63,1,55,1.0,traceback_in_exit0,traceback_only_no_test_failure,Traceback (most recent call last),5536
156,task_004178_489d9e63,1,61,1.0,traceback_in_exit0,traceback_only_no_test_failure,Traceback (most recent call last),219
156,task_003948_5b30d0e6,2,65,0.0,traceback_in_exit0,traceback_only_no_test_failure,Traceback (most recent call last),587
156,task_003948_5b30d0e6,2,78,0.0,traceback_in_exit0,traceback_only_no_test_failure,Traceback (most recent call last),129
156,task_003948_5b30d0e6,2,93,0.0,traceback_in_exit0,traceback_only_no_test_failure,Traceback (most recent call last),1184
156,task_004687_78a4cf06,3,97,0.0,traceback_in_exit0,traceback_only_no_test_failure,Traceback (most recent call last),775
156,task_004687_78a4cf06,3,98,0.0,traceback_in_exit0,traceback_only_no_test_failure,Traceback (most recent call last),262
156,task_004687_78a4cf06,3,99,1.0,traceback_in_exit0,traceback_only_no_test_failure,Traceback (most recent call last),1054
156,task_004687_78a4cf06,3,101,1.0,traceback_in_exit0,traceback_only_no_test_failure,Traceback (most recent call last),374
156,task_004687_78a4cf06,3,102,1.0,traceback_in_exit0,traceback_only_no_test_failure,Traceback (most recent call last),973
156,task_004687_78a4cf06,3,103,1.0,traceback_in_exit0,traceback_only_no_test_failure,Traceback (most recent call last),840
156,task_004687_78a4cf06,3,105,1.0,traceback_in_exit0,traceback_only_no_test_failure,Traceback (most recent call last),1069
156,task_004687_78a4cf06,3,106,0.0,traceback_in_exit0,traceback_only_no_test_failure,Traceback (most recent call last),714
156,task_004687_78a4cf06,3,109,1.0,traceback_in_exit0,traceback_only_no_test_failure,Traceback (most recent call last),1251
156,task_004687_78a4cf06,3,110,1.0,traceback_in_exit0,traceback_only_no_test_failure,Traceback (most recent call last),244
156,task_004687_78a4cf06,3,114,1.0,traceback_in_exit0,traceback_only_no_test_failure,Traceback (most recent call last),843
156,task_004687_78a4cf06,3,115,1.0,traceback_in_exit0,traceback_only_no_test_failure,Traceback (most recent call last),542
156,task_004687_78a4cf06,3,116,0.0,traceback_in_exit0,traceback_only_no_test_failure,Traceback (most recent call last),815
156,task_004687_78a4cf06,3,120,1.0,traceback_in_exit0,traceback_only_no_test_failure,Traceback (most recent call last),367
156,task_004687_78a4cf06,3,121,1.0,traceback_in_exit0,traceback_only_no_test_failure,Traceback (most recent call last),337
156,task_004687_78a4cf06,3,122,0.0,traceback_in_exit0,traceback_only_no_test_failure,Traceback (most recent call last),304
156,task_004687_78a4cf06,3,124,0.0,traceback_in_exit0,traceback_only_no_test_failure,Traceback (most recent call last),1048
156,task_004687_78a4cf06,3,125,1.0,traceback_in_exit0,traceback_only_no_test_failure,Traceback (most recent call last),760
156,task_003810_f4c29c92,5,160,1.0,traceback_in_exit0,traceback_only_no_test_failure,Traceback (most recent call last),219
156,task_003810_f4c29c92,5,161,1.0,traceback_in_exit0,traceback_only_no_test_failure,Traceback (most recent call last),517
156,task_003810_f4c29c92,5,162,0.0,traceback_in_exit0,traceback_only_no_test_failure,Traceback (most recent call last),261
156,task_003810_f4c29c92,5,163,1.0,traceback_in_exit0,traceback_only_no_test_failure,Traceback (most recent call last),378
156,task_003810_f4c29c92,5,164,1.0,traceback_in_exit0,traceback_only_no_test_failure,Traceback (most recent call last),430
156,task_003810_f4c29c92,5,165,0.0,traceback_in_exit0,traceback_only_no_test_failure,Traceback (most recent call last),374
156,task_003810_f4c29c92,5,166,1.0,traceback_in_exit0,traceback_only_no_test_failure,Traceback (most recent call last),975
156,task_003810_f4c29c92,5,167,1.0,traceback_in_exit0,traceback_only_no_test_failure,Traceback (most recent call last),780
156,task_003810_f4c29c92,5,168,1.0,traceback_in_exit0,traceback_only_no_test_failure,Traceback (most recent call last),2032
156,task_003810_f4c29c92,5,169,0.0,traceback_in_exit0,traceback_only_no_test_failure,Traceback (most recent call last),886
156,task_003810_f4c29c92,5,174,0.0,traceback_in_exit0,traceback_only_no_test_failure,Traceback (most recent call last),659
156,task_003810_f4c29c92,5,175,1.0,traceback_in_exit0,traceback_only_no_test_failure,Traceback (most recent call last),337
156,task_003810_f4c29c92,5,177,0.0,traceback_in_exit0,traceback_only_no_test_failure,Traceback (most recent call last),533
156,task_003810_f4c29c92,5,178,0.0,traceback_in_exit0,traceback_only_no_test_failure,Traceback (most recent call last),790
156,task_003810_f4c29c92,5,179,0.0,traceback_in_exit0,traceback_only_no_test_failure,Traceback (most recent call last),1061
156,task_003810_f4c29c92,5,181,0.0,traceback_in_exit0,traceback_only_no_test_failure,Traceback (most recent call last),452
156,task_003810_f4c29c92,5,182,0.0,traceback_in_exit0,traceback_only_no_test_failure,Traceback (most recent call last),1337
156,task_003810_f4c29c92,5,183,0.0,traceback_in_exit0,traceback_only_no_test_failure,Traceback (most recent call last),443
156,task_003810_f4c29c92,5,185,0.0,traceback_in_exit0,traceback_only_no_test_failure,Traceback (most recent call last),556
156,task_003810_f4c29c92,5,186,0.0,traceback_in_exit0,traceback_only_no_test_failure,Traceback (most recent call last),700
156,task_003810_f4c29c92,5,189,1.0,traceback_in_exit0,traceback_only_no_test_failure,Traceback (most recent call last),378
156,task_003810_f4c29c92,5,190,0.0,traceback_in_exit0,traceback_only_no_test_failure,Traceback (most recent call last),247
156,task_005106_a3500c84,6,194,0.0,traceback_in_exit0,traceback_only_no_test_failure,Traceback (most recent call last),944
156,task_005106_a3500c84,6,195,0.0,traceback_in_exit0,traceback_only_no_test_failure,Traceback (most recent call last),1646
156,task_005106_a3500c84,6,196,0.0,traceback_in_exit0,traceback_only_no_test_failure,Traceback (most recent call last),342
156,task_005106_a3500c84,6,202,0.0,traceback_in_exit0,traceback_only_no_test_failure,Traceback (most recent call last),494
156,task_005106_a3500c84,6,205,0.0,traceback_in_exit0,traceback_only_no_test_failure,Traceback (most recent call last),183
156,task_005106_a3500c84,6,207,0.0,traceback_in_exit0,traceback_only_no_test_failure,Traceback (most recent call last),281
156,task_005106_a3500c84,6,211,0.0,traceback_in_exit0,traceback_only_no_test_failure,Traceback (most recent call last),202
156,task_005106_a3500c84,6,217,0.0,traceback_in_exit0,traceback_only_no_test_failure,Traceback (most recent call last),262
156,task_004466_4dcb25bb,7,250,1.0,tests_failed_in_exit0,unexplained_exit0_with_test_failure,Test 5 FAILED,52
156,task_004466_4dcb25bb,7,254,1.0,tests_failed_in_exit0,unexplained_exit0_with_test_failure,Test 3 FAILED,32
157,task_003143_1bbce47b,0,25,1.0,traceback_in_exit0,traceback_only_no_test_failure,Traceback (most recent call last),1398
157,task_001586_2256d28b,6,193,0.0,traceback_in_exit0,traceback_only_no_test_failure,Traceback (most recent call last),611
157,task_000221_fb2fd737,7,233,0.0,traceback_in_exit0,traceback_only_no_test_failure,Traceback (most recent call last),514
157,task_000221_fb2fd737,7,237,0.0,traceback_in_exit0,traceback_only_no_test_failure,Traceback (most recent call last),268
157,task_000221_fb2fd737,7,253,0.0,traceback_in_exit0,traceback_only_no_test_failure,Traceback (most recent call last),1254
157,task_000221_fb2fd737,7,255,0.0,traceback_in_exit0,traceback_only_no_test_failure,Traceback (most recent call last),1225
158,task_001573_284ed7a8,1,50,0.0,traceback_in_exit0,traceback_only_no_test_failure,Traceback (most recent call last),725
158,task_005372_c278e68d,4,128,1.0,traceback_in_exit0,traceback_only_no_test_failure,Traceback (most recent call last),1654
158,task_005372_c278e68d,4,131,1.0,traceback_in_exit0,traceback_only_no_test_failure,Traceback (most recent call last),2882
158,task_005372_c278e68d,4,133,1.0,traceback_in_exit0,traceback_only_no_test_failure,Traceback (most recent call last),864
158,task_005372_c278e68d,4,136,1.0,traceback_in_exit0,traceback_only_no_test_failure,Traceback (most recent call last),1208
158,task_005372_c278e68d,4,138,0.0,traceback_in_exit0,traceback_only_no_test_failure,Traceback (most recent call last),149
158,task_005372_c278e68d,4,141,1.0,traceback_in_exit0,traceback_only_no_test_failure,Traceback (most recent call last),149
158,task_005372_c278e68d,4,142,1.0,traceback_in_exit0,traceback_only_no_test_failure,Traceback (most recent call last),836
158,task_005372_c278e68d,4,143,1.0,traceback_in_exit0,traceback_only_no_test_failure,Traceback (most recent call last),980
158,task_005372_c278e68d,4,149,1.0,traceback_in_exit0,traceback_only_no_test_failure,Traceback (most recent call last),862
158,task_005372_c278e68d,4,154,1.0,traceback_in_exit0,traceback_only_no_test_failure,Traceback (most recent call last),156
158,task_005372_c278e68d,4,156,1.0,traceback_in_exit0,traceback_only_no_test_failure,Traceback (most recent call last),1573
158,task_005372_c278e68d,4,157,1.0,traceback_in_exit0,traceback_only_no_test_failure,Traceback (most recent call last),853
158,task_005372_c278e68d,4,158,1.0,traceback_in_exit0,traceback_only_no_test_failure,Traceback (most recent call last),979
158,task_004294_2f560fa3,5,191,1.0,traceback_in_exit0,traceback_only_no_test_failure,Traceback (most recent call last),208
159,task_000512_fd4e1e98,0,8,0.0,traceback_in_exit0,traceback_only_no_test_failure,Traceback (most recent call last),204
159,task_000512_fd4e1e98,0,10,0.0,tests_failed_in_exit0,unexplained_exit0_with_test_failure,4 failed,406
159,task_000512_fd4e1e98,0,18,0.0,traceback_in_exit0,traceback_only_no_test_failure,Traceback (most recent call last),2354
159,task_009891_d2ac0bb6,2,70,0.0,traceback_in_exit0,traceback_only_no_test_failure,Traceback (most recent call last),341
159,task_009891_d2ac0bb6,2,79,1.0,traceback_in_exit0,traceback_only_no_test_failure,Traceback (most recent call last),165
159,task_004725_c60e797e,3,96,1.0,traceback_in_exit0,traceback_only_no_test_failure,Traceback (most recent call last),441
159,task_004725_c60e797e,3,98,1.0,traceback_in_exit0,traceback_only_no_test_failure,Traceback (most recent call last),441
159,task_004725_c60e797e,3,100,1.0,traceback_in_exit0,traceback_only_no_test_failure,Traceback (most recent call last),441
159,task_004725_c60e797e,3,101,1.0,traceback_in_exit0,traceback_only_no_test_failure,Traceback (most recent call last),467
159,task_004725_c60e797e,3,102,1.0,traceback_in_exit0,traceback_only_no_test_failure,Traceback (most recent call last),475
159,task_004725_c60e797e,3,103,1.0,traceback_in_exit0,traceback_only_no_test_failure,Traceback (most recent call last),441
159,task_004725_c60e797e,3,104,1.0,traceback_in_exit0,traceback_only_no_test_failure,Traceback (most recent call last),469
159,task_004725_c60e797e,3,105,1.0,traceback_in_exit0,traceback_only_no_test_failure,Traceback (most recent call last),441
159,task_004725_c60e797e,3,106,1.0,traceback_in_exit0,traceback_only_no_test_failure,Traceback (most recent call last),441
159,task_004725_c60e797e,3,107,0.0,traceback_in_exit0,traceback_only_no_test_failure,Traceback (most recent call last),441
159,task_004725_c60e797e,3,108,1.0,traceback_in_exit0,traceback_only_no_test_failure,Traceback (most recent call last),441
159,task_004725_c60e797e,3,110,1.0,traceback_in_exit0,traceback_only_no_test_failure,Traceback (most recent call last),456
159,task_004725_c60e797e,3,111,1.0,traceback_in_exit0,traceback_only_no_test_failure,Traceback (most recent call last),441
159,task_004725_c60e797e,3,112,1.0,traceback_in_exit0,traceback_only_no_test_failure,Traceback (most recent call last),466
159,task_004725_c60e797e,3,115,1.0,traceback_in_exit0,traceback_only_no_test_failure,Traceback (most recent call last),441
159,task_004725_c60e797e,3,116,1.0,traceback_in_exit0,traceback_only_no_test_failure,Traceback (most recent call last),441
159,task_004725_c60e797e,3,117,1.0,traceback_in_exit0,traceback_only_no_test_failure,Traceback (most recent call last),463
159,task_004725_c60e797e,3,118,1.0,traceback_in_exit0,traceback_only_no_test_failure,Traceback (most recent call last),441
159,task_004725_c60e797e,3,119,1.0,traceback_in_exit0,traceback_only_no_test_failure,Traceback (most recent call last),441
159,task_004725_c60e797e,3,121,1.0,traceback_in_exit0,traceback_only_no_test_failure,Traceback (most recent call last),443
159,task_004725_c60e797e,3,122,1.0,traceback_in_exit0,traceback_only_no_test_failure,Traceback (most recent call last),559
159,task_004725_c60e797e,3,123,1.0,traceback_in_exit0,traceback_only_no_test_failure,Traceback (most recent call last),441
159,task_004725_c60e797e,3,124,1.0,traceback_in_exit0,traceback_only_no_test_failure,Traceback (most recent call last),469
159,task_004725_c60e797e,3,125,1.0,traceback_in_exit0,traceback_only_no_test_failure,Traceback (most recent call last),459
159,task_004725_c60e797e,3,127,1.0,traceback_in_exit0,traceback_only_no_test_failure,Traceback (most recent call last),441
159,task_009889_d25e0c72,6,201,0.0,traceback_in_exit0,traceback_only_no_test_failure,Traceback (most recent call last),587
160,task_000756_1ae70798,0,0,0.0,traceback_in_exit0,traceback_only_no_test_failure,Traceback (most recent call last),369
160,task_000756_1ae70798,0,3,0.0,traceback_in_exit0,traceback_only_no_test_failure,Traceback (most recent call last),343
160,task_000756_1ae70798,0,5,0.0,traceback_in_exit0,traceback_only_no_test_failure,Traceback (most recent call last),256
160,task_000756_1ae70798,0,7,0.0,traceback_in_exit0,traceback_only_no_test_failure,Traceback (most recent call last),205
160,task_000756_1ae70798,0,8,0.0,traceback_in_exit0,traceback_only_no_test_failure,Traceback (most recent call last),209
160,task_000756_1ae70798,0,9,0.0,traceback_in_exit0,traceback_only_no_test_failure,Traceback (most recent call last),153
160,task_000756_1ae70798,0,11,0.0,traceback_in_exit0,traceback_only_no_test_failure,Traceback (most recent call last),614
160,task_000756_1ae70798,0,15,0.0,traceback_in_exit0,traceback_only_no_test_failure,Traceback (most recent call last),1383
160,task_000756_1ae70798,0,16,0.0,traceback_in_exit0,traceback_only_no_test_failure,Traceback (most recent call last),293
160,task_000756_1ae70798,0,21,0.0,traceback_in_exit0,traceback_only_no_test_failure,Traceback (most recent call last),403
160,task_000756_1ae70798,0,27,0.0,traceback_in_exit0,traceback_only_no_test_failure,Traceback (most recent call last),175
160,task_000426_f78f3fbf,3,97,1.0,traceback_in_exit0,traceback_only_no_test_failure,Traceback (most recent call last),363
160,task_000426_f78f3fbf,3,98,0.0,traceback_in_exit0,traceback_only_no_test_failure,Traceback (most recent call last),810
160,task_000426_f78f3fbf,3,99,1.0,traceback_in_exit0,traceback_only_no_test_failure,Traceback (most recent call last),471
160,task_000426_f78f3fbf,3,100,1.0,traceback_in_exit0,traceback_only_no_test_failure,Traceback (most recent call last),549
160,task_000426_f78f3fbf,3,101,1.0,traceback_in_exit0,traceback_only_no_test_failure,Traceback (most recent call last),284
160,task_000426_f78f3fbf,3,104,1.0,traceback_in_exit0,traceback_only_no_test_failure,Traceback (most recent call last),137
160,task_000426_f78f3fbf,3,105,0.0,traceback_in_exit0,traceback_only_no_test_failure,Traceback (most recent call last),619
160,task_000426_f78f3fbf,3,106,0.0,traceback_in_exit0,traceback_only_no_test_failure,Traceback (most recent call last),729
160,task_000426_f78f3fbf,3,107,1.0,traceback_in_exit0,traceback_only_no_test_failure,Traceback (most recent call last),1348
160,task_000426_f78f3fbf,3,108,1.0,traceback_in_exit0,traceback_only_no_test_failure,Traceback (most recent call last),2311
160,task_000426_f78f3fbf,3,109,1.0,traceback_in_exit0,traceback_only_no_test_failure,Traceback (most recent call last),600
160,task_000426_f78f3fbf,3,111,1.0,traceback_in_exit0,traceback_only_no_test_failure,Traceback (most recent call last),627
160,task_000426_f78f3fbf,3,112,1.0,traceback_in_exit0,traceback_only_no_test_failure,Traceback (most recent call last),401
160,task_000426_f78f3fbf,3,113,1.0,traceback_in_exit0,traceback_only_no_test_failure,Traceback (most recent call last),1010
160,task_000426_f78f3fbf,3,114,1.0,traceback_in_exit0,traceback_only_no_test_failure,Traceback (most recent call last),356
160,task_000426_f78f3fbf,3,115,1.0,traceback_in_exit0,traceback_only_no_test_failure,Traceback (most recent call last),1513
160,task_000426_f78f3fbf,3,116,1.0,traceback_in_exit0,traceback_only_no_test_failure,Traceback (most recent call last),1215
160,task_000426_f78f3fbf,3,117,0.0,traceback_in_exit0,traceback_only_no_test_failure,Traceback (most recent call last),1715
160,task_000426_f78f3fbf,3,118,1.0,traceback_in_exit0,traceback_only_no_test_failure,Traceback (most recent call last),763
160,task_000426_f78f3fbf,3,120,1.0,traceback_in_exit0,traceback_only_no_test_failure,Traceback (most recent call last),1370
160,task_000426_f78f3fbf,3,121,1.0,traceback_in_exit0,traceback_only_no_test_failure,Traceback (most recent call last),999
160,task_000426_f78f3fbf,3,122,1.0,traceback_in_exit0,traceback_only_no_test_failure,Traceback (most recent call last),445
160,task_000426_f78f3fbf,3,123,1.0,traceback_in_exit0,traceback_only_no_test_failure,Traceback (most recent call last),582
160,task_000426_f78f3fbf,3,124,1.0,traceback_in_exit0,traceback_only_no_test_failure,Traceback (most recent call last),301
160,task_000426_f78f3fbf,3,126,1.0,traceback_in_exit0,traceback_only_no_test_failure,Traceback (most recent call last),434
160,task_004230_aff23e3d,4,129,1.0,traceback_in_exit0,traceback_only_no_test_failure,Traceback (most recent call last),555
160,task_004230_aff23e3d,4,137,1.0,traceback_in_exit0,traceback_only_no_test_failure,Traceback (most recent call last),827
160,task_004230_aff23e3d,4,143,1.0,traceback_in_exit0,traceback_only_no_test_failure,Traceback (most recent call last),546
160,task_004230_aff23e3d,4,150,1.0,traceback_in_exit0,traceback_only_no_test_failure,Traceback (most recent call last),269
160,task_004230_aff23e3d,4,156,1.0,traceback_in_exit0,traceback_only_no_test_failure,Traceback (most recent call last),128
160,task_003635_217a1bd9,6,197,1.0,traceback_in_exit0,traceback_only_no_test_failure,Traceback (most recent call last),265
161,task_000020_3c0b25ea,0,1,0.0,traceback_in_exit0,traceback_only_no_test_failure,Traceback (most recent call last),441
161,task_000020_3c0b25ea,0,2,0.0,traceback_in_exit0,traceback_only_no_test_failure,Traceback (most recent call last),441
161,task_000020_3c0b25ea,0,3,0.0,traceback_in_exit0,traceback_only_no_test_failure,Traceback (most recent call last),464
161,task_000020_3c0b25ea,0,4,0.0,traceback_in_exit0,traceback_only_no_test_failure,Traceback (most recent call last),480
161,task_000020_3c0b25ea,0,5,0.0,traceback_in_exit0,traceback_only_no_test_failure,Traceback (most recent call last),441
161,task_000020_3c0b25ea,0,6,0.0,traceback_in_exit0,traceback_only_no_test_failure,Traceback (most recent call last),464
161,task_000020_3c0b25ea,0,8,0.0,traceback_in_exit0,traceback_only_no_test_failure,Traceback (most recent call last),464
161,task_000020_3c0b25ea,0,9,0.0,traceback_in_exit0,traceback_only_no_test_failure,Traceback (most recent call last),476
161,task_000020_3c0b25ea,0,10,0.0,traceback_in_exit0,traceback_only_no_test_failure,Traceback (most recent call last),467
161,task_000020_3c0b25ea,0,11,0.0,traceback_in_exit0,traceback_only_no_test_failure,Traceback (most recent call last),433
161,task_000020_3c0b25ea,0,12,0.0,traceback_in_exit0,traceback_only_no_test_failure,Traceback (most recent call last),459
161,task_000020_3c0b25ea,0,13,0.0,traceback_in_exit0,traceback_only_no_test_failure,Traceback (most recent call last),464
161,task_000020_3c0b25ea,0,14,0.0,traceback_in_exit0,traceback_only_no_test_failure,Traceback (most recent call last),441
161,task_000020_3c0b25ea,0,17,0.0,traceback_in_exit0,traceback_only_no_test_failure,Traceback (most recent call last),441
161,task_000020_3c0b25ea,0,18,0.0,traceback_in_exit0,traceback_only_no_test_failure,Traceback (most recent call last),443
161,task_000020_3c0b25ea,0,19,0.0,traceback_in_exit0,traceback_only_no_test_failure,Traceback (most recent call last),443
161,task_000020_3c0b25ea,0,21,1.0,traceback_in_exit0,traceback_only_no_test_failure,Traceback (most recent call last),493
161,task_000020_3c0b25ea,0,22,0.0,traceback_in_exit0,traceback_only_no_test_failure,Traceback (most recent call last),443
161,task_000020_3c0b25ea,0,23,0.0,traceback_in_exit0,traceback_only_no_test_failure,Traceback (most recent call last),441
161,task_000020_3c0b25ea,0,25,0.0,traceback_in_exit0,traceback_only_no_test_failure,Traceback (most recent call last),441
161,task_000020_3c0b25ea,0,26,0.0,traceback_in_exit0,traceback_only_no_test_failure,Traceback (most recent call last),880
161,task_000020_3c0b25ea,0,27,1.0,traceback_in_exit0,traceback_only_no_test_failure,Traceback (most recent call last),464
161,task_000020_3c0b25ea,0,28,0.0,traceback_in_exit0,traceback_only_no_test_failure,Traceback (most recent call last),476
161,task_000020_3c0b25ea,0,29,0.0,traceback_in_exit0,traceback_only_no_test_failure,Traceback (most recent call last),441
161,task_000020_3c0b25ea,0,30,0.0,traceback_in_exit0,traceback_only_no_test_failure,Traceback (most recent call last),441
161,task_000020_3c0b25ea,0,31,0.0,traceback_in_exit0,traceback_only_no_test_failure,Traceback (most recent call last),441
161,task_003258_3b73d645,3,100,1.0,traceback_in_exit0,traceback_only_no_test_failure,Traceback (most recent call last),908
161,task_003258_3b73d645,3,123,0.0,traceback_in_exit0,traceback_only_no_test_failure,Traceback (most recent call last),312
161,task_002194_afd2f5bc,6,192,0.0,traceback_in_exit0,traceback_only_no_test_failure,Traceback (most recent call last),659
161,task_002194_afd2f5bc,6,193,0.0,traceback_in_exit0,traceback_only_no_test_failure,Traceback (most recent call last),867
161,task_002194_afd2f5bc,6,194,0.0,traceback_in_exit0,traceback_only_no_test_failure,Traceback (most recent call last),548
161,task_002194_afd2f5bc,6,195,0.0,traceback_in_exit0,traceback_only_no_test_failure,Traceback (most recent call last),1759
161,task_002194_afd2f5bc,6,196,0.0,traceback_in_exit0,traceback_only_no_test_failure,Traceback (most recent call last),2335
161,task_002194_afd2f5bc,6,197,0.0,traceback_in_exit0,traceback_only_no_test_failure,Traceback (most recent call last),665
161,task_002194_afd2f5bc,6,199,0.0,traceback_in_exit0,traceback_only_no_test_failure,Traceback (most recent call last),583
161,task_002194_afd2f5bc,6,200,0.0,traceback_in_exit0,traceback_only_no_test_failure,Traceback (most recent call last),1877
161,task_002194_afd2f5bc,6,201,0.0,traceback_in_exit0,traceback_only_no_test_failure,Traceback (most recent call last),424
161,task_002194_afd2f5bc,6,202,0.0,traceback_in_exit0,traceback_only_no_test_failure,Traceback (most recent call last),488
161,task_002194_afd2f5bc,6,207,0.0,traceback_in_exit0,traceback_only_no_test_failure,Traceback (most recent call last),222
161,task_002194_afd2f5bc,6,208,0.0,traceback_in_exit0,traceback_only_no_test_failure,Traceback (most recent call last),2807
161,task_002194_afd2f5bc,6,211,0.0,traceback_in_exit0,traceback_only_no_test_failure,Traceback (most recent call last),1210
161,task_002194_afd2f5bc,6,213,0.0,traceback_in_exit0,traceback_only_no_test_failure,Traceback (most recent call last),544
161,task_002194_afd2f5bc,6,216,0.0,traceback_in_exit0,traceback_only_no_test_failure,Traceback (most recent call last),521
161,task_002194_afd2f5bc,6,217,0.0,traceback_in_exit0,traceback_only_no_test_failure,Traceback (most recent call last),624
161,task_002194_afd2f5bc,6,218,0.0,traceback_in_exit0,traceback_only_no_test_failure,Traceback (most recent call last),863
161,task_002194_afd2f5bc,6,219,0.0,traceback_in_exit0,traceback_only_no_test_failure,Traceback (most recent call last),935
161,task_002194_afd2f5bc,6,220,0.0,traceback_in_exit0,traceback_only_no_test_failure,Traceback (most recent call last),379
161,task_002194_afd2f5bc,6,222,0.0,traceback_in_exit0,traceback_only_no_test_failure,Traceback (most recent call last),138
161,task_002194_afd2f5bc,6,223,0.0,traceback_in_exit0,traceback_only_no_test_failure,Traceback (most recent call last),1662
162,task_003986_c109689a,1,51,0.0,traceback_in_exit0,traceback_only_no_test_failure,Traceback (most recent call last),2320
162,task_001444_1af97149,2,72,0.0,traceback_in_exit0,traceback_only_no_test_failure,Traceback (most recent call last),150
162,task_001444_1af97149,2,75,1.0,traceback_in_exit0,traceback_only_no_test_failure,Traceback (most recent call last),274
162,task_001444_1af97149,2,76,0.0,traceback_in_exit0,traceback_only_no_test_failure,Traceback (most recent call last),167
162,task_001444_1af97149,2,93,0.0,traceback_in_exit0,traceback_only_no_test_failure,Traceback (most recent call last),140
162,task_006622_714b8dca,3,98,1.0,traceback_in_exit0,traceback_only_no_test_failure,Traceback (most recent call last),209
162,task_006622_714b8dca,3,106,0.0,traceback_in_exit0,traceback_only_no_test_failure,Traceback (most recent call last),301
162,task_006622_714b8dca,3,113,0.0,traceback_in_exit0,traceback_only_no_test_failure,Traceback (most recent call last),671
162,task_006622_714b8dca,3,118,0.0,traceback_in_exit0,traceback_only_no_test_failure,Traceback (most recent call last),312
163,task_001150_f5d9f9a4,2,66,0.0,traceback_in_exit0,traceback_only_no_test_failure,Traceback (most recent call last),152
163,task_001150_f5d9f9a4,2,68,0.0,traceback_in_exit0,traceback_only_no_test_failure,Traceback (most recent call last),322
163,task_001150_f5d9f9a4,2,69,0.0,traceback_in_exit0,traceback_only_no_test_failure,Traceback (most recent call last),1144
163,task_001150_f5d9f9a4,2,70,0.0,traceback_in_exit0,traceback_only_no_test_failure,Traceback (most recent call last),139
163,task_001150_f5d9f9a4,2,84,0.0,traceback_in_exit0,traceback_only_no_test_failure,Traceback (most recent call last),176
163,task_001150_f5d9f9a4,2,90,0.0,traceback_in_exit0,traceback_only_no_test_failure,Traceback (most recent call last),266
163,task_000163_8eef8c42,3,99,0.0,traceback_in_exit0,traceback_only_no_test_failure,Traceback (most recent call last),4700
163,task_000163_8eef8c42,3,113,1.0,traceback_in_exit0,traceback_only_no_test_failure,Traceback (most recent call last),707
163,task_000163_8eef8c42,3,120,1.0,traceback_in_exit0,traceback_only_no_test_failure,Traceback (most recent call last),358
163,task_000163_8eef8c42,3,121,0.0,traceback_in_exit0,traceback_only_no_test_failure,Traceback (most recent call last),536
163,task_000163_8eef8c42,3,123,0.0,traceback_in_exit0,traceback_only_no_test_failure,Traceback (most recent call last),360
163,task_005187_5f990b47,6,193,0.0,traceback_in_exit0,traceback_only_no_test_failure,Traceback (most recent call last),188
163,task_005187_5f990b47,6,195,1.0,traceback_in_exit0,traceback_only_no_test_failure,Traceback (most recent call last),282
163,task_005187_5f990b47,6,197,0.0,traceback_in_exit0,traceback_only_no_test_failure,Traceback (most recent call last),158
163,task_005187_5f990b47,6,198,1.0,traceback_in_exit0,traceback_only_no_test_failure,Traceback (most recent call last),296
163,task_005187_5f990b47,6,200,1.0,traceback_in_exit0,traceback_only_no_test_failure,Traceback (most recent call last),309
163,task_005187_5f990b47,6,202,1.0,traceback_in_exit0,traceback_only_no_test_failure,Traceback (most recent call last),248
163,task_005187_5f990b47,6,204,1.0,traceback_in_exit0,traceback_only_no_test_failure,Traceback (most recent call last),289
163,task_005187_5f990b47,6,205,0.0,traceback_in_exit0,traceback_only_no_test_failure,Traceback (most recent call last),381
163,task_005187_5f990b47,6,209,1.0,traceback_in_exit0,traceback_only_no_test_failure,Traceback (most recent call last),997
163,task_005187_5f990b47,6,210,1.0,traceback_in_exit0,traceback_only_no_test_failure,Traceback (most recent call last),314
163,task_005187_5f990b47,6,212,1.0,traceback_in_exit0,traceback_only_no_test_failure,Traceback (most recent call last),252
163,task_005187_5f990b47,6,213,1.0,traceback_in_exit0,traceback_only_no_test_failure,Traceback (most recent call last),634
163,task_005187_5f990b47,6,214,0.0,traceback_in_exit0,traceback_only_no_test_failure,Traceback (most recent call last),375
163,task_005187_5f990b47,6,215,0.0,traceback_in_exit0,traceback_only_no_test_failure,Traceback (most recent call last),371
163,task_005187_5f990b47,6,217,1.0,traceback_in_exit0,traceback_only_no_test_failure,Traceback (most recent call last),265
163,task_005187_5f990b47,6,219,1.0,traceback_in_exit0,traceback_only_no_test_failure,Traceback (most recent call last),293
163,task_005187_5f990b47,6,221,0.0,traceback_in_exit0,traceback_only_no_test_failure,Traceback (most recent call last),265
163,task_005187_5f990b47,6,223,1.0,traceback_in_exit0,traceback_only_no_test_failure,Traceback (most recent call last),247
163,task_003942_f9e86dc4,7,247,1.0,tests_failed_in_exit0,unexplained_exit0_with_test_failure,4 failed,587
164,task_002005_5ae5b95f,0,12,1.0,traceback_in_exit0,traceback_only_no_test_failure,Traceback (most recent call last),1310
164,task_002005_5ae5b95f,0,25,1.0,traceback_in_exit0,traceback_only_no_test_failure,Traceback (most recent call last),175
164,task_000155_afd26b7f,2,64,0.0,traceback_in_exit0,traceback_only_no_test_failure,Traceback (most recent call last),423
164,task_000155_afd26b7f,2,66,1.0,traceback_in_exit0,traceback_only_no_test_failure,Traceback (most recent call last),329
164,task_000155_afd26b7f,2,73,1.0,traceback_in_exit0,traceback_only_no_test_failure,Traceback (most recent call last),916
164,task_000155_afd26b7f,2,83,1.0,traceback_in_exit0,traceback_only_no_test_failure,Traceback (most recent call last),3183
164,task_000155_afd26b7f,2,87,0.0,tests_failed_in_exit0,unexplained_exit0_with_test_failure,6 failed,494
164,task_000155_afd26b7f,2,92,0.0,traceback_in_exit0,traceback_only_no_test_failure,Traceback (most recent call last),819
164,task_009663_a512793a,3,99,1.0,traceback_in_exit0,traceback_only_no_test_failure,Traceback (most recent call last),140
164,task_009663_a512793a,3,107,1.0,traceback_in_exit0,traceback_only_no_test_failure,Traceback (most recent call last),168
164,task_009663_a512793a,3,115,1.0,traceback_in_exit0,traceback_only_no_test_failure,Traceback (most recent call last),139
164,task_009663_a512793a,3,116,1.0,traceback_in_exit0,traceback_only_no_test_failure,Traceback (most recent call last),361
164,task_003246_36b6ba1b,6,198,1.0,traceback_in_exit0,traceback_only_no_test_failure,Traceback (most recent call last),146
164,task_003246_36b6ba1b,6,199,0.0,traceback_in_exit0,traceback_only_no_test_failure,Traceback (most recent call last),149
164,task_003246_36b6ba1b,6,201,0.0,traceback_in_exit0,traceback_only_no_test_failure,Traceback (most recent call last),183
164,task_003246_36b6ba1b,6,207,0.0,traceback_in_exit0,traceback_only_no_test_failure,Traceback (most recent call last),169
164,task_003246_36b6ba1b,6,210,1.0,traceback_in_exit0,traceback_only_no_test_failure,Traceback (most recent call last),1086
164,task_003246_36b6ba1b,6,216,1.0,traceback_in_exit0,traceback_only_no_test_failure,Traceback (most recent call last),223
164,task_003246_36b6ba1b,6,222,0.0,traceback_in_exit0,traceback_only_no_test_failure,Traceback (most recent call last),216
164,task_006539_5acd296a,7,225,0.0,traceback_in_exit0,traceback_only_no_test_failure,Traceback (most recent call last),1078
164,task_006539_5acd296a,7,226,0.0,traceback_in_exit0,traceback_only_no_test_failure,Traceback (most recent call last),929
164,task_006539_5acd296a,7,228,0.0,traceback_in_exit0,traceback_only_no_test_failure,Traceback (most recent call last),3680
164,task_006539_5acd296a,7,229,0.0,traceback_in_exit0,traceback_only_no_test_failure,Traceback (most recent call last),964
164,task_006539_5acd296a,7,230,0.0,traceback_in_exit0,traceback_only_no_test_failure,Traceback (most recent call last),908
164,task_006539_5acd296a,7,231,0.0,traceback_in_exit0,traceback_only_no_test_failure,Traceback (most recent call last),349
164,task_006539_5acd296a,7,233,0.0,traceback_in_exit0,traceback_only_no_test_failure,Traceback (most recent call last),406
164,task_006539_5acd296a,7,234,0.0,traceback_in_exit0,traceback_only_no_test_failure,Traceback (most recent call last),1743
164,task_006539_5acd296a,7,235,0.0,traceback_in_exit0,traceback_only_no_test_failure,Traceback (most recent call last),1104
164,task_006539_5acd296a,7,237,0.0,traceback_in_exit0,traceback_only_no_test_failure,Traceback (most recent call last),916
164,task_006539_5acd296a,7,241,0.0,traceback_in_exit0,traceback_only_no_test_failure,Traceback (most recent call last),925
164,task_006539_5acd296a,7,243,0.0,traceback_in_exit0,traceback_only_no_test_failure,Traceback (most recent call last),401
164,task_006539_5acd296a,7,244,0.0,traceback_in_exit0,traceback_only_no_test_failure,Traceback (most recent call last),921
164,task_006539_5acd296a,7,245,0.0,traceback_in_exit0,traceback_only_no_test_failure,Traceback (most recent call last),921
164,task_006539_5acd296a,7,249,0.0,traceback_in_exit0,traceback_only_no_test_failure,Traceback (most recent call last),581
164,task_006539_5acd296a,7,251,0.0,traceback_in_exit0,traceback_only_no_test_failure,Traceback (most recent call last),921
164,task_006539_5acd296a,7,252,0.0,traceback_in_exit0,traceback_only_no_test_failure,Traceback (most recent call last),1041
164,task_006539_5acd296a,7,253,0.0,traceback_in_exit0,traceback_only_no_test_failure,Traceback (most recent call last),924
164,task_006539_5acd296a,7,254,0.0,traceback_in_exit0,traceback_only_no_test_failure,Traceback (most recent call last),1114
165,task_000838_38901502,0,15,1.0,traceback_in_exit0,traceback_only_no_test_failure,Traceback (most recent call last),351
165,task_004750_32dbc6d7,1,35,1.0,traceback_in_exit0,traceback_only_no_test_failure,Traceback (most recent call last),442
165,task_004750_32dbc6d7,1,53,0.0,traceback_in_exit0,traceback_only_no_test_failure,Traceback (most recent call last),10542
165,task_002252_acc8622f,2,73,0.0,traceback_in_exit0,traceback_only_no_test_failure,Traceback (most recent call last),139
165,task_004774_6b304b59,3,112,1.0,traceback_in_exit0,traceback_only_no_test_failure,Traceback (most recent call last),202
165,task_004774_6b304b59,3,119,1.0,traceback_in_exit0,traceback_only_no_test_failure,Traceback (most recent call last),747
165,task_004774_6b304b59,3,121,1.0,traceback_in_exit0,traceback_only_no_test_failure,Traceback (most recent call last),331
165,task_004774_6b304b59,3,122,1.0,traceback_in_exit0,traceback_only_no_test_failure,Traceback (most recent call last),395
165,task_004774_6b304b59,3,127,1.0,traceback_in_exit0,traceback_only_no_test_failure,Traceback (most recent call last),273
165,task_009177_2918cf64,5,161,0.0,traceback_in_exit0,traceback_only_no_test_failure,Traceback (most recent call last),191
165,task_009177_2918cf64,5,163,0.0,traceback_in_exit0,traceback_only_no_test_failure,Traceback (most recent call last),191
165,task_009177_2918cf64,5,166,0.0,traceback_in_exit0,traceback_only_no_test_failure,Traceback (most recent call last),193
165,task_009177_2918cf64,5,170,0.0,traceback_in_exit0,traceback_only_no_test_failure,Traceback (most recent call last),165
165,task_003440_e249953f,6,222,1.0,traceback_in_exit0,traceback_only_no_test_failure,Traceback (most recent call last),399
165,task_000764_177f2810,7,230,1.0,traceback_in_exit0,traceback_only_no_test_failure,Traceback (most recent call last),814
165,task_000764_177f2810,7,232,0.0,traceback_in_exit0,traceback_only_no_test_failure,Traceback (most recent call last),107
166,task_002592_6646a5f6,2,68,0.0,tests_failed_in_exit0,unexplained_exit0_with_test_failure,10 failed,1221
166,task_002592_6646a5f6,2,70,0.0,traceback_in_exit0,traceback_only_no_test_failure,Traceback (most recent call last),237
166,task_002592_6646a5f6,2,75,0.0,traceback_in_exit0,traceback_only_no_test_failure,Traceback (most recent call last),526
166,task_002592_6646a5f6,2,89,1.0,traceback_in_exit0,traceback_only_no_test_failure,Traceback (most recent call last),137
166,task_002592_6646a5f6,2,90,0.0,traceback_in_exit0,traceback_only_no_test_failure,Traceback (most recent call last),446
166,task_002592_6646a5f6,2,92,0.0,traceback_in_exit0,traceback_only_no_test_failure,Traceback (most recent call last),240
166,task_001085_3182004a,3,101,0.0,traceback_in_exit0,traceback_only_no_test_failure,Traceback (most recent call last),207
166,task_001085_3182004a,3,103,1.0,traceback_in_exit0,traceback_only_no_test_failure,Traceback (most recent call last),396
166,task_001085_3182004a,3,105,0.0,traceback_in_exit0,traceback_only_no_test_failure,Traceback (most recent call last),453
166,task_001085_3182004a,3,108,0.0,traceback_in_exit0,traceback_only_no_test_failure,Traceback (most recent call last),349
166,task_001085_3182004a,3,111,1.0,traceback_in_exit0,traceback_only_no_test_failure,Traceback (most recent call last),186
166,task_001085_3182004a,3,114,0.0,traceback_in_exit0,traceback_only_no_test_failure,Traceback (most recent call last),164
166,task_001085_3182004a,3,116,1.0,traceback_in_exit0,traceback_only_no_test_failure,Traceback (most recent call last),1939
166,task_001085_3182004a,3,117,0.0,traceback_in_exit0,traceback_only_no_test_failure,Traceback (most recent call last),735
166,task_001085_3182004a,3,118,0.0,traceback_in_exit0,traceback_only_no_test_failure,Traceback (most recent call last),677
166,task_001085_3182004a,3,121,1.0,traceback_in_exit0,traceback_only_no_test_failure,Traceback (most recent call last),138
166,task_001085_3182004a,3,123,1.0,traceback_in_exit0,traceback_only_no_test_failure,Traceback (most recent call last),441
166,task_002076_9218eac0,5,160,0.0,traceback_in_exit0,traceback_only_no_test_failure,Traceback (most recent call last),428
166,task_002076_9218eac0,5,163,0.0,traceback_in_exit0,traceback_only_no_test_failure,Traceback (most recent call last),265
166,task_002076_9218eac0,5,168,1.0,traceback_in_exit0,traceback_only_no_test_failure,Traceback (most recent call last),535
166,task_002076_9218eac0,5,169,0.0,traceback_in_exit0,traceback_only_no_test_failure,Traceback (most recent call last),509
166,task_002076_9218eac0,5,171,1.0,traceback_in_exit0,traceback_only_no_test_failure,Traceback (most recent call last),270
166,task_002076_9218eac0,5,172,0.0,traceback_in_exit0,traceback_only_no_test_failure,Traceback (most recent call last),137
166,task_002076_9218eac0,5,175,0.0,traceback_in_exit0,traceback_only_no_test_failure,Traceback (most recent call last),539
166,task_002076_9218eac0,5,176,0.0,traceback_in_exit0,traceback_only_no_test_failure,Traceback (most recent call last),429
166,task_002076_9218eac0,5,179,1.0,traceback_in_exit0,traceback_only_no_test_failure,Traceback (most recent call last),173
166,task_002076_9218eac0,5,182,0.0,traceback_in_exit0,traceback_only_no_test_failure,Traceback (most recent call last),725
166,task_002076_9218eac0,5,183,0.0,traceback_in_exit0,traceback_only_no_test_failure,Traceback (most recent call last),552
166,task_002076_9218eac0,5,184,0.0,traceback_in_exit0,traceback_only_no_test_failure,Traceback (most recent call last),799
166,task_002076_9218eac0,5,185,0.0,traceback_in_exit0,traceback_only_no_test_failure,Traceback (most recent call last),388
166,task_002076_9218eac0,5,186,1.0,traceback_in_exit0,traceback_only_no_test_failure,Traceback (most recent call last),1370
166,task_002076_9218eac0,5,187,0.0,traceback_in_exit0,traceback_only_no_test_failure,Traceback (most recent call last),493
166,task_002076_9218eac0,5,188,0.0,traceback_in_exit0,traceback_only_no_test_failure,Traceback (most recent call last),1748
166,task_002076_9218eac0,5,189,1.0,traceback_in_exit0,traceback_only_no_test_failure,Traceback (most recent call last),652
166,task_002076_9218eac0,5,191,0.0,traceback_in_exit0,traceback_only_no_test_failure,Traceback (most recent call last),521
166,task_003094_8bd8e4ef,7,254,1.0,traceback_in_exit0,traceback_only_no_test_failure,Traceback (most recent call last),920
167,task_001031_8c0bbebe,2,67,0.0,traceback_in_exit0,traceback_only_no_test_failure,Traceback (most recent call last),591
167,task_001031_8c0bbebe,2,79,0.0,traceback_in_exit0,traceback_only_no_test_failure,Traceback (most recent call last),786
167,task_001671_9f3fbd2c,3,109,0.0,traceback_in_exit0,traceback_only_no_test_failure,Traceback (most recent call last),146
167,task_001671_9f3fbd2c,3,123,0.0,traceback_in_exit0,traceback_only_no_test_failure,Traceback (most recent call last),567
167,task_001671_9f3fbd2c,3,125,0.0,traceback_in_exit0,traceback_only_no_test_failure,Traceback (most recent call last),1607
167,task_003417_84201a39,6,197,0.0,traceback_in_exit0,traceback_only_no_test_failure,Traceback (most recent call last),800
167,task_003417_84201a39,6,203,1.0,traceback_in_exit0,traceback_only_no_test_failure,Traceback (most recent call last),963
167,task_003417_84201a39,6,208,1.0,traceback_in_exit0,traceback_only_no_test_failure,Traceback (most recent call last),873
167,task_003417_84201a39,6,209,0.0,traceback_in_exit0,traceback_only_no_test_failure,Traceback (most recent call last),824
167,task_003417_84201a39,6,210,1.0,traceback_in_exit0,traceback_only_no_test_failure,Traceback (most recent call last),1055
167,task_003417_84201a39,6,211,1.0,traceback_in_exit0,traceback_only_no_test_failure,Traceback (most recent call last),461
167,task_003417_84201a39,6,215,1.0,traceback_in_exit0,traceback_only_no_test_failure,Traceback (most recent call last),1136
167,task_003417_84201a39,6,218,1.0,traceback_in_exit0,traceback_only_no_test_failure,Traceback (most recent call last),594
167,task_003417_84201a39,6,221,1.0,traceback_in_exit0,traceback_only_no_test_failure,Traceback (most recent call last),1164
167,task_003417_84201a39,6,222,1.0,traceback_in_exit0,traceback_only_no_test_failure,Traceback (most recent call last),752
167,task_004601_ea547340,7,224,0.0,traceback_in_exit0,traceback_only_no_test_failure,Traceback (most recent call last),137
167,task_004601_ea547340,7,225,0.0,traceback_in_exit0,traceback_only_no_test_failure,Traceback (most recent call last),1071
167,task_004601_ea547340,7,226,0.0,traceback_in_exit0,traceback_only_no_test_failure,Traceback (most recent call last),435
167,task_004601_ea547340,7,227,1.0,traceback_in_exit0,traceback_only_no_test_failure,Traceback (most recent call last),434
167,task_004601_ea547340,7,228,0.0,traceback_in_exit0,traceback_only_no_test_failure,Traceback (most recent call last),522
167,task_004601_ea547340,7,229,0.0,traceback_in_exit0,traceback_only_no_test_failure,Traceback (most recent call last),530
167,task_004601_ea547340,7,230,0.0,traceback_in_exit0,traceback_only_no_test_failure,Traceback (most recent call last),410
167,task_004601_ea547340,7,231,0.0,traceback_in_exit0,traceback_only_no_test_failure,Traceback (most recent call last),1413
167,task_004601_ea547340,7,232,0.0,traceback_in_exit0,traceback_only_no_test_failure,Traceback (most recent call last),546
167,task_004601_ea547340,7,233,0.0,traceback_in_exit0,traceback_only_no_test_failure,Traceback (most recent call last),615
167,task_004601_ea547340,7,234,0.0,traceback_in_exit0,traceback_only_no_test_failure,Traceback (most recent call last),539
167,task_004601_ea547340,7,235,0.0,traceback_in_exit0,traceback_only_no_test_failure,Traceback (most recent call last),559
167,task_004601_ea547340,7,236,0.0,traceback_in_exit0,traceback_only_no_test_failure,Traceback (most recent call last),444
167,task_004601_ea547340,7,237,0.0,traceback_in_exit0,traceback_only_no_test_failure,Traceback (most recent call last),1417
167,task_004601_ea547340,7,238,0.0,traceback_in_exit0,traceback_only_no_test_failure,Traceback (most recent call last),1321
167,task_004601_ea547340,7,239,1.0,traceback_in_exit0,traceback_only_no_test_failure,Traceback (most recent call last),172
167,task_004601_ea547340,7,240,0.0,traceback_in_exit0,traceback_only_no_test_failure,Traceback (most recent call last),1623
167,task_004601_ea547340,7,241,0.0,traceback_in_exit0,traceback_only_no_test_failure,Traceback (most recent call last),955
167,task_004601_ea547340,7,242,0.0,traceback_in_exit0,traceback_only_no_test_failure,Traceback (most recent call last),741
167,task_004601_ea547340,7,244,0.0,traceback_in_exit0,traceback_only_no_test_failure,Traceback (most recent call last),1581
167,task_004601_ea547340,7,246,0.0,traceback_in_exit0,traceback_only_no_test_failure,Traceback (most recent call last),192
167,task_004601_ea547340,7,248,0.0,traceback_in_exit0,traceback_only_no_test_failure,Traceback (most recent call last),1696
167,task_004601_ea547340,7,249,0.0,traceback_in_exit0,traceback_only_no_test_failure,Traceback (most recent call last),139
167,task_004601_ea547340,7,250,0.0,traceback_in_exit0,traceback_only_no_test_failure,Traceback (most recent call last),1263
167,task_004601_ea547340,7,252,0.0,traceback_in_exit0,traceback_only_no_test_failure,Traceback (most recent call last),560
167,task_004601_ea547340,7,253,0.0,traceback_in_exit0,traceback_only_no_test_failure,Traceback (most recent call last),533
167,task_004601_ea547340,7,254,0.0,traceback_in_exit0,traceback_only_no_test_failure,Traceback (most recent call last),1381
167,task_004601_ea547340,7,255,0.0,traceback_in_exit0,traceback_only_no_test_failure,Traceback (most recent call last),541
168,task_002234_394af2c6,0,4,1.0,traceback_in_exit0,traceback_only_no_test_failure,Traceback (most recent call last),416
168,task_002234_394af2c6,0,11,0.0,traceback_in_exit0,traceback_only_no_test_failure,Traceback (most recent call last),274
168,task_002234_394af2c6,0,16,1.0,traceback_in_exit0,traceback_only_no_test_failure,Traceback (most recent call last),373
168,task_002234_394af2c6,0,20,1.0,traceback_in_exit0,traceback_only_no_test_failure,Traceback (most recent call last),481
168,task_002234_394af2c6,0,23,1.0,traceback_in_exit0,traceback_only_no_test_failure,Traceback (most recent call last),338
168,task_002234_394af2c6,0,24,1.0,traceback_in_exit0,traceback_only_no_test_failure,Traceback (most recent call last),308
168,task_002234_394af2c6,0,26,1.0,traceback_in_exit0,traceback_only_no_test_failure,Traceback (most recent call last),1336
168,task_002234_394af2c6,0,27,1.0,traceback_in_exit0,traceback_only_no_test_failure,Traceback (most recent call last),489
168,task_002455_ece411a2,4,149,1.0,traceback_in_exit0,traceback_only_no_test_failure,Traceback (most recent call last),946
168,task_002455_ece411a2,4,151,0.0,traceback_in_exit0,traceback_only_no_test_failure,Traceback (most recent call last),959
168,task_000610_9bceadae,6,206,1.0,traceback_in_exit0,traceback_only_no_test_failure,Traceback (most recent call last),399
169,task_003648_f653fdd2,1,32,0.0,traceback_in_exit0,traceback_only_no_test_failure,Traceback (most recent call last),493
169,task_003648_f653fdd2,1,35,1.0,traceback_in_exit0,traceback_only_no_test_failure,Traceback (most recent call last),489
169,task_003648_f653fdd2,1,44,1.0,traceback_in_exit0,traceback_only_no_test_failure,Traceback (most recent call last),646
169,task_003648_f653fdd2,1,48,1.0,traceback_in_exit0,traceback_only_no_test_failure,Traceback (most recent call last),461
169,task_003648_f653fdd2,1,56,1.0,traceback_in_exit0,traceback_only_no_test_failure,Traceback (most recent call last),138
169,task_000976_4994ceee,2,69,0.0,traceback_in_exit0,traceback_only_no_test_failure,Traceback (most recent call last),449
169,task_000976_4994ceee,2,77,1.0,traceback_in_exit0,traceback_only_no_test_failure,Traceback (most recent call last),1063
169,task_000976_4994ceee,2,80,0.0,traceback_in_exit0,traceback_only_no_test_failure,Traceback (most recent call last),899
169,task_000976_4994ceee,2,84,0.0,traceback_in_exit0,traceback_only_no_test_failure,Traceback (most recent call last),275
169,task_005780_a40f46f3,3,107,0.0,traceback_in_exit0,traceback_only_no_test_failure,Traceback (most recent call last),272
169,task_001742_6788502c,4,129,1.0,traceback_in_exit0,traceback_only_no_test_failure,Traceback (most recent call last),245
169,task_001742_6788502c,4,142,0.0,traceback_in_exit0,traceback_only_no_test_failure,Traceback (most recent call last),395
169,task_001742_6788502c,4,145,1.0,traceback_in_exit0,traceback_only_no_test_failure,Traceback (most recent call last),252
169,task_001742_6788502c,4,152,1.0,traceback_in_exit0,traceback_only_no_test_failure,Traceback (most recent call last),137
169,task_002108_b2c91d5b,5,160,0.0,traceback_in_exit0,traceback_only_no_test_failure,Traceback (most recent call last),401
169,task_002108_b2c91d5b,5,161,0.0,traceback_in_exit0,traceback_only_no_test_failure,Traceback (most recent call last),126
169,task_002108_b2c91d5b,5,162,0.0,traceback_in_exit0,traceback_only_no_test_failure,Traceback (most recent call last),136
169,task_002108_b2c91d5b,5,164,0.0,traceback_in_exit0,traceback_only_no_test_failure,Traceback (most recent call last),908
169,task_002108_b2c91d5b,5,165,0.0,traceback_in_exit0,traceback_only_no_test_failure,Traceback (most recent call last),927
169,task_002108_b2c91d5b,5,167,0.0,traceback_in_exit0,traceback_only_no_test_failure,Traceback (most recent call last),401
169,task_002108_b2c91d5b,5,169,0.0,traceback_in_exit0,traceback_only_no_test_failure,Traceback (most recent call last),532
169,task_002108_b2c91d5b,5,174,0.0,traceback_in_exit0,traceback_only_no_test_failure,Traceback (most recent call last),428
169,task_002108_b2c91d5b,5,175,0.0,traceback_in_exit0,traceback_only_no_test_failure,Traceback (most recent call last),620
169,task_002108_b2c91d5b,5,176,0.0,traceback_in_exit0,traceback_only_no_test_failure,Traceback (most recent call last),908
169,task_002108_b2c91d5b,5,178,0.0,traceback_in_exit0,traceback_only_no_test_failure,Traceback (most recent call last),263
169,task_002108_b2c91d5b,5,180,0.0,traceback_in_exit0,traceback_only_no_test_failure,Traceback (most recent call last),972
169,task_002108_b2c91d5b,5,181,1.0,traceback_in_exit0,traceback_only_no_test_failure,Traceback (most recent call last),391
169,task_002108_b2c91d5b,5,184,0.0,traceback_in_exit0,traceback_only_no_test_failure,Traceback (most recent call last),610
169,task_002108_b2c91d5b,5,185,0.0,traceback_in_exit0,traceback_only_no_test_failure,Traceback (most recent call last),1129
169,task_002108_b2c91d5b,5,186,0.0,traceback_in_exit0,traceback_only_no_test_failure,Traceback (most recent call last),925
169,task_002108_b2c91d5b,5,188,0.0,traceback_in_exit0,traceback_only_no_test_failure,Traceback (most recent call last),137
169,task_002108_b2c91d5b,5,189,1.0,traceback_in_exit0,traceback_only_no_test_failure,Traceback (most recent call last),246
169,task_002108_b2c91d5b,5,190,1.0,traceback_in_exit0,traceback_only_no_test_failure,Traceback (most recent call last),915
169,task_002927_18ad71e0,7,245,0.0,traceback_in_exit0,traceback_only_no_test_failure,Traceback (most recent call last),347
170,task_003209_01b1f658,0,23,1.0,traceback_in_exit0,traceback_only_no_test_failure,Traceback (most recent call last),213
170,task_002510_8f2fcf21,2,83,1.0,traceback_in_exit0,traceback_only_no_test_failure,Traceback (most recent call last),1223
170,task_002510_8f2fcf21,2,94,1.0,traceback_in_exit0,traceback_only_no_test_failure,Traceback (most recent call last),273
170,task_002510_8f2fcf21,2,95,1.0,traceback_in_exit0,traceback_only_no_test_failure,Traceback (most recent call last),880
170,task_001757_1b5ee130,3,96,1.0,traceback_in_exit0,traceback_only_no_test_failure,Traceback (most recent call last),564
170,task_001757_1b5ee130,3,97,0.0,traceback_in_exit0,traceback_only_no_test_failure,Traceback (most recent call last),273
170,task_001757_1b5ee130,3,98,0.0,traceback_in_exit0,traceback_only_no_test_failure,Traceback (most recent call last),431
170,task_001757_1b5ee130,3,99,0.0,traceback_in_exit0,traceback_only_no_test_failure,Traceback (most recent call last),284
170,task_001757_1b5ee130,3,101,0.0,traceback_in_exit0,traceback_only_no_test_failure,Traceback (most recent call last),1060
170,task_001757_1b5ee130,3,102,0.0,traceback_in_exit0,traceback_only_no_test_failure,Traceback (most recent call last),470
170,task_001757_1b5ee130,3,103,0.0,traceback_in_exit0,traceback_only_no_test_failure,Traceback (most recent call last),321
170,task_001757_1b5ee130,3,104,0.0,traceback_in_exit0,traceback_only_no_test_failure,Traceback (most recent call last),425
170,task_001757_1b5ee130,3,105,0.0,traceback_in_exit0,traceback_only_no_test_failure,Traceback (most recent call last),809
170,task_001757_1b5ee130,3,106,1.0,traceback_in_exit0,traceback_only_no_test_failure,Traceback (most recent call last),300
170,task_001757_1b5ee130,3,107,0.0,traceback_in_exit0,traceback_only_no_test_failure,Traceback (most recent call last),339
170,task_001757_1b5ee130,3,111,1.0,traceback_in_exit0,traceback_only_no_test_failure,Traceback (most recent call last),269
170,task_001757_1b5ee130,3,113,1.0,traceback_in_exit0,traceback_only_no_test_failure,Traceback (most recent call last),208
170,task_001757_1b5ee130,3,114,0.0,traceback_in_exit0,traceback_only_no_test_failure,Traceback (most recent call last),351
170,task_001757_1b5ee130,3,115,1.0,traceback_in_exit0,traceback_only_no_test_failure,Traceback (most recent call last),266
170,task_001757_1b5ee130,3,116,0.0,traceback_in_exit0,traceback_only_no_test_failure,Traceback (most recent call last),219
170,task_001757_1b5ee130,3,117,1.0,traceback_in_exit0,traceback_only_no_test_failure,Traceback (most recent call last),260
170,task_001757_1b5ee130,3,118,0.0,traceback_in_exit0,traceback_only_no_test_failure,Traceback (most recent call last),198
170,task_001757_1b5ee130,3,119,0.0,traceback_in_exit0,traceback_only_no_test_failure,Traceback (most recent call last),253
170,task_001757_1b5ee130,3,120,0.0,traceback_in_exit0,traceback_only_no_test_failure,Traceback (most recent call last),361
170,task_001757_1b5ee130,3,123,1.0,traceback_in_exit0,traceback_only_no_test_failure,Traceback (most recent call last),749
170,task_001757_1b5ee130,3,124,0.0,traceback_in_exit0,traceback_only_no_test_failure,Traceback (most recent call last),932
170,task_001757_1b5ee130,3,125,0.0,traceback_in_exit0,traceback_only_no_test_failure,Traceback (most recent call last),138
170,task_001757_1b5ee130,3,126,0.0,traceback_in_exit0,traceback_only_no_test_failure,Traceback (most recent call last),255
170,task_003356_50501d48,5,185,1.0,traceback_in_exit0,traceback_only_no_test_failure,Traceback (most recent call last),1123
170,task_007342_954c359c,6,192,1.0,traceback_in_exit0,traceback_only_no_test_failure,Traceback (most recent call last),6180
170,task_007342_954c359c,6,193,1.0,traceback_in_exit0,traceback_only_no_test_failure,Traceback (most recent call last),314
170,task_007342_954c359c,6,195,1.0,traceback_in_exit0,traceback_only_no_test_failure,Traceback (most recent call last),6154
170,task_007342_954c359c,6,196,1.0,traceback_in_exit0,traceback_only_no_test_failure,Traceback (most recent call last),2204
170,task_007342_954c359c,6,197,1.0,traceback_in_exit0,traceback_only_no_test_failure,Traceback (most recent call last),6185
170,task_007342_954c359c,6,198,1.0,traceback_in_exit0,traceback_only_no_test_failure,Traceback (most recent call last),2968
170,task_007342_954c359c,6,203,0.0,traceback_in_exit0,traceback_only_no_test_failure,Traceback (most recent call last),2204
170,task_007342_954c359c,6,204,1.0,traceback_in_exit0,traceback_only_no_test_failure,Traceback (most recent call last),306
170,task_007342_954c359c,6,208,1.0,traceback_in_exit0,traceback_only_no_test_failure,Traceback (most recent call last),9463
170,task_007342_954c359c,6,209,0.0,traceback_in_exit0,traceback_only_no_test_failure,Traceback (most recent call last),4942
170,task_007342_954c359c,6,210,1.0,traceback_in_exit0,traceback_only_no_test_failure,Traceback (most recent call last),6171
170,task_007342_954c359c,6,211,1.0,traceback_in_exit0,traceback_only_no_test_failure,Traceback (most recent call last),273
170,task_007342_954c359c,6,214,1.0,traceback_in_exit0,traceback_only_no_test_failure,Traceback (most recent call last),232
170,task_007342_954c359c,6,217,0.0,traceback_in_exit0,traceback_only_no_test_failure,Traceback (most recent call last),6179
170,task_007342_954c359c,6,218,1.0,traceback_in_exit0,traceback_only_no_test_failure,Traceback (most recent call last),140
170,task_007342_954c359c,6,221,0.0,traceback_in_exit0,traceback_only_no_test_failure,Traceback (most recent call last),6153
171,task_005076_1a02fecc,0,1,1.0,traceback_in_exit0,traceback_only_no_test_failure,Traceback (most recent call last),865
171,task_005076_1a02fecc,0,2,0.0,traceback_in_exit0,traceback_only_no_test_failure,Traceback (most recent call last),815
171,task_005076_1a02fecc,0,3,0.0,traceback_in_exit0,traceback_only_no_test_failure,Traceback (most recent call last),1105
171,task_005076_1a02fecc,0,4,0.0,traceback_in_exit0,traceback_only_no_test_failure,Traceback (most recent call last),371
171,task_005076_1a02fecc,0,5,0.0,traceback_in_exit0,traceback_only_no_test_failure,Traceback (most recent call last),475
171,task_005076_1a02fecc,0,7,0.0,traceback_in_exit0,traceback_only_no_test_failure,Traceback (most recent call last),944
171,task_005076_1a02fecc,0,8,0.0,traceback_in_exit0,traceback_only_no_test_failure,Traceback (most recent call last),817
171,task_005076_1a02fecc,0,9,0.0,traceback_in_exit0,traceback_only_no_test_failure,Traceback (most recent call last),1098
171,task_005076_1a02fecc,0,10,0.0,traceback_in_exit0,traceback_only_no_test_failure,Traceback (most recent call last),487
171,task_005076_1a02fecc,0,11,0.0,traceback_in_exit0,traceback_only_no_test_failure,Traceback (most recent call last),1668
171,task_005076_1a02fecc,0,12,0.0,traceback_in_exit0,traceback_only_no_test_failure,Traceback (most recent call last),974
171,task_005076_1a02fecc,0,13,0.0,traceback_in_exit0,traceback_only_no_test_failure,Traceback (most recent call last),1536
171,task_005076_1a02fecc,0,14,0.0,traceback_in_exit0,traceback_only_no_test_failure,Traceback (most recent call last),928
171,task_005076_1a02fecc,0,15,0.0,traceback_in_exit0,traceback_only_no_test_failure,Traceback (most recent call last),626
171,task_005076_1a02fecc,0,16,0.0,traceback_in_exit0,traceback_only_no_test_failure,Traceback (most recent call last),780
171,task_005076_1a02fecc,0,17,0.0,traceback_in_exit0,traceback_only_no_test_failure,Traceback (most recent call last),960
171,task_005076_1a02fecc,0,18,0.0,tests_failed_in_exit0,unexplained_exit0_with_test_failure,1 failed,1122
171,task_005076_1a02fecc,0,19,0.0,traceback_in_exit0,traceback_only_no_test_failure,Traceback (most recent call last),852
171,task_005076_1a02fecc,0,20,0.0,traceback_in_exit0,traceback_only_no_test_failure,Traceback (most recent call last),1277
171,task_005076_1a02fecc,0,21,0.0,traceback_in_exit0,traceback_only_no_test_failure,Traceback (most recent call last),972
171,task_005076_1a02fecc,0,22,0.0,traceback_in_exit0,traceback_only_no_test_failure,Traceback (most recent call last),1142
171,task_005076_1a02fecc,0,23,0.0,traceback_in_exit0,traceback_only_no_test_failure,Traceback (most recent call last),558
171,task_005076_1a02fecc,0,25,0.0,traceback_in_exit0,traceback_only_no_test_failure,Traceback (most recent call last),852
171,task_005076_1a02fecc,0,27,0.0,tests_failed_in_exit0,unexplained_exit0_with_test_failure,1 failed,1863
171,task_005076_1a02fecc,0,28,0.0,traceback_in_exit0,traceback_only_no_test_failure,Traceback (most recent call last),1011
171,task_005076_1a02fecc,0,29,0.0,traceback_in_exit0,traceback_only_no_test_failure,Traceback (most recent call last),961
171,task_005076_1a02fecc,0,30,0.0,traceback_in_exit0,traceback_only_no_test_failure,Traceback (most recent call last),521
171,task_005076_1a02fecc,0,31,0.0,traceback_in_exit0,traceback_only_no_test_failure,Traceback (most recent call last),988
171,task_001586_69c76bd6,1,35,1.0,tests_failed_in_exit0,unexplained_exit0_with_test_failure,50 failed,156
171,task_001586_69c76bd6,1,47,0.0,tests_failed_in_exit0,unexplained_exit0_with_test_failure,50 failed,110
171,task_001586_69c76bd6,1,51,0.0,tests_failed_in_exit0,unexplained_exit0_with_test_failure,30 failed,115
171,task_001586_69c76bd6,1,54,1.0,traceback_in_exit0,traceback_only_no_test_failure,Traceback (most recent call last),240
171,task_001586_69c76bd6,1,59,1.0,traceback_in_exit0,traceback_only_no_test_failure,Traceback (most recent call last),1262
171,task_005359_8d4e3d9e,2,67,0.0,traceback_in_exit0,traceback_only_no_test_failure,Traceback (most recent call last),582
171,task_005359_8d4e3d9e,2,68,0.0,traceback_in_exit0,traceback_only_no_test_failure,Traceback (most recent call last),158
171,task_005359_8d4e3d9e,2,71,0.0,traceback_in_exit0,traceback_only_no_test_failure,Traceback (most recent call last),661
171,task_005359_8d4e3d9e,2,79,0.0,traceback_in_exit0,traceback_only_no_test_failure,Traceback (most recent call last),151
171,task_005359_8d4e3d9e,2,80,0.0,traceback_in_exit0,traceback_only_no_test_failure,Traceback (most recent call last),317
171,task_005359_8d4e3d9e,2,82,0.0,traceback_in_exit0,traceback_only_no_test_failure,Traceback (most recent call last),252
171,task_005359_8d4e3d9e,2,87,0.0,traceback_in_exit0,traceback_only_no_test_failure,Traceback (most recent call last),151
171,task_005359_8d4e3d9e,2,89,0.0,traceback_in_exit0,traceback_only_no_test_failure,Traceback (most recent call last),160
171,task_005359_8d4e3d9e,2,90,1.0,traceback_in_exit0,traceback_only_no_test_failure,Traceback (most recent call last),349
171,task_005359_8d4e3d9e,2,94,0.0,traceback_in_exit0,traceback_only_no_test_failure,Traceback (most recent call last),278
171,task_005359_8d4e3d9e,2,95,0.0,traceback_in_exit0,traceback_only_no_test_failure,Traceback (most recent call last),475
171,task_006015_05e6723e,3,96,1.0,traceback_in_exit0,traceback_only_no_test_failure,Traceback (most recent call last),904
171,task_006015_05e6723e,3,97,1.0,traceback_in_exit0,traceback_only_no_test_failure,Traceback (most recent call last),1047
171,task_006015_05e6723e,3,98,1.0,traceback_in_exit0,traceback_only_no_test_failure,Traceback (most recent call last),438
171,task_006015_05e6723e,3,99,1.0,traceback_in_exit0,traceback_only_no_test_failure,Traceback (most recent call last),479
171,task_006015_05e6723e,3,100,1.0,traceback_in_exit0,traceback_only_no_test_failure,Traceback (most recent call last),323
171,task_006015_05e6723e,3,101,1.0,traceback_in_exit0,traceback_only_no_test_failure,Traceback (most recent call last),509
171,task_006015_05e6723e,3,102,1.0,traceback_in_exit0,traceback_only_no_test_failure,Traceback (most recent call last),400
171,task_006015_05e6723e,3,104,1.0,traceback_in_exit0,traceback_only_no_test_failure,Traceback (most recent call last),920
171,task_006015_05e6723e,3,105,1.0,traceback_in_exit0,traceback_only_no_test_failure,Traceback (most recent call last),496
171,task_006015_05e6723e,3,106,1.0,traceback_in_exit0,traceback_only_no_test_failure,Traceback (most recent call last),323
171,task_006015_05e6723e,3,107,1.0,traceback_in_exit0,traceback_only_no_test_failure,Traceback (most recent call last),1112
171,task_006015_05e6723e,3,108,1.0,traceback_in_exit0,traceback_only_no_test_failure,Traceback (most recent call last),640
171,task_006015_05e6723e,3,109,1.0,traceback_in_exit0,traceback_only_no_test_failure,Traceback (most recent call last),920
171,task_006015_05e6723e,3,110,1.0,traceback_in_exit0,traceback_only_no_test_failure,Traceback (most recent call last),400
171,task_006015_05e6723e,3,111,1.0,traceback_in_exit0,traceback_only_no_test_failure,Traceback (most recent call last),468
171,task_006015_05e6723e,3,112,1.0,traceback_in_exit0,traceback_only_no_test_failure,Traceback (most recent call last),415
171,task_006015_05e6723e,3,115,1.0,traceback_in_exit0,traceback_only_no_test_failure,Traceback (most recent call last),323
171,task_006015_05e6723e,3,116,1.0,traceback_in_exit0,traceback_only_no_test_failure,Traceback (most recent call last),392
171,task_006015_05e6723e,3,117,1.0,traceback_in_exit0,traceback_only_no_test_failure,Traceback (most recent call last),574
171,task_006015_05e6723e,3,118,1.0,traceback_in_exit0,traceback_only_no_test_failure,Traceback (most recent call last),507
171,task_006015_05e6723e,3,119,1.0,traceback_in_exit0,traceback_only_no_test_failure,Traceback (most recent call last),438
171,task_006015_05e6723e,3,121,1.0,traceback_in_exit0,traceback_only_no_test_failure,Traceback (most recent call last),1450
171,task_006015_05e6723e,3,123,0.0,traceback_in_exit0,traceback_only_no_test_failure,Traceback (most recent call last),323
171,task_006015_05e6723e,3,124,1.0,traceback_in_exit0,traceback_only_no_test_failure,Traceback (most recent call last),323
171,task_006015_05e6723e,3,126,1.0,traceback_in_exit0,traceback_only_no_test_failure,Traceback (most recent call last),335
171,task_006015_05e6723e,3,127,1.0,traceback_in_exit0,traceback_only_no_test_failure,Traceback (most recent call last),1097
171,task_007848_8bffdef1,6,195,0.0,traceback_in_exit0,traceback_only_no_test_failure,Traceback (most recent call last),573
171,task_007848_8bffdef1,6,198,1.0,traceback_in_exit0,traceback_only_no_test_failure,Traceback (most recent call last),259
171,task_007848_8bffdef1,6,199,1.0,traceback_in_exit0,traceback_only_no_test_failure,Traceback (most recent call last),226
171,task_007848_8bffdef1,6,211,1.0,traceback_in_exit0,traceback_only_no_test_failure,Traceback (most recent call last),996
171,task_007848_8bffdef1,6,213,0.0,traceback_in_exit0,traceback_only_no_test_failure,Traceback (most recent call last),147
171,task_007848_8bffdef1,6,216,1.0,traceback_in_exit0,traceback_only_no_test_failure,Traceback (most recent call last),235
171,task_007848_8bffdef1,6,218,1.0,traceback_in_exit0,traceback_only_no_test_failure,Traceback (most recent call last),124
171,task_007848_8bffdef1,6,223,0.0,traceback_in_exit0,traceback_only_no_test_failure,Traceback (most recent call last),138
172,task_008299_2d23fb11,5,162,0.0,traceback_in_exit0,traceback_only_no_test_failure,Traceback (most recent call last),920
172,task_008299_2d23fb11,5,163,0.0,traceback_in_exit0,traceback_only_no_test_failure,Traceback (most recent call last),938
172,task_008299_2d23fb11,5,165,0.0,traceback_in_exit0,traceback_only_no_test_failure,Traceback (most recent call last),920
172,task_008299_2d23fb11,5,169,0.0,traceback_in_exit0,traceback_only_no_test_failure,Traceback (most recent call last),925
172,task_008299_2d23fb11,5,170,0.0,traceback_in_exit0,traceback_only_no_test_failure,Traceback (most recent call last),324
172,task_008299_2d23fb11,5,171,1.0,traceback_in_exit0,traceback_only_no_test_failure,Traceback (most recent call last),925
172,task_008299_2d23fb11,5,174,1.0,traceback_in_exit0,traceback_only_no_test_failure,Traceback (most recent call last),920
172,task_008299_2d23fb11,5,175,0.0,traceback_in_exit0,traceback_only_no_test_failure,Traceback (most recent call last),436
172,task_008299_2d23fb11,5,178,1.0,traceback_in_exit0,traceback_only_no_test_failure,Traceback (most recent call last),962
172,task_008299_2d23fb11,5,182,0.0,traceback_in_exit0,traceback_only_no_test_failure,Traceback (most recent call last),920
172,task_008299_2d23fb11,5,183,0.0,traceback_in_exit0,traceback_only_no_test_failure,Traceback (most recent call last),357
172,task_008299_2d23fb11,5,184,0.0,traceback_in_exit0,traceback_only_no_test_failure,Traceback (most recent call last),339
172,task_008299_2d23fb11,5,186,0.0,traceback_in_exit0,traceback_only_no_test_failure,Traceback (most recent call last),933
172,task_008299_2d23fb11,5,187,0.0,traceback_in_exit0,traceback_only_no_test_failure,Traceback (most recent call last),369
172,task_008299_2d23fb11,5,188,0.0,traceback_in_exit0,traceback_only_no_test_failure,Traceback (most recent call last),357
172,task_008299_2d23fb11,5,189,0.0,traceback_in_exit0,traceback_only_no_test_failure,Traceback (most recent call last),904
172,task_008299_2d23fb11,5,190,0.0,traceback_in_exit0,traceback_only_no_test_failure,Traceback (most recent call last),904
172,task_008299_2d23fb11,5,191,0.0,traceback_in_exit0,traceback_only_no_test_failure,Traceback (most recent call last),938
172,task_004672_efce8fd4,6,194,0.0,traceback_in_exit0,traceback_only_no_test_failure,Traceback (most recent call last),165
172,task_004672_efce8fd4,6,198,0.0,traceback_in_exit0,traceback_only_no_test_failure,Traceback (most recent call last),247
172,task_004672_efce8fd4,6,202,0.0,tests_failed_in_exit0,unexplained_exit0_with_test_failure,Test 3 failed,133
172,task_004672_efce8fd4,6,208,0.0,traceback_in_exit0,traceback_only_no_test_failure,Traceback (most recent call last),157
172,task_004672_efce8fd4,6,216,0.0,traceback_in_exit0,traceback_only_no_test_failure,Traceback (most recent call last),244
173,task_000640_14732821,3,102,1.0,traceback_in_exit0,traceback_only_no_test_failure,Traceback (most recent call last),148
173,task_000640_14732821,3,110,1.0,traceback_in_exit0,traceback_only_no_test_failure,Traceback (most recent call last),314
173,task_000640_14732821,3,116,0.0,traceback_in_exit0,traceback_only_no_test_failure,Traceback (most recent call last),201
173,task_000640_14732821,3,118,0.0,traceback_in_exit0,traceback_only_no_test_failure,Traceback (most recent call last),255
173,task_000640_14732821,3,122,1.0,traceback_in_exit0,traceback_only_no_test_failure,Traceback (most recent call last),417
173,task_000640_14732821,3,127,0.0,traceback_in_exit0,traceback_only_no_test_failure,Traceback (most recent call last),398
173,task_005311_b55091df,5,183,0.0,traceback_in_exit0,traceback_only_no_test_failure,Traceback (most recent call last),1230
173,task_005311_b55091df,5,190,0.0,traceback_in_exit0,traceback_only_no_test_failure,Traceback (most recent call last),334
173,task_003391_f8b99429,7,227,1.0,traceback_in_exit0,traceback_only_no_test_failure,Traceback (most recent call last),722
173,task_003391_f8b99429,7,230,1.0,traceback_in_exit0,traceback_only_no_test_failure,Traceback (most recent call last),1706
173,task_003391_f8b99429,7,247,1.0,traceback_in_exit0,traceback_only_no_test_failure,Traceback (most recent call last),414
173,task_003391_f8b99429,7,253,1.0,traceback_in_exit0,traceback_only_no_test_failure,Traceback (most recent call last),158
174,task_007206_2ea22c7f,0,0,1.0,traceback_in_exit0,traceback_only_no_test_failure,Traceback (most recent call last),195
174,task_007206_2ea22c7f,0,3,0.0,traceback_in_exit0,traceback_only_no_test_failure,Traceback (most recent call last),256
174,task_007206_2ea22c7f,0,5,1.0,traceback_in_exit0,traceback_only_no_test_failure,Traceback (most recent call last),225
174,task_007206_2ea22c7f,0,7,0.0,traceback_in_exit0,traceback_only_no_test_failure,Traceback (most recent call last),157
174,task_007206_2ea22c7f,0,14,0.0,traceback_in_exit0,traceback_only_no_test_failure,Traceback (most recent call last),263
174,task_007206_2ea22c7f,0,15,0.0,traceback_in_exit0,traceback_only_no_test_failure,Traceback (most recent call last),263
174,task_007206_2ea22c7f,0,16,1.0,traceback_in_exit0,traceback_only_no_test_failure,Traceback (most recent call last),416
174,task_007206_2ea22c7f,0,20,0.0,traceback_in_exit0,traceback_only_no_test_failure,Traceback (most recent call last),254
174,task_007206_2ea22c7f,0,21,0.0,traceback_in_exit0,traceback_only_no_test_failure,Traceback (most recent call last),288
174,task_007206_2ea22c7f,0,22,0.0,traceback_in_exit0,traceback_only_no_test_failure,Traceback (most recent call last),402
174,task_007206_2ea22c7f,0,23,0.0,traceback_in_exit0,traceback_only_no_test_failure,Traceback (most recent call last),201
174,task_007206_2ea22c7f,0,26,0.0,traceback_in_exit0,traceback_only_no_test_failure,Traceback (most recent call last),327
174,task_007206_2ea22c7f,0,27,0.0,traceback_in_exit0,traceback_only_no_test_failure,Traceback (most recent call last),171
174,task_007206_2ea22c7f,0,29,0.0,traceback_in_exit0,traceback_only_no_test_failure,Traceback (most recent call last),276
174,task_007206_2ea22c7f,0,30,1.0,traceback_in_exit0,traceback_only_no_test_failure,Traceback (most recent call last),251
174,task_001086_9b03aaeb,3,113,1.0,traceback_in_exit0,traceback_only_no_test_failure,Traceback (most recent call last),132
174,task_007109_9ec5b57d,5,181,1.0,traceback_in_exit0,traceback_only_no_test_failure,Traceback (most recent call last),551
174,task_005055_f99ac50a,6,202,0.0,traceback_in_exit0,traceback_only_no_test_failure,Traceback (most recent call last),119
175,task_000384_bb093a2a,3,126,1.0,traceback_in_exit0,traceback_only_no_test_failure,Traceback (most recent call last),1837
175,task_001887_e93c3349,5,182,1.0,tests_failed_in_exit0,unexplained_exit0_with_test_failure,3 failed,225
175,task_000936_1a2d9134,7,225,0.0,traceback_in_exit0,traceback_only_no_test_failure,Traceback (most recent call last),179
175,task_000936_1a2d9134,7,226,0.0,traceback_in_exit0,traceback_only_no_test_failure,Traceback (most recent call last),252
175,task_000936_1a2d9134,7,237,1.0,traceback_in_exit0,traceback_only_no_test_failure,Traceback (most recent call last),208
175,task_000936_1a2d9134,7,249,1.0,traceback_in_exit0,traceback_only_no_test_failure,Traceback (most recent call last),119
176,task_003230_44a8edf5,0,3,1.0,traceback_in_exit0,traceback_only_no_test_failure,Traceback (most recent call last),146
176,task_003230_44a8edf5,0,7,1.0,traceback_in_exit0,traceback_only_no_test_failure,Traceback (most recent call last),113
176,task_003230_44a8edf5,0,23,1.0,traceback_in_exit0,traceback_only_no_test_failure,Traceback (most recent call last),164
176,task_000416_754609f9,2,67,0.0,traceback_in_exit0,traceback_only_no_test_failure,Traceback (most recent call last),767
176,task_008964_aa4bf210,4,137,1.0,traceback_in_exit0,traceback_only_no_test_failure,Traceback (most recent call last),435
176,task_008964_aa4bf210,4,141,1.0,traceback_in_exit0,traceback_only_no_test_failure,Traceback (most recent call last),323
176,task_008964_aa4bf210,4,149,0.0,traceback_in_exit0,traceback_only_no_test_failure,Traceback (most recent call last),473
176,task_008964_aa4bf210,4,153,1.0,traceback_in_exit0,traceback_only_no_test_failure,Traceback (most recent call last),354
176,task_008964_aa4bf210,4,155,1.0,traceback_in_exit0,traceback_only_no_test_failure,Traceback (most recent call last),506
176,task_003801_4eedb61f,5,163,0.0,traceback_in_exit0,traceback_only_no_test_failure,Traceback (most recent call last),392
176,task_003801_4eedb61f,5,180,0.0,traceback_in_exit0,traceback_only_no_test_failure,Traceback (most recent call last),634
176,task_003801_4eedb61f,5,186,1.0,traceback_in_exit0,traceback_only_no_test_failure,Traceback (most recent call last),359
176,task_003801_4eedb61f,5,190,0.0,traceback_in_exit0,traceback_only_no_test_failure,Traceback (most recent call last),340
176,task_000165_1e5b785c,6,193,1.0,traceback_in_exit0,traceback_only_no_test_failure,Traceback (most recent call last),904
176,task_000165_1e5b785c,6,194,1.0,traceback_in_exit0,traceback_only_no_test_failure,Traceback (most recent call last),914
176,task_000165_1e5b785c,6,195,1.0,traceback_in_exit0,traceback_only_no_test_failure,Traceback (most recent call last),960
176,task_000165_1e5b785c,6,196,1.0,traceback_in_exit0,traceback_only_no_test_failure,Traceback (most recent call last),1417
176,task_000165_1e5b785c,6,197,0.0,traceback_in_exit0,traceback_only_no_test_failure,Traceback (most recent call last),959
176,task_000165_1e5b785c,6,198,1.0,traceback_in_exit0,traceback_only_no_test_failure,Traceback (most recent call last),926
176,task_000165_1e5b785c,6,199,1.0,traceback_in_exit0,traceback_only_no_test_failure,Traceback (most recent call last),464
176,task_000165_1e5b785c,6,200,1.0,traceback_in_exit0,traceback_only_no_test_failure,Traceback (most recent call last),562
176,task_000165_1e5b785c,6,201,1.0,traceback_in_exit0,traceback_only_no_test_failure,Traceback (most recent call last),932
176,task_000165_1e5b785c,6,202,0.0,traceback_in_exit0,traceback_only_no_test_failure,Traceback (most recent call last),775
176,task_000165_1e5b785c,6,205,1.0,traceback_in_exit0,traceback_only_no_test_failure,Traceback (most recent call last),429
176,task_000165_1e5b785c,6,206,1.0,traceback_in_exit0,traceback_only_no_test_failure,Traceback (most recent call last),1033
176,task_000165_1e5b785c,6,207,1.0,traceback_in_exit0,traceback_only_no_test_failure,Traceback (most recent call last),2025
176,task_000165_1e5b785c,6,208,1.0,traceback_in_exit0,traceback_only_no_test_failure,Traceback (most recent call last),1906
176,task_000165_1e5b785c,6,210,0.0,traceback_in_exit0,traceback_only_no_test_failure,Traceback (most recent call last),494
176,task_000165_1e5b785c,6,212,1.0,traceback_in_exit0,traceback_only_no_test_failure,Traceback (most recent call last),904
176,task_000165_1e5b785c,6,213,1.0,traceback_in_exit0,traceback_only_no_test_failure,Traceback (most recent call last),512
176,task_000165_1e5b785c,6,214,1.0,traceback_in_exit0,traceback_only_no_test_failure,Traceback (most recent call last),147
176,task_000165_1e5b785c,6,215,1.0,traceback_in_exit0,traceback_only_no_test_failure,Traceback (most recent call last),1244
176,task_000165_1e5b785c,6,216,0.0,traceback_in_exit0,traceback_only_no_test_failure,Traceback (most recent call last),1290
176,task_000165_1e5b785c,6,218,1.0,traceback_in_exit0,traceback_only_no_test_failure,Traceback (most recent call last),364
176,task_000165_1e5b785c,6,223,1.0,traceback_in_exit0,traceback_only_no_test_failure,Traceback (most recent call last),1419
177,task_002397_6d2eb560,5,161,1.0,traceback_in_exit0,traceback_only_no_test_failure,Traceback (most recent call last),154
177,task_002397_6d2eb560,5,166,1.0,traceback_in_exit0,traceback_only_no_test_failure,Traceback (most recent call last),357
177,task_002397_6d2eb560,5,168,1.0,traceback_in_exit0,traceback_only_no_test_failure,Traceback (most recent call last),198
177,task_002397_6d2eb560,5,174,1.0,traceback_in_exit0,traceback_only_no_test_failure,Traceback (most recent call last),272
177,task_002397_6d2eb560,5,175,0.0,traceback_in_exit0,traceback_only_no_test_failure,Traceback (most recent call last),137
177,task_002397_6d2eb560,5,177,1.0,traceback_in_exit0,traceback_only_no_test_failure,Traceback (most recent call last),129
177,task_002397_6d2eb560,5,178,1.0,traceback_in_exit0,traceback_only_no_test_failure,Traceback (most recent call last),137
177,task_002397_6d2eb560,5,182,1.0,traceback_in_exit0,traceback_only_no_test_failure,Traceback (most recent call last),137
177,task_002397_6d2eb560,5,183,1.0,traceback_in_exit0,traceback_only_no_test_failure,Traceback (most recent call last),272
177,task_002397_6d2eb560,5,188,1.0,traceback_in_exit0,traceback_only_no_test_failure,Traceback (most recent call last),144
177,task_002397_6d2eb560,5,190,0.0,traceback_in_exit0,traceback_only_no_test_failure,Traceback (most recent call last),154
177,task_002819_74e6e3b7,7,225,0.0,traceback_in_exit0,traceback_only_no_test_failure,Traceback (most recent call last),254
177,task_002819_74e6e3b7,7,227,0.0,traceback_in_exit0,traceback_only_no_test_failure,Traceback (most recent call last),902
177,task_002819_74e6e3b7,7,229,0.0,traceback_in_exit0,traceback_only_no_test_failure,Traceback (most recent call last),420
177,task_002819_74e6e3b7,7,231,0.0,traceback_in_exit0,traceback_only_no_test_failure,Traceback (most recent call last),320
177,task_002819_74e6e3b7,7,232,0.0,traceback_in_exit0,traceback_only_no_test_failure,Traceback (most recent call last),727
177,task_002819_74e6e3b7,7,235,0.0,traceback_in_exit0,traceback_only_no_test_failure,Traceback (most recent call last),489
177,task_002819_74e6e3b7,7,238,1.0,traceback_in_exit0,traceback_only_no_test_failure,Traceback (most recent call last),557
177,task_002819_74e6e3b7,7,240,0.0,traceback_in_exit0,traceback_only_no_test_failure,Traceback (most recent call last),395
177,task_002819_74e6e3b7,7,241,0.0,traceback_in_exit0,traceback_only_no_test_failure,Traceback (most recent call last),136
177,task_002819_74e6e3b7,7,242,0.0,traceback_in_exit0,traceback_only_no_test_failure,Traceback (most recent call last),327
177,task_002819_74e6e3b7,7,244,0.0,traceback_in_exit0,traceback_only_no_test_failure,Traceback (most recent call last),254
177,task_002819_74e6e3b7,7,247,0.0,traceback_in_exit0,traceback_only_no_test_failure,Traceback (most recent call last),447
177,task_002819_74e6e3b7,7,249,0.0,traceback_in_exit0,traceback_only_no_test_failure,Traceback (most recent call last),324
177,task_002819_74e6e3b7,7,250,0.0,traceback_in_exit0,traceback_only_no_test_failure,Traceback (most recent call last),388
177,task_002819_74e6e3b7,7,255,0.0,traceback_in_exit0,traceback_only_no_test_failure,Traceback (most recent call last),356
178,task_001323_44552b34,0,18,1.0,traceback_in_exit0,traceback_only_no_test_failure,Traceback (most recent call last),852
178,task_003829_8dcdc478,1,47,1.0,traceback_in_exit0,traceback_only_no_test_failure,Traceback (most recent call last),146
178,task_003829_8dcdc478,1,49,1.0,traceback_in_exit0,traceback_only_no_test_failure,Traceback (most recent call last),155
178,task_003829_8dcdc478,1,52,1.0,traceback_in_exit0,traceback_only_no_test_failure,Traceback (most recent call last),363
178,task_003829_8dcdc478,1,63,1.0,traceback_in_exit0,traceback_only_no_test_failure,Traceback (most recent call last),143
178,task_002818_c007c511,5,170,0.0,traceback_in_exit0,traceback_only_no_test_failure,Traceback (most recent call last),553
178,task_002818_c007c511,5,178,0.0,traceback_in_exit0,traceback_only_no_test_failure,Traceback (most recent call last),172
178,task_002818_c007c511,5,183,0.0,traceback_in_exit0,traceback_only_no_test_failure,Traceback (most recent call last),194
178,task_002818_c007c511,5,185,0.0,traceback_in_exit0,traceback_only_no_test_failure,Traceback (most recent call last),194
178,task_002818_c007c511,5,187,0.0,traceback_in_exit0,traceback_only_no_test_failure,Traceback (most recent call last),238
178,task_002818_c007c511,5,189,0.0,traceback_in_exit0,traceback_only_no_test_failure,Traceback (most recent call last),267
179,task_000830_4a4c601e,1,34,0.0,traceback_in_exit0,traceback_only_no_test_failure,Traceback (most recent call last),567
179,task_000830_4a4c601e,1,35,0.0,traceback_in_exit0,traceback_only_no_test_failure,Traceback (most recent call last),427
179,task_000830_4a4c601e,1,36,1.0,traceback_in_exit0,traceback_only_no_test_failure,Traceback (most recent call last),394
179,task_000830_4a4c601e,1,40,1.0,traceback_in_exit0,traceback_only_no_test_failure,Traceback (most recent call last),3692
179,task_000830_4a4c601e,1,58,0.0,traceback_in_exit0,traceback_only_no_test_failure,Traceback (most recent call last),335
179,task_006307_024483c7,3,96,1.0,traceback_in_exit0,traceback_only_no_test_failure,Traceback (most recent call last),613
179,task_006307_024483c7,3,100,1.0,traceback_in_exit0,traceback_only_no_test_failure,Traceback (most recent call last),177
179,task_006307_024483c7,3,101,1.0,traceback_in_exit0,traceback_only_no_test_failure,Traceback (most recent call last),769
179,task_006307_024483c7,3,105,1.0,traceback_in_exit0,traceback_only_no_test_failure,Traceback (most recent call last),120
179,task_006307_024483c7,3,107,1.0,traceback_in_exit0,traceback_only_no_test_failure,Traceback (most recent call last),776
179,task_006307_024483c7,3,109,1.0,traceback_in_exit0,traceback_only_no_test_failure,Traceback (most recent call last),579
179,task_006307_024483c7,3,110,1.0,traceback_in_exit0,traceback_only_no_test_failure,Traceback (most recent call last),529
179,task_006307_024483c7,3,114,1.0,traceback_in_exit0,traceback_only_no_test_failure,Traceback (most recent call last),199
179,task_006307_024483c7,3,116,1.0,traceback_in_exit0,traceback_only_no_test_failure,Traceback (most recent call last),409
179,task_006307_024483c7,3,117,0.0,traceback_in_exit0,traceback_only_no_test_failure,Traceback (most recent call last),414
179,task_006307_024483c7,3,118,0.0,traceback_in_exit0,traceback_only_no_test_failure,Traceback (most recent call last),413
179,task_006307_024483c7,3,119,0.0,traceback_in_exit0,traceback_only_no_test_failure,Traceback (most recent call last),506
179,task_006307_024483c7,3,120,0.0,traceback_in_exit0,traceback_only_no_test_failure,Traceback (most recent call last),800
179,task_006307_024483c7,3,122,0.0,traceback_in_exit0,traceback_only_no_test_failure,Traceback (most recent call last),430
179,task_006307_024483c7,3,127,0.0,traceback_in_exit0,traceback_only_no_test_failure,Traceback (most recent call last),1081
179,task_003968_13d74d72,4,128,1.0,traceback_in_exit0,traceback_only_no_test_failure,Traceback (most recent call last),1603
179,task_003968_13d74d72,4,129,1.0,traceback_in_exit0,traceback_only_no_test_failure,Traceback (most recent call last),3951
179,task_003968_13d74d72,4,152,1.0,traceback_in_exit0,traceback_only_no_test_failure,Traceback (most recent call last),260
179,task_003968_13d74d72,4,155,1.0,traceback_in_exit0,traceback_only_no_test_failure,Traceback (most recent call last),798
179,task_000072_f458d4b3,6,197,1.0,traceback_in_exit0,traceback_only_no_test_failure,Traceback (most recent call last),158
179,task_000072_f458d4b3,6,223,1.0,traceback_in_exit0,traceback_only_no_test_failure,Traceback (most recent call last),162
179,task_005951_1619f0a6,7,227,0.0,traceback_in_exit0,traceback_only_no_test_failure,Traceback (most recent call last),747
179,task_005951_1619f0a6,7,230,1.0,traceback_in_exit0,traceback_only_no_test_failure,Traceback (most recent call last),267
180,task_001455_f002f096,1,47,0.0,traceback_in_exit0,traceback_only_no_test_failure,Traceback (most recent call last),317
180,task_001455_f002f096,1,49,0.0,traceback_in_exit0,traceback_only_no_test_failure,Traceback (most recent call last),1045
180,task_001455_f002f096,1,56,0.0,traceback_in_exit0,traceback_only_no_test_failure,Traceback (most recent call last),774
180,task_001455_f002f096,1,62,1.0,traceback_in_exit0,traceback_only_no_test_failure,Traceback (most recent call last),326
180,task_002359_f8f58ea5,5,163,0.0,traceback_in_exit0,traceback_only_no_test_failure,Traceback (most recent call last),166
180,task_002359_f8f58ea5,5,190,1.0,traceback_in_exit0,traceback_only_no_test_failure,Traceback (most recent call last),247
180,task_007526_09d63db1,7,234,0.0,tests_failed_in_exit0,unexplained_exit0_with_test_failure,1 failed,895
181,task_002090_346d026c,0,9,0.0,traceback_in_exit0,traceback_only_no_test_failure,Traceback (most recent call last),184
181,task_002090_346d026c,0,20,0.0,traceback_in_exit0,traceback_only_no_test_failure,Traceback (most recent call last),205
181,task_003905_b4bada38,3,108,0.0,traceback_in_exit0,traceback_only_no_test_failure,Traceback (most recent call last),170
181,task_003905_b4bada38,3,111,0.0,traceback_in_exit0,traceback_only_no_test_failure,Traceback (most recent call last),145
182,task_002102_2f33dc64,0,3,0.0,traceback_in_exit0,traceback_only_no_test_failure,Traceback (most recent call last),219
182,task_002102_2f33dc64,0,23,0.0,traceback_in_exit0,traceback_only_no_test_failure,Traceback (most recent call last),145
182,task_002102_2f33dc64,0,27,1.0,traceback_in_exit0,traceback_only_no_test_failure,Traceback (most recent call last),153
182,task_002102_2f33dc64,0,29,0.0,traceback_in_exit0,traceback_only_no_test_failure,Traceback (most recent call last),174
182,task_000059_8918359d,1,32,0.0,traceback_in_exit0,traceback_only_no_test_failure,Traceback (most recent call last),538
182,task_000059_8918359d,1,33,0.0,traceback_in_exit0,traceback_only_no_test_failure,Traceback (most recent call last),153
182,task_000059_8918359d,1,46,1.0,traceback_in_exit0,traceback_only_no_test_failure,Traceback (most recent call last),231
182,task_000059_8918359d,1,52,0.0,traceback_in_exit0,traceback_only_no_test_failure,Traceback (most recent call last),202
182,task_000059_8918359d,1,54,0.0,traceback_in_exit0,traceback_only_no_test_failure,Traceback (most recent call last),680
182,task_000059_8918359d,1,60,1.0,traceback_in_exit0,traceback_only_no_test_failure,Traceback (most recent call last),2421
182,task_002916_546eb936,3,96,0.0,traceback_in_exit0,traceback_only_no_test_failure,Traceback (most recent call last),137
182,task_002916_546eb936,3,97,0.0,traceback_in_exit0,traceback_only_no_test_failure,Traceback (most recent call last),893
182,task_002916_546eb936,3,111,0.0,traceback_in_exit0,traceback_only_no_test_failure,Traceback (most recent call last),250
182,task_004408_9f06b004,4,146,0.0,traceback_in_exit0,traceback_only_no_test_failure,Traceback (most recent call last),235
182,task_004408_9f06b004,4,150,0.0,traceback_in_exit0,traceback_only_no_test_failure,Traceback (most recent call last),211
182,task_007483_cd99d28d,6,202,1.0,traceback_in_exit0,traceback_only_no_test_failure,Traceback (most recent call last),209
182,task_007483_cd99d28d,6,217,1.0,traceback_in_exit0,traceback_only_no_test_failure,Traceback (most recent call last),345
182,task_007483_cd99d28d,6,219,1.0,traceback_in_exit0,traceback_only_no_test_failure,Traceback (most recent call last),431
182,task_000056_35d0df2b,7,239,0.0,traceback_in_exit0,traceback_only_no_test_failure,Traceback (most recent call last),914
183,task_009741_130d9a52,2,65,0.0,traceback_in_exit0,traceback_only_no_test_failure,Traceback (most recent call last),255
183,task_009741_130d9a52,2,66,0.0,traceback_in_exit0,traceback_only_no_test_failure,Traceback (most recent call last),258
183,task_009741_130d9a52,2,67,1.0,traceback_in_exit0,traceback_only_no_test_failure,Traceback (most recent call last),391
183,task_009741_130d9a52,2,70,1.0,traceback_in_exit0,traceback_only_no_test_failure,Traceback (most recent call last),255
183,task_009741_130d9a52,2,73,0.0,traceback_in_exit0,traceback_only_no_test_failure,Traceback (most recent call last),303
183,task_009741_130d9a52,2,74,1.0,traceback_in_exit0,traceback_only_no_test_failure,Traceback (most recent call last),255
183,task_009741_130d9a52,2,75,1.0,traceback_in_exit0,traceback_only_no_test_failure,Traceback (most recent call last),255
183,task_009741_130d9a52,2,76,0.0,traceback_in_exit0,traceback_only_no_test_failure,Traceback (most recent call last),255
183,task_009741_130d9a52,2,77,0.0,traceback_in_exit0,traceback_only_no_test_failure,Traceback (most recent call last),264
183,task_009741_130d9a52,2,78,0.0,traceback_in_exit0,traceback_only_no_test_failure,Traceback (most recent call last),255
183,task_009741_130d9a52,2,80,0.0,traceback_in_exit0,traceback_only_no_test_failure,Traceback (most recent call last),255
183,task_009741_130d9a52,2,81,0.0,traceback_in_exit0,traceback_only_no_test_failure,Traceback (most recent call last),269
183,task_009741_130d9a52,2,82,0.0,traceback_in_exit0,traceback_only_no_test_failure,Traceback (most recent call last),164
183,task_009741_130d9a52,2,83,1.0,traceback_in_exit0,traceback_only_no_test_failure,Traceback (most recent call last),239
183,task_009741_130d9a52,2,84,0.0,traceback_in_exit0,traceback_only_no_test_failure,Traceback (most recent call last),271
183,task_009741_130d9a52,2,85,1.0,traceback_in_exit0,traceback_only_no_test_failure,Traceback (most recent call last),255
183,task_009741_130d9a52,2,86,0.0,traceback_in_exit0,traceback_only_no_test_failure,Traceback (most recent call last),255
183,task_009741_130d9a52,2,87,1.0,traceback_in_exit0,traceback_only_no_test_failure,Traceback (most recent call last),269
183,task_009741_130d9a52,2,88,0.0,traceback_in_exit0,traceback_only_no_test_failure,Traceback (most recent call last),255
183,task_009741_130d9a52,2,90,1.0,traceback_in_exit0,traceback_only_no_test_failure,Traceback (most recent call last),291
183,task_009741_130d9a52,2,92,0.0,traceback_in_exit0,traceback_only_no_test_failure,Traceback (most recent call last),239
183,task_009741_130d9a52,2,93,0.0,traceback_in_exit0,traceback_only_no_test_failure,Traceback (most recent call last),255
183,task_009741_130d9a52,2,95,0.0,traceback_in_exit0,traceback_only_no_test_failure,Traceback (most recent call last),255
183,task_003512_36437eb7,3,96,0.0,traceback_in_exit0,traceback_only_no_test_failure,Traceback (most recent call last),425
183,task_003512_36437eb7,3,97,1.0,traceback_in_exit0,traceback_only_no_test_failure,Traceback (most recent call last),194
183,task_003512_36437eb7,3,98,0.0,traceback_in_exit0,traceback_only_no_test_failure,Traceback (most recent call last),523
183,task_003512_36437eb7,3,100,1.0,traceback_in_exit0,traceback_only_no_test_failure,Traceback (most recent call last),449
183,task_003512_36437eb7,3,101,0.0,traceback_in_exit0,traceback_only_no_test_failure,Traceback (most recent call last),1743
183,task_003512_36437eb7,3,102,1.0,traceback_in_exit0,traceback_only_no_test_failure,Traceback (most recent call last),394
183,task_003512_36437eb7,3,103,1.0,traceback_in_exit0,traceback_only_no_test_failure,Traceback (most recent call last),197
183,task_003512_36437eb7,3,104,0.0,traceback_in_exit0,traceback_only_no_test_failure,Traceback (most recent call last),888
183,task_003512_36437eb7,3,105,0.0,traceback_in_exit0,traceback_only_no_test_failure,Traceback (most recent call last),1608
183,task_003512_36437eb7,3,107,0.0,traceback_in_exit0,traceback_only_no_test_failure,Traceback (most recent call last),351
183,task_003512_36437eb7,3,108,0.0,traceback_in_exit0,traceback_only_no_test_failure,Traceback (most recent call last),447
183,task_003512_36437eb7,3,111,1.0,traceback_in_exit0,traceback_only_no_test_failure,Traceback (most recent call last),667
183,task_003512_36437eb7,3,114,0.0,traceback_in_exit0,traceback_only_no_test_failure,Traceback (most recent call last),288
183,task_003512_36437eb7,3,115,1.0,traceback_in_exit0,traceback_only_no_test_failure,Traceback (most recent call last),451
183,task_003512_36437eb7,3,116,1.0,traceback_in_exit0,traceback_only_no_test_failure,Traceback (most recent call last),504
183,task_003512_36437eb7,3,118,0.0,traceback_in_exit0,traceback_only_no_test_failure,Traceback (most recent call last),206
183,task_003512_36437eb7,3,119,0.0,traceback_in_exit0,traceback_only_no_test_failure,Traceback (most recent call last),154
183,task_003512_36437eb7,3,120,0.0,traceback_in_exit0,traceback_only_no_test_failure,Traceback (most recent call last),10543
183,task_003512_36437eb7,3,121,0.0,traceback_in_exit0,traceback_only_no_test_failure,Traceback (most recent call last),137
183,task_003512_36437eb7,3,123,0.0,traceback_in_exit0,traceback_only_no_test_failure,Traceback (most recent call last),343
183,task_003512_36437eb7,3,124,0.0,traceback_in_exit0,traceback_only_no_test_failure,Traceback (most recent call last),326
183,task_003512_36437eb7,3,125,0.0,traceback_in_exit0,traceback_only_no_test_failure,Traceback (most recent call last),811
183,task_003512_36437eb7,3,126,0.0,traceback_in_exit0,traceback_only_no_test_failure,Traceback (most recent call last),114
183,task_003512_36437eb7,3,127,1.0,traceback_in_exit0,traceback_only_no_test_failure,Traceback (most recent call last),452
183,task_005733_f80dcbb3,6,201,1.0,traceback_in_exit0,traceback_only_no_test_failure,Traceback (most recent call last),1474
183,task_005733_f80dcbb3,6,220,1.0,traceback_in_exit0,traceback_only_no_test_failure,Traceback (most recent call last),1383
183,task_000623_a08b73ac,7,224,1.0,traceback_in_exit0,traceback_only_no_test_failure,Traceback (most recent call last),616
183,task_000623_a08b73ac,7,225,1.0,traceback_in_exit0,traceback_only_no_test_failure,Traceback (most recent call last),250
183,task_000623_a08b73ac,7,229,1.0,traceback_in_exit0,traceback_only_no_test_failure,Traceback (most recent call last),250
183,task_000623_a08b73ac,7,230,1.0,traceback_in_exit0,traceback_only_no_test_failure,Traceback (most recent call last),263
183,task_000623_a08b73ac,7,233,1.0,traceback_in_exit0,traceback_only_no_test_failure,Traceback (most recent call last),250
183,task_000623_a08b73ac,7,234,1.0,traceback_in_exit0,traceback_only_no_test_failure,Traceback (most recent call last),325
183,task_000623_a08b73ac,7,235,1.0,traceback_in_exit0,traceback_only_no_test_failure,Traceback (most recent call last),250
183,task_000623_a08b73ac,7,239,1.0,traceback_in_exit0,traceback_only_no_test_failure,Traceback (most recent call last),298
183,task_000623_a08b73ac,7,241,1.0,traceback_in_exit0,traceback_only_no_test_failure,Traceback (most recent call last),775
183,task_000623_a08b73ac,7,244,1.0,traceback_in_exit0,traceback_only_no_test_failure,Traceback (most recent call last),250
183,task_000623_a08b73ac,7,246,1.0,traceback_in_exit0,traceback_only_no_test_failure,Traceback (most recent call last),234
183,task_000623_a08b73ac,7,247,1.0,traceback_in_exit0,traceback_only_no_test_failure,Traceback (most recent call last),859
183,task_000623_a08b73ac,7,250,1.0,traceback_in_exit0,traceback_only_no_test_failure,Traceback (most recent call last),263
183,task_000623_a08b73ac,7,251,1.0,traceback_in_exit0,traceback_only_no_test_failure,Traceback (most recent call last),250
183,task_000623_a08b73ac,7,252,1.0,traceback_in_exit0,traceback_only_no_test_failure,Traceback (most recent call last),263
183,task_000623_a08b73ac,7,253,1.0,traceback_in_exit0,traceback_only_no_test_failure,Traceback (most recent call last),263
183,task_000623_a08b73ac,7,255,1.0,traceback_in_exit0,traceback_only_no_test_failure,Traceback (most recent call last),251
184,task_000499_54478d62,0,0,0.0,traceback_in_exit0,traceback_only_no_test_failure,Traceback (most recent call last),474
184,task_000499_54478d62,0,1,0.0,traceback_in_exit0,traceback_only_no_test_failure,Traceback (most recent call last),1108
184,task_000499_54478d62,0,2,0.0,traceback_in_exit0,traceback_only_no_test_failure,Traceback (most recent call last),1026
184,task_000499_54478d62,0,4,0.0,traceback_in_exit0,traceback_only_no_test_failure,Traceback (most recent call last),439
184,task_000499_54478d62,0,5,1.0,traceback_in_exit0,traceback_only_no_test_failure,Traceback (most recent call last),980
184,task_000499_54478d62,0,7,0.0,traceback_in_exit0,traceback_only_no_test_failure,Traceback (most recent call last),261
184,task_000499_54478d62,0,8,0.0,traceback_in_exit0,traceback_only_no_test_failure,Traceback (most recent call last),337
184,task_000499_54478d62,0,9,0.0,traceback_in_exit0,traceback_only_no_test_failure,Traceback (most recent call last),589
184,task_000499_54478d62,0,10,0.0,traceback_in_exit0,traceback_only_no_test_failure,Traceback (most recent call last),844
184,task_000499_54478d62,0,11,0.0,traceback_in_exit0,traceback_only_no_test_failure,Traceback (most recent call last),618
184,task_000499_54478d62,0,12,0.0,traceback_in_exit0,traceback_only_no_test_failure,Traceback (most recent call last),719
184,task_000499_54478d62,0,14,0.0,traceback_in_exit0,traceback_only_no_test_failure,Traceback (most recent call last),134
184,task_000499_54478d62,0,15,0.0,traceback_in_exit0,traceback_only_no_test_failure,Traceback (most recent call last),799
184,task_000499_54478d62,0,18,1.0,traceback_in_exit0,traceback_only_no_test_failure,Traceback (most recent call last),934
184,task_000499_54478d62,0,19,0.0,traceback_in_exit0,traceback_only_no_test_failure,Traceback (most recent call last),996
184,task_000499_54478d62,0,20,0.0,traceback_in_exit0,traceback_only_no_test_failure,Traceback (most recent call last),1073
184,task_000499_54478d62,0,21,0.0,traceback_in_exit0,traceback_only_no_test_failure,Traceback (most recent call last),1668
184,task_000499_54478d62,0,22,0.0,traceback_in_exit0,traceback_only_no_test_failure,Traceback (most recent call last),1318
184,task_000499_54478d62,0,23,0.0,traceback_in_exit0,traceback_only_no_test_failure,Traceback (most recent call last),857
184,task_000499_54478d62,0,24,0.0,traceback_in_exit0,traceback_only_no_test_failure,Traceback (most recent call last),454
184,task_000499_54478d62,0,25,0.0,traceback_in_exit0,traceback_only_no_test_failure,Traceback (most recent call last),354
184,task_000499_54478d62,0,26,0.0,traceback_in_exit0,traceback_only_no_test_failure,Traceback (most recent call last),935
184,task_000499_54478d62,0,27,0.0,traceback_in_exit0,traceback_only_no_test_failure,Traceback (most recent call last),860
184,task_000499_54478d62,0,28,0.0,traceback_in_exit0,traceback_only_no_test_failure,Traceback (most recent call last),557
184,task_000499_54478d62,0,29,0.0,traceback_in_exit0,traceback_only_no_test_failure,Traceback (most recent call last),356
184,task_000499_54478d62,0,30,0.0,traceback_in_exit0,traceback_only_no_test_failure,Traceback (most recent call last),882
184,task_000499_54478d62,0,31,0.0,traceback_in_exit0,traceback_only_no_test_failure,Traceback (most recent call last),257
184,task_005407_2c99ee44,1,48,0.0,traceback_in_exit0,traceback_only_no_test_failure,Traceback (most recent call last),156
184,task_005407_2c99ee44,1,52,1.0,traceback_in_exit0,traceback_only_no_test_failure,Traceback (most recent call last),123
184,task_005407_2c99ee44,1,59,0.0,traceback_in_exit0,traceback_only_no_test_failure,Traceback (most recent call last),162
184,task_005407_2c99ee44,1,62,1.0,traceback_in_exit0,traceback_only_no_test_failure,Traceback (most recent call last),336
185,task_000331_d694b191,4,128,0.0,traceback_in_exit0,traceback_only_no_test_failure,Traceback (most recent call last),532
185,task_000331_d694b191,4,129,0.0,traceback_in_exit0,traceback_only_no_test_failure,Traceback (most recent call last),428
185,task_000331_d694b191,4,130,0.0,traceback_in_exit0,traceback_only_no_test_failure,Traceback (most recent call last),433
185,task_000331_d694b191,4,131,0.0,traceback_in_exit0,traceback_only_no_test_failure,Traceback (most recent call last),450
185,task_000331_d694b191,4,132,0.0,traceback_in_exit0,traceback_only_no_test_failure,Traceback (most recent call last),469
185,task_000331_d694b191,4,133,0.0,traceback_in_exit0,traceback_only_no_test_failure,Traceback (most recent call last),772
185,task_000331_d694b191,4,134,1.0,traceback_in_exit0,traceback_only_no_test_failure,Traceback (most recent call last),471
185,task_000331_d694b191,4,135,0.0,traceback_in_exit0,traceback_only_no_test_failure,Traceback (most recent call last),340
185,task_000331_d694b191,4,136,0.0,traceback_in_exit0,traceback_only_no_test_failure,Traceback (most recent call last),492
185,task_000331_d694b191,4,137,0.0,traceback_in_exit0,traceback_only_no_test_failure,Traceback (most recent call last),497
185,task_000331_d694b191,4,138,0.0,traceback_in_exit0,traceback_only_no_test_failure,Traceback (most recent call last),413
185,task_000331_d694b191,4,140,0.0,traceback_in_exit0,traceback_only_no_test_failure,Traceback (most recent call last),658
185,task_000331_d694b191,4,141,0.0,traceback_in_exit0,traceback_only_no_test_failure,Traceback (most recent call last),674
185,task_000331_d694b191,4,142,0.0,traceback_in_exit0,traceback_only_no_test_failure,Traceback (most recent call last),469
185,task_000331_d694b191,4,145,1.0,traceback_in_exit0,traceback_only_no_test_failure,Traceback (most recent call last),421
185,task_000331_d694b191,4,146,0.0,traceback_in_exit0,traceback_only_no_test_failure,Traceback (most recent call last),392
185,task_000331_d694b191,4,147,0.0,traceback_in_exit0,traceback_only_no_test_failure,Traceback (most recent call last),434
185,task_000331_d694b191,4,148,0.0,traceback_in_exit0,traceback_only_no_test_failure,Traceback (most recent call last),1201
185,task_000331_d694b191,4,149,1.0,traceback_in_exit0,traceback_only_no_test_failure,Traceback (most recent call last),1243
185,task_000331_d694b191,4,151,0.0,traceback_in_exit0,traceback_only_no_test_failure,Traceback (most recent call last),500
185,task_000331_d694b191,4,152,0.0,traceback_in_exit0,traceback_only_no_test_failure,Traceback (most recent call last),392
185,task_000331_d694b191,4,155,0.0,traceback_in_exit0,traceback_only_no_test_failure,Traceback (most recent call last),496
185,task_000331_d694b191,4,156,0.0,traceback_in_exit0,traceback_only_no_test_failure,Traceback (most recent call last),398
185,task_000331_d694b191,4,157,0.0,traceback_in_exit0,traceback_only_no_test_failure,Traceback (most recent call last),357
185,task_000331_d694b191,4,158,0.0,traceback_in_exit0,traceback_only_no_test_failure,Traceback (most recent call last),511
185,task_000331_d694b191,4,159,0.0,traceback_in_exit0,traceback_only_no_test_failure,Traceback (most recent call last),975
185,task_003003_fbe98fa0,5,161,0.0,traceback_in_exit0,traceback_only_no_test_failure,Traceback (most recent call last),522
185,task_003003_fbe98fa0,5,167,0.0,traceback_in_exit0,traceback_only_no_test_failure,Traceback (most recent call last),542
185,task_003003_fbe98fa0,5,168,0.0,traceback_in_exit0,traceback_only_no_test_failure,Traceback (most recent call last),485
185,task_003003_fbe98fa0,5,170,1.0,traceback_in_exit0,traceback_only_no_test_failure,Traceback (most recent call last),612
185,task_003003_fbe98fa0,5,172,0.0,traceback_in_exit0,traceback_only_no_test_failure,Traceback (most recent call last),274
185,task_003003_fbe98fa0,5,173,0.0,traceback_in_exit0,traceback_only_no_test_failure,Traceback (most recent call last),291
185,task_003003_fbe98fa0,5,179,0.0,traceback_in_exit0,traceback_only_no_test_failure,Traceback (most recent call last),206
185,task_003003_fbe98fa0,5,183,0.0,traceback_in_exit0,traceback_only_no_test_failure,Traceback (most recent call last),1992
185,task_003003_fbe98fa0,5,190,0.0,traceback_in_exit0,traceback_only_no_test_failure,Traceback (most recent call last),679
185,task_003003_fbe98fa0,5,191,0.0,traceback_in_exit0,traceback_only_no_test_failure,Traceback (most recent call last),628
185,task_008583_788d0622,6,207,0.0,traceback_in_exit0,traceback_only_no_test_failure,Traceback (most recent call last),701
185,task_008583_788d0622,6,212,0.0,traceback_in_exit0,traceback_only_no_test_failure,Traceback (most recent call last),171
185,task_008583_788d0622,6,213,0.0,traceback_in_exit0,traceback_only_no_test_failure,Traceback (most recent call last),903
185,task_008583_788d0622,6,215,0.0,traceback_in_exit0,traceback_only_no_test_failure,Traceback (most recent call last),389
185,task_008583_788d0622,6,219,0.0,traceback_in_exit0,traceback_only_no_test_failure,Traceback (most recent call last),146
185,task_001985_822ef2d2,7,230,0.0,traceback_in_exit0,traceback_only_no_test_failure,Traceback (most recent call last),229
185,task_001985_822ef2d2,7,247,1.0,traceback_in_exit0,traceback_only_no_test_failure,Traceback (most recent call last),141
186,task_003689_addd3d44,0,0,1.0,traceback_in_exit0,traceback_only_no_test_failure,Traceback (most recent call last),172
186,task_003689_addd3d44,0,2,1.0,traceback_in_exit0,traceback_only_no_test_failure,Traceback (most recent call last),366
186,task_003689_addd3d44,0,12,1.0,traceback_in_exit0,traceback_only_no_test_failure,Traceback (most recent call last),232
186,task_004988_1df6d3a3,3,98,0.0,traceback_in_exit0,traceback_only_no_test_failure,Traceback (most recent call last),268
186,task_004988_1df6d3a3,3,102,0.0,traceback_in_exit0,traceback_only_no_test_failure,Traceback (most recent call last),581
186,task_004988_1df6d3a3,3,104,0.0,traceback_in_exit0,traceback_only_no_test_failure,Traceback (most recent call last),207
186,task_004988_1df6d3a3,3,109,0.0,traceback_in_exit0,traceback_only_no_test_failure,Traceback (most recent call last),607
186,task_004988_1df6d3a3,3,116,0.0,traceback_in_exit0,traceback_only_no_test_failure,Traceback (most recent call last),267
186,task_004988_1df6d3a3,3,117,0.0,traceback_in_exit0,traceback_only_no_test_failure,Traceback (most recent call last),517
186,task_004988_1df6d3a3,3,119,0.0,traceback_in_exit0,traceback_only_no_test_failure,Traceback (most recent call last),512
186,task_004988_1df6d3a3,3,120,0.0,traceback_in_exit0,traceback_only_no_test_failure,Traceback (most recent call last),526
186,task_004988_1df6d3a3,3,126,0.0,traceback_in_exit0,traceback_only_no_test_failure,Traceback (most recent call last),565
186,task_005046_e6febc94,4,129,0.0,traceback_in_exit0,traceback_only_no_test_failure,Traceback (most recent call last),188
186,task_005046_e6febc94,4,130,0.0,traceback_in_exit0,traceback_only_no_test_failure,Traceback (most recent call last),3620
186,task_005046_e6febc94,4,131,0.0,traceback_in_exit0,traceback_only_no_test_failure,Traceback (most recent call last),3483
186,task_005046_e6febc94,4,134,0.0,traceback_in_exit0,traceback_only_no_test_failure,Traceback (most recent call last),318
186,task_005046_e6febc94,4,144,0.0,traceback_in_exit0,traceback_only_no_test_failure,Traceback (most recent call last),147
186,task_005046_e6febc94,4,146,0.0,traceback_in_exit0,traceback_only_no_test_failure,Traceback (most recent call last),3587
186,task_005046_e6febc94,4,147,1.0,traceback_in_exit0,traceback_only_no_test_failure,Traceback (most recent call last),170
186,task_005046_e6febc94,4,152,0.0,traceback_in_exit0,traceback_only_no_test_failure,Traceback (most recent call last),608
186,task_005046_e6febc94,4,153,0.0,traceback_in_exit0,traceback_only_no_test_failure,Traceback (most recent call last),3625
186,task_000335_ef900c18,5,161,0.0,traceback_in_exit0,traceback_only_no_test_failure,Traceback (most recent call last),170
186,task_000335_ef900c18,5,167,0.0,traceback_in_exit0,traceback_only_no_test_failure,Traceback (most recent call last),183
186,task_000335_ef900c18,5,169,0.0,traceback_in_exit0,traceback_only_no_test_failure,Traceback (most recent call last),343
186,task_000335_ef900c18,5,170,0.0,traceback_in_exit0,traceback_only_no_test_failure,Traceback (most recent call last),548
186,task_000335_ef900c18,5,177,0.0,traceback_in_exit0,traceback_only_no_test_failure,Traceback (most recent call last),784
186,task_000335_ef900c18,5,181,0.0,traceback_in_exit0,traceback_only_no_test_failure,Traceback (most recent call last),236
187,task_005986_6edece1b,3,96,1.0,traceback_in_exit0,traceback_only_no_test_failure,Traceback (most recent call last),913
187,task_005986_6edece1b,3,97,1.0,traceback_in_exit0,traceback_only_no_test_failure,Traceback (most recent call last),254
187,task_005986_6edece1b,3,99,1.0,traceback_in_exit0,traceback_only_no_test_failure,Traceback (most recent call last),254
187,task_005986_6edece1b,3,100,1.0,traceback_in_exit0,traceback_only_no_test_failure,Traceback (most recent call last),254
187,task_005986_6edece1b,3,101,1.0,traceback_in_exit0,traceback_only_no_test_failure,Traceback (most recent call last),254
187,task_005986_6edece1b,3,105,1.0,traceback_in_exit0,traceback_only_no_test_failure,Traceback (most recent call last),254
187,task_005986_6edece1b,3,106,1.0,traceback_in_exit0,traceback_only_no_test_failure,Traceback (most recent call last),254
187,task_005986_6edece1b,3,108,0.0,traceback_in_exit0,traceback_only_no_test_failure,Traceback (most recent call last),254
187,task_005986_6edece1b,3,109,1.0,traceback_in_exit0,traceback_only_no_test_failure,Traceback (most recent call last),917
187,task_005986_6edece1b,3,110,0.0,traceback_in_exit0,traceback_only_no_test_failure,Traceback (most recent call last),254
187,task_005986_6edece1b,3,111,1.0,traceback_in_exit0,traceback_only_no_test_failure,Traceback (most recent call last),254
187,task_005986_6edece1b,3,113,1.0,traceback_in_exit0,traceback_only_no_test_failure,Traceback (most recent call last),268
187,task_005986_6edece1b,3,114,1.0,traceback_in_exit0,traceback_only_no_test_failure,Traceback (most recent call last),254
187,task_005986_6edece1b,3,115,1.0,traceback_in_exit0,traceback_only_no_test_failure,Traceback (most recent call last),254
187,task_005986_6edece1b,3,118,0.0,traceback_in_exit0,traceback_only_no_test_failure,Traceback (most recent call last),254
187,task_005986_6edece1b,3,119,1.0,traceback_in_exit0,traceback_only_no_test_failure,Traceback (most recent call last),267
187,task_005986_6edece1b,3,120,1.0,traceback_in_exit0,traceback_only_no_test_failure,Traceback (most recent call last),1248
187,task_005986_6edece1b,3,121,0.0,traceback_in_exit0,traceback_only_no_test_failure,Traceback (most recent call last),267
187,task_005986_6edece1b,3,125,1.0,traceback_in_exit0,traceback_only_no_test_failure,Traceback (most recent call last),268
187,task_005986_6edece1b,3,127,0.0,traceback_in_exit0,traceback_only_no_test_failure,Traceback (most recent call last),254
187,task_000021_5e1d9408,5,167,1.0,traceback_in_exit0,traceback_only_no_test_failure,Traceback (most recent call last),832
187,task_000021_5e1d9408,5,169,0.0,traceback_in_exit0,traceback_only_no_test_failure,Traceback (most recent call last),1862
187,task_000021_5e1d9408,5,170,0.0,traceback_in_exit0,traceback_only_no_test_failure,Traceback (most recent call last),2189
187,task_000021_5e1d9408,5,181,0.0,traceback_in_exit0,traceback_only_no_test_failure,Traceback (most recent call last),402
187,task_000021_5e1d9408,5,185,0.0,traceback_in_exit0,traceback_only_no_test_failure,Traceback (most recent call last),143
187,task_000021_5e1d9408,5,188,0.0,traceback_in_exit0,traceback_only_no_test_failure,Traceback (most recent call last),750
187,task_000021_5e1d9408,5,189,0.0,traceback_in_exit0,traceback_only_no_test_failure,Traceback (most recent call last),885
187,task_000021_5e1d9408,5,190,0.0,traceback_in_exit0,traceback_only_no_test_failure,Traceback (most recent call last),848
188,task_005312_f9ffdd33,1,40,1.0,traceback_in_exit0,traceback_only_no_test_failure,Traceback (most recent call last),287
188,task_005312_f9ffdd33,1,58,1.0,traceback_in_exit0,traceback_only_no_test_failure,Traceback (most recent call last),137
188,task_004338_6800b70e,2,66,1.0,traceback_in_exit0,traceback_only_no_test_failure,Traceback (most recent call last),540
188,task_005231_44f94db4,4,142,0.0,traceback_in_exit0,traceback_only_no_test_failure,Traceback (most recent call last),163
188,task_005226_597ca35e,5,180,1.0,traceback_in_exit0,traceback_only_no_test_failure,Traceback (most recent call last),122
188,task_003691_19ef612d,7,236,0.0,traceback_in_exit0,traceback_only_no_test_failure,Traceback (most recent call last),136
189,task_009633_30f8123c,0,0,0.0,traceback_in_exit0,traceback_only_no_test_failure,Traceback (most recent call last),534
189,task_009633_30f8123c,0,6,0.0,traceback_in_exit0,traceback_only_no_test_failure,Traceback (most recent call last),458
189,task_009633_30f8123c,0,9,0.0,traceback_in_exit0,traceback_only_no_test_failure,Traceback (most recent call last),131
189,task_009633_30f8123c,0,14,0.0,traceback_in_exit0,traceback_only_no_test_failure,Traceback (most recent call last),129
189,task_009633_30f8123c,0,22,0.0,traceback_in_exit0,traceback_only_no_test_failure,Traceback (most recent call last),186
189,task_009633_30f8123c,0,26,0.0,traceback_in_exit0,traceback_only_no_test_failure,Traceback (most recent call last),288
189,task_009633_30f8123c,0,28,0.0,traceback_in_exit0,traceback_only_no_test_failure,Traceback (most recent call last),429
189,task_008056_73776e23,2,77,0.0,traceback_in_exit0,traceback_only_no_test_failure,Traceback (most recent call last),983
189,task_003682_734d5f2b,3,96,1.0,traceback_in_exit0,traceback_only_no_test_failure,Traceback (most recent call last),1409
189,task_003682_734d5f2b,3,98,1.0,traceback_in_exit0,traceback_only_no_test_failure,Traceback (most recent call last),219
189,task_003682_734d5f2b,3,105,1.0,traceback_in_exit0,traceback_only_no_test_failure,Traceback (most recent call last),288
189,task_003682_734d5f2b,3,112,1.0,traceback_in_exit0,traceback_only_no_test_failure,Traceback (most recent call last),940
189,task_003682_734d5f2b,3,119,1.0,traceback_in_exit0,traceback_only_no_test_failure,Traceback (most recent call last),255
189,task_003682_734d5f2b,3,122,1.0,traceback_in_exit0,traceback_only_no_test_failure,Traceback (most recent call last),215
189,task_002862_0393c90a,5,166,1.0,traceback_in_exit0,traceback_only_no_test_failure,Traceback (most recent call last),137
189,task_002862_0393c90a,5,174,1.0,traceback_in_exit0,traceback_only_no_test_failure,Traceback (most recent call last),180
189,task_002862_0393c90a,5,175,1.0,traceback_in_exit0,traceback_only_no_test_failure,Traceback (most recent call last),238
189,task_002862_0393c90a,5,182,1.0,traceback_in_exit0,traceback_only_no_test_failure,Traceback (most recent call last),1633
189,task_002862_0393c90a,5,188,1.0,traceback_in_exit0,traceback_only_no_test_failure,Traceback (most recent call last),876
189,task_002462_0ae4a120,7,224,0.0,traceback_in_exit0,traceback_only_no_test_failure,Traceback (most recent call last),551
189,task_002462_0ae4a120,7,225,0.0,traceback_in_exit0,traceback_only_no_test_failure,Traceback (most recent call last),516
189,task_002462_0ae4a120,7,226,1.0,traceback_in_exit0,traceback_only_no_test_failure,Traceback (most recent call last),607
189,task_002462_0ae4a120,7,227,0.0,traceback_in_exit0,traceback_only_no_test_failure,Traceback (most recent call last),510
189,task_002462_0ae4a120,7,228,0.0,traceback_in_exit0,traceback_only_no_test_failure,Traceback (most recent call last),1104
189,task_002462_0ae4a120,7,229,0.0,traceback_in_exit0,traceback_only_no_test_failure,Traceback (most recent call last),510
189,task_002462_0ae4a120,7,230,0.0,traceback_in_exit0,traceback_only_no_test_failure,Traceback (most recent call last),516
189,task_002462_0ae4a120,7,231,0.0,traceback_in_exit0,traceback_only_no_test_failure,Traceback (most recent call last),1386
189,task_002462_0ae4a120,7,232,0.0,traceback_in_exit0,traceback_only_no_test_failure,Traceback (most recent call last),528
189,task_002462_0ae4a120,7,233,0.0,traceback_in_exit0,traceback_only_no_test_failure,Traceback (most recent call last),528
189,task_002462_0ae4a120,7,234,0.0,traceback_in_exit0,traceback_only_no_test_failure,Traceback (most recent call last),668
189,task_002462_0ae4a120,7,235,1.0,traceback_in_exit0,traceback_only_no_test_failure,Traceback (most recent call last),575
189,task_002462_0ae4a120,7,236,0.0,traceback_in_exit0,traceback_only_no_test_failure,Traceback (most recent call last),1223
189,task_002462_0ae4a120,7,237,0.0,traceback_in_exit0,traceback_only_no_test_failure,Traceback (most recent call last),427
189,task_002462_0ae4a120,7,238,1.0,traceback_in_exit0,traceback_only_no_test_failure,Traceback (most recent call last),410
189,task_002462_0ae4a120,7,239,1.0,traceback_in_exit0,traceback_only_no_test_failure,Traceback (most recent call last),608
189,task_002462_0ae4a120,7,240,0.0,traceback_in_exit0,traceback_only_no_test_failure,Traceback (most recent call last),535
189,task_002462_0ae4a120,7,241,1.0,traceback_in_exit0,traceback_only_no_test_failure,Traceback (most recent call last),632
189,task_002462_0ae4a120,7,242,0.0,traceback_in_exit0,traceback_only_no_test_failure,Traceback (most recent call last),538
189,task_002462_0ae4a120,7,243,0.0,traceback_in_exit0,traceback_only_no_test_failure,Traceback (most recent call last),565
189,task_002462_0ae4a120,7,244,0.0,traceback_in_exit0,traceback_only_no_test_failure,Traceback (most recent call last),516
189,task_002462_0ae4a120,7,245,0.0,traceback_in_exit0,traceback_only_no_test_failure,Traceback (most recent call last),1177
189,task_002462_0ae4a120,7,246,0.0,traceback_in_exit0,traceback_only_no_test_failure,Traceback (most recent call last),516
189,task_002462_0ae4a120,7,247,0.0,traceback_in_exit0,traceback_only_no_test_failure,Traceback (most recent call last),516
189,task_002462_0ae4a120,7,248,0.0,traceback_in_exit0,traceback_only_no_test_failure,Traceback (most recent call last),532
189,task_002462_0ae4a120,7,249,1.0,traceback_in_exit0,traceback_only_no_test_failure,Traceback (most recent call last),1223
189,task_002462_0ae4a120,7,250,0.0,traceback_in_exit0,traceback_only_no_test_failure,Traceback (most recent call last),565
189,task_002462_0ae4a120,7,251,0.0,traceback_in_exit0,traceback_only_no_test_failure,Traceback (most recent call last),592
189,task_002462_0ae4a120,7,252,0.0,traceback_in_exit0,traceback_only_no_test_failure,Traceback (most recent call last),504
189,task_002462_0ae4a120,7,253,0.0,traceback_in_exit0,traceback_only_no_test_failure,Traceback (most recent call last),510
189,task_002462_0ae4a120,7,254,0.0,traceback_in_exit0,traceback_only_no_test_failure,Traceback (most recent call last),569
189,task_002462_0ae4a120,7,255,0.0,traceback_in_exit0,traceback_only_no_test_failure,Traceback (most recent call last),522
190,task_005161_23fd739f,0,3,0.0,traceback_in_exit0,traceback_only_no_test_failure,Traceback (most recent call last),1820
190,task_005161_23fd739f,0,10,0.0,traceback_in_exit0,traceback_only_no_test_failure,Traceback (most recent call last),1791
190,task_005161_23fd739f,0,30,0.0,traceback_in_exit0,traceback_only_no_test_failure,Traceback (most recent call last),170
190,task_002185_f65006df,2,67,0.0,traceback_in_exit0,traceback_only_no_test_failure,Traceback (most recent call last),1150
190,task_002185_f65006df,2,72,0.0,traceback_in_exit0,traceback_only_no_test_failure,Traceback (most recent call last),1130
190,task_002185_f65006df,2,76,0.0,traceback_in_exit0,traceback_only_no_test_failure,Traceback (most recent call last),1147
190,task_002185_f65006df,2,77,0.0,traceback_in_exit0,traceback_only_no_test_failure,Traceback (most recent call last),1122
190,task_002185_f65006df,2,79,0.0,traceback_in_exit0,traceback_only_no_test_failure,Traceback (most recent call last),1122
190,task_002185_f65006df,2,80,0.0,traceback_in_exit0,traceback_only_no_test_failure,Traceback (most recent call last),1879
190,task_002185_f65006df,2,82,0.0,traceback_in_exit0,traceback_only_no_test_failure,Traceback (most recent call last),1122
190,task_002185_f65006df,2,83,0.0,traceback_in_exit0,traceback_only_no_test_failure,Traceback (most recent call last),1122
190,task_002185_f65006df,2,84,0.0,traceback_in_exit0,traceback_only_no_test_failure,Traceback (most recent call last),1122
190,task_002185_f65006df,2,85,0.0,traceback_in_exit0,traceback_only_no_test_failure,Traceback (most recent call last),1899
190,task_002185_f65006df,2,87,0.0,traceback_in_exit0,traceback_only_no_test_failure,Traceback (most recent call last),1122
190,task_002185_f65006df,2,90,0.0,traceback_in_exit0,traceback_only_no_test_failure,Traceback (most recent call last),1122
190,task_002185_f65006df,2,93,0.0,traceback_in_exit0,traceback_only_no_test_failure,Traceback (most recent call last),1122
190,task_002185_f65006df,2,95,0.0,traceback_in_exit0,traceback_only_no_test_failure,Traceback (most recent call last),1130
190,task_001045_68ad59b3,3,99,0.0,traceback_in_exit0,traceback_only_no_test_failure,Traceback (most recent call last),492
190,task_001045_68ad59b3,3,112,0.0,traceback_in_exit0,traceback_only_no_test_failure,Traceback (most recent call last),131
190,task_002793_53a91de8,7,251,0.0,traceback_in_exit0,traceback_only_no_test_failure,Traceback (most recent call last),394
191,task_002611_bc58356d,0,0,1.0,traceback_in_exit0,traceback_only_no_test_failure,Traceback (most recent call last),232
191,task_002611_bc58356d,0,2,0.0,traceback_in_exit0,traceback_only_no_test_failure,Traceback (most recent call last),236
191,task_002611_bc58356d,0,4,0.0,traceback_in_exit0,traceback_only_no_test_failure,Traceback (most recent call last),302
191,task_002611_bc58356d,0,7,0.0,traceback_in_exit0,traceback_only_no_test_failure,Traceback (most recent call last),239
191,task_002611_bc58356d,0,8,0.0,traceback_in_exit0,traceback_only_no_test_failure,Traceback (most recent call last),189
191,task_002611_bc58356d,0,9,0.0,traceback_in_exit0,traceback_only_no_test_failure,Traceback (most recent call last),306
191,task_002611_bc58356d,0,12,1.0,traceback_in_exit0,traceback_only_no_test_failure,Traceback (most recent call last),184
191,task_002611_bc58356d,0,13,0.0,traceback_in_exit0,traceback_only_no_test_failure,Traceback (most recent call last),184
191,task_002611_bc58356d,0,14,0.0,traceback_in_exit0,traceback_only_no_test_failure,Traceback (most recent call last),284
191,task_002611_bc58356d,0,15,0.0,traceback_in_exit0,traceback_only_no_test_failure,Traceback (most recent call last),237
191,task_002611_bc58356d,0,18,0.0,traceback_in_exit0,traceback_only_no_test_failure,Traceback (most recent call last),275
191,task_002611_bc58356d,0,19,0.0,traceback_in_exit0,traceback_only_no_test_failure,Traceback (most recent call last),191
191,task_002611_bc58356d,0,20,0.0,traceback_in_exit0,traceback_only_no_test_failure,Traceback (most recent call last),216
191,task_002611_bc58356d,0,22,0.0,traceback_in_exit0,traceback_only_no_test_failure,Traceback (most recent call last),526
191,task_002611_bc58356d,0,23,0.0,traceback_in_exit0,traceback_only_no_test_failure,Traceback (most recent call last),230
191,task_002611_bc58356d,0,24,0.0,traceback_in_exit0,traceback_only_no_test_failure,Traceback (most recent call last),332
191,task_002611_bc58356d,0,27,0.0,traceback_in_exit0,traceback_only_no_test_failure,Traceback (most recent call last),259
191,task_002611_bc58356d,0,28,1.0,traceback_in_exit0,traceback_only_no_test_failure,Traceback (most recent call last),232
191,task_002611_bc58356d,0,29,0.0,traceback_in_exit0,traceback_only_no_test_failure,Traceback (most recent call last),276
191,task_002611_bc58356d,0,30,0.0,traceback_in_exit0,traceback_only_no_test_failure,Traceback (most recent call last),193
191,task_005726_facea939,1,63,1.0,traceback_in_exit0,traceback_only_no_test_failure,Traceback (most recent call last),137
191,task_000767_884d306c,3,96,1.0,traceback_in_exit0,traceback_only_no_test_failure,Traceback (most recent call last),885
191,task_000767_884d306c,3,111,0.0,traceback_in_exit0,traceback_only_no_test_failure,Traceback (most recent call last),3824
191,task_000767_884d306c,3,113,0.0,traceback_in_exit0,traceback_only_no_test_failure,Traceback (most recent call last),361
191,task_000767_884d306c,3,116,0.0,traceback_in_exit0,traceback_only_no_test_failure,Traceback (most recent call last),245
191,task_000767_884d306c,3,120,1.0,traceback_in_exit0,traceback_only_no_test_failure,Traceback (most recent call last),757
191,task_000767_884d306c,3,121,1.0,traceback_in_exit0,traceback_only_no_test_failure,Traceback (most recent call last),427
191,task_000767_884d306c,3,123,0.0,traceback_in_exit0,traceback_only_no_test_failure,Traceback (most recent call last),1448
191,task_000632_65c17fe2,4,129,0.0,traceback_in_exit0,traceback_only_no_test_failure,Traceback (most recent call last),567
191,task_000632_65c17fe2,4,131,0.0,traceback_in_exit0,traceback_only_no_test_failure,Traceback (most recent call last),566
191,task_000632_65c17fe2,4,133,0.0,traceback_in_exit0,traceback_only_no_test_failure,Traceback (most recent call last),161
191,task_000632_65c17fe2,4,139,0.0,traceback_in_exit0,traceback_only_no_test_failure,Traceback (most recent call last),519
191,task_000632_65c17fe2,4,140,0.0,traceback_in_exit0,traceback_only_no_test_failure,Traceback (most recent call last),526
191,task_000632_65c17fe2,4,142,0.0,traceback_in_exit0,traceback_only_no_test_failure,Traceback (most recent call last),577
191,task_000632_65c17fe2,4,144,0.0,traceback_in_exit0,traceback_only_no_test_failure,Traceback (most recent call last),893
191,task_000632_65c17fe2,4,150,0.0,traceback_in_exit0,traceback_only_no_test_failure,Traceback (most recent call last),333
191,task_000632_65c17fe2,4,152,0.0,traceback_in_exit0,traceback_only_no_test_failure,Traceback (most recent call last),658
191,task_000632_65c17fe2,4,156,0.0,traceback_in_exit0,traceback_only_no_test_failure,Traceback (most recent call last),347
191,task_000844_bc7c813f,5,163,0.0,traceback_in_exit0,traceback_only_no_test_failure,Traceback (most recent call last),496
191,task_000844_bc7c813f,5,165,1.0,traceback_in_exit0,traceback_only_no_test_failure,Traceback (most recent call last),268
191,task_000844_bc7c813f,5,168,0.0,traceback_in_exit0,traceback_only_no_test_failure,Traceback (most recent call last),446
191,task_000844_bc7c813f,5,179,0.0,traceback_in_exit0,traceback_only_no_test_failure,Traceback (most recent call last),401
191,task_004020_aebf950c,7,227,0.0,traceback_in_exit0,traceback_only_no_test_failure,Traceback (most recent call last),660
192,task_003658_09e56a3e,0,2,1.0,traceback_in_exit0,traceback_only_no_test_failure,Traceback (most recent call last),284
192,task_003658_09e56a3e,0,6,1.0,traceback_in_exit0,traceback_only_no_test_failure,Traceback (most recent call last),604
192,task_003658_09e56a3e,0,9,1.0,traceback_in_exit0,traceback_only_no_test_failure,Traceback (most recent call last),450
192,task_003658_09e56a3e,0,29,1.0,traceback_in_exit0,traceback_only_no_test_failure,Traceback (most recent call last),332
192,task_003471_27fff08f,1,32,1.0,traceback_in_exit0,traceback_only_no_test_failure,Traceback (most recent call last),1282
192,task_003471_27fff08f,1,37,1.0,traceback_in_exit0,traceback_only_no_test_failure,Traceback (most recent call last),533
192,task_003471_27fff08f,1,38,1.0,traceback_in_exit0,traceback_only_no_test_failure,Traceback (most recent call last),556
192,task_003471_27fff08f,1,39,1.0,traceback_in_exit0,traceback_only_no_test_failure,Traceback (most recent call last),551
192,task_003471_27fff08f,1,43,1.0,traceback_in_exit0,traceback_only_no_test_failure,Traceback (most recent call last),517
192,task_003471_27fff08f,1,46,1.0,traceback_in_exit0,traceback_only_no_test_failure,Traceback (most recent call last),533
192,task_003471_27fff08f,1,49,1.0,traceback_in_exit0,traceback_only_no_test_failure,Traceback (most recent call last),551
192,task_003471_27fff08f,1,50,1.0,traceback_in_exit0,traceback_only_no_test_failure,Traceback (most recent call last),1303
192,task_003471_27fff08f,1,52,1.0,traceback_in_exit0,traceback_only_no_test_failure,Traceback (most recent call last),517
192,task_003471_27fff08f,1,55,1.0,traceback_in_exit0,traceback_only_no_test_failure,Traceback (most recent call last),517
192,task_003471_27fff08f,1,60,1.0,traceback_in_exit0,traceback_only_no_test_failure,Traceback (most recent call last),783
192,task_003471_27fff08f,1,61,1.0,traceback_in_exit0,traceback_only_no_test_failure,Traceback (most recent call last),533
192,task_003471_27fff08f,1,63,1.0,traceback_in_exit0,traceback_only_no_test_failure,Traceback (most recent call last),805
192,task_001526_9b610d72,3,100,1.0,traceback_in_exit0,traceback_only_no_test_failure,Traceback (most recent call last),667
192,task_004763_fcc527eb,6,192,1.0,traceback_in_exit0,traceback_only_no_test_failure,Traceback (most recent call last),707
192,task_004763_fcc527eb,6,197,1.0,traceback_in_exit0,traceback_only_no_test_failure,Traceback (most recent call last),197
192,task_004763_fcc527eb,6,198,1.0,traceback_in_exit0,traceback_only_no_test_failure,Traceback (most recent call last),137
192,task_004763_fcc527eb,6,211,1.0,traceback_in_exit0,traceback_only_no_test_failure,Traceback (most recent call last),132
192,task_004763_fcc527eb,6,221,0.0,traceback_in_exit0,traceback_only_no_test_failure,Traceback (most recent call last),137
192,task_004181_42cccfd8,7,254,1.0,traceback_in_exit0,traceback_only_no_test_failure,Traceback (most recent call last),440
193,task_001071_d6a8e8bb,0,1,1.0,traceback_in_exit0,traceback_only_no_test_failure,Traceback (most recent call last),295
193,task_001071_d6a8e8bb,0,3,1.0,traceback_in_exit0,traceback_only_no_test_failure,Traceback (most recent call last),300
193,task_001071_d6a8e8bb,0,4,1.0,traceback_in_exit0,traceback_only_no_test_failure,Traceback (most recent call last),301
193,task_001071_d6a8e8bb,0,5,1.0,traceback_in_exit0,traceback_only_no_test_failure,Traceback (most recent call last),354
193,task_001071_d6a8e8bb,0,6,1.0,traceback_in_exit0,traceback_only_no_test_failure,Traceback (most recent call last),301
193,task_001071_d6a8e8bb,0,7,1.0,traceback_in_exit0,traceback_only_no_test_failure,Traceback (most recent call last),301
193,task_001071_d6a8e8bb,0,8,1.0,traceback_in_exit0,traceback_only_no_test_failure,Traceback (most recent call last),301
193,task_001071_d6a8e8bb,0,9,1.0,traceback_in_exit0,traceback_only_no_test_failure,Traceback (most recent call last),232
193,task_001071_d6a8e8bb,0,10,1.0,traceback_in_exit0,traceback_only_no_test_failure,Traceback (most recent call last),522
193,task_001071_d6a8e8bb,0,12,1.0,traceback_in_exit0,traceback_only_no_test_failure,Traceback (most recent call last),281
193,task_001071_d6a8e8bb,0,14,1.0,traceback_in_exit0,traceback_only_no_test_failure,Traceback (most recent call last),356
193,task_001071_d6a8e8bb,0,15,1.0,traceback_in_exit0,traceback_only_no_test_failure,Traceback (most recent call last),336
193,task_001071_d6a8e8bb,0,17,0.0,traceback_in_exit0,traceback_only_no_test_failure,Traceback (most recent call last),497
193,task_001071_d6a8e8bb,0,18,1.0,traceback_in_exit0,traceback_only_no_test_failure,Traceback (most recent call last),283
193,task_001071_d6a8e8bb,0,19,1.0,traceback_in_exit0,traceback_only_no_test_failure,Traceback (most recent call last),353
193,task_001071_d6a8e8bb,0,22,1.0,traceback_in_exit0,traceback_only_no_test_failure,Traceback (most recent call last),449
193,task_001071_d6a8e8bb,0,23,1.0,traceback_in_exit0,traceback_only_no_test_failure,Traceback (most recent call last),297
193,task_001071_d6a8e8bb,0,24,1.0,traceback_in_exit0,traceback_only_no_test_failure,Traceback (most recent call last),297
193,task_001071_d6a8e8bb,0,25,0.0,traceback_in_exit0,traceback_only_no_test_failure,Traceback (most recent call last),313
193,task_001071_d6a8e8bb,0,26,1.0,traceback_in_exit0,traceback_only_no_test_failure,Traceback (most recent call last),544
193,task_001071_d6a8e8bb,0,27,1.0,traceback_in_exit0,traceback_only_no_test_failure,Traceback (most recent call last),325
193,task_001071_d6a8e8bb,0,28,1.0,traceback_in_exit0,traceback_only_no_test_failure,Traceback (most recent call last),308
193,task_001071_d6a8e8bb,0,31,1.0,traceback_in_exit0,traceback_only_no_test_failure,Traceback (most recent call last),337
193,task_000701_e6a7864c,1,41,0.0,traceback_in_exit0,traceback_only_no_test_failure,Traceback (most recent call last),877
193,task_000701_e6a7864c,1,55,0.0,traceback_in_exit0,traceback_only_no_test_failure,Traceback (most recent call last),412
193,task_000701_e6a7864c,1,60,0.0,tests_failed_in_exit0,later_pass_supersedes_in_same_segment,Test 1 FAILED,172
193,task_000701_e6a7864c,1,61,1.0,traceback_in_exit0,traceback_only_no_test_failure,Traceback (most recent call last),583
193,task_002459_2f0d0d16,2,65,0.0,traceback_in_exit0,traceback_only_no_test_failure,Traceback (most recent call last),1843
193,task_002459_2f0d0d16,2,68,0.0,traceback_in_exit0,traceback_only_no_test_failure,Traceback (most recent call last),1991
193,task_002459_2f0d0d16,2,71,0.0,traceback_in_exit0,traceback_only_no_test_failure,Traceback (most recent call last),3129
193,task_002459_2f0d0d16,2,72,1.0,traceback_in_exit0,traceback_only_no_test_failure,Traceback (most recent call last),1034
193,task_002459_2f0d0d16,2,73,0.0,traceback_in_exit0,traceback_only_no_test_failure,Traceback (most recent call last),552
193,task_002459_2f0d0d16,2,75,0.0,traceback_in_exit0,traceback_only_no_test_failure,Traceback (most recent call last),2071
193,task_002459_2f0d0d16,2,76,1.0,traceback_in_exit0,traceback_only_no_test_failure,Traceback (most recent call last),1939
193,task_002459_2f0d0d16,2,77,1.0,traceback_in_exit0,traceback_only_no_test_failure,Traceback (most recent call last),1037
193,task_002459_2f0d0d16,2,78,0.0,traceback_in_exit0,traceback_only_no_test_failure,Traceback (most recent call last),1171
193,task_002459_2f0d0d16,2,81,0.0,traceback_in_exit0,traceback_only_no_test_failure,Traceback (most recent call last),1806
193,task_002459_2f0d0d16,2,82,0.0,traceback_in_exit0,traceback_only_no_test_failure,Traceback (most recent call last),1806
193,task_002459_2f0d0d16,2,83,1.0,traceback_in_exit0,traceback_only_no_test_failure,Traceback (most recent call last),1859
193,task_002459_2f0d0d16,2,85,0.0,traceback_in_exit0,traceback_only_no_test_failure,Traceback (most recent call last),474
193,task_002459_2f0d0d16,2,86,0.0,traceback_in_exit0,traceback_only_no_test_failure,Traceback (most recent call last),2103
193,task_002459_2f0d0d16,2,88,0.0,traceback_in_exit0,traceback_only_no_test_failure,Traceback (most recent call last),3165
193,task_002459_2f0d0d16,2,89,0.0,traceback_in_exit0,traceback_only_no_test_failure,Traceback (most recent call last),1570
193,task_002459_2f0d0d16,2,90,0.0,traceback_in_exit0,traceback_only_no_test_failure,Traceback (most recent call last),2167
193,task_002459_2f0d0d16,2,92,0.0,traceback_in_exit0,traceback_only_no_test_failure,Traceback (most recent call last),861
193,task_002459_2f0d0d16,2,93,0.0,traceback_in_exit0,traceback_only_no_test_failure,Traceback (most recent call last),2099
193,task_002459_2f0d0d16,2,94,0.0,traceback_in_exit0,traceback_only_no_test_failure,Traceback (most recent call last),1427
193,task_002459_2f0d0d16,2,95,0.0,traceback_in_exit0,traceback_only_no_test_failure,Traceback (most recent call last),1171
193,task_001199_17939d46,4,128,1.0,traceback_in_exit0,traceback_only_no_test_failure,Traceback (most recent call last),279
193,task_001199_17939d46,4,129,0.0,traceback_in_exit0,traceback_only_no_test_failure,Traceback (most recent call last),266
193,task_001199_17939d46,4,131,0.0,traceback_in_exit0,traceback_only_no_test_failure,Traceback (most recent call last),291
193,task_001199_17939d46,4,133,0.0,traceback_in_exit0,traceback_only_no_test_failure,Traceback (most recent call last),465
193,task_001199_17939d46,4,134,0.0,traceback_in_exit0,traceback_only_no_test_failure,Traceback (most recent call last),277
193,task_001199_17939d46,4,136,0.0,traceback_in_exit0,traceback_only_no_test_failure,Traceback (most recent call last),1035
193,task_001199_17939d46,4,137,0.0,traceback_in_exit0,traceback_only_no_test_failure,Traceback (most recent call last),260
193,task_001199_17939d46,4,138,1.0,traceback_in_exit0,traceback_only_no_test_failure,Traceback (most recent call last),336
193,task_001199_17939d46,4,139,0.0,traceback_in_exit0,traceback_only_no_test_failure,Traceback (most recent call last),462
193,task_001199_17939d46,4,140,0.0,traceback_in_exit0,traceback_only_no_test_failure,Traceback (most recent call last),249
193,task_001199_17939d46,4,141,0.0,traceback_in_exit0,traceback_only_no_test_failure,Traceback (most recent call last),415
193,task_001199_17939d46,4,142,0.0,traceback_in_exit0,traceback_only_no_test_failure,Traceback (most recent call last),3377
193,task_001199_17939d46,4,143,0.0,traceback_in_exit0,traceback_only_no_test_failure,Traceback (most recent call last),587
193,task_001199_17939d46,4,144,0.0,traceback_in_exit0,traceback_only_no_test_failure,Traceback (most recent call last),308
193,task_001199_17939d46,4,149,0.0,traceback_in_exit0,traceback_only_no_test_failure,Traceback (most recent call last),190
193,task_001199_17939d46,4,150,0.0,traceback_in_exit0,traceback_only_no_test_failure,Traceback (most recent call last),305
193,task_001199_17939d46,4,151,0.0,traceback_in_exit0,traceback_only_no_test_failure,Traceback (most recent call last),336
193,task_001199_17939d46,4,152,0.0,traceback_in_exit0,traceback_only_no_test_failure,Traceback (most recent call last),356
193,task_001199_17939d46,4,154,0.0,traceback_in_exit0,traceback_only_no_test_failure,Traceback (most recent call last),295
193,task_001199_17939d46,4,155,0.0,traceback_in_exit0,traceback_only_no_test_failure,Traceback (most recent call last),368
193,task_001199_17939d46,4,159,0.0,traceback_in_exit0,traceback_only_no_test_failure,Traceback (most recent call last),141
193,task_003990_27ba5a8d,6,195,0.0,traceback_in_exit0,traceback_only_no_test_failure,Traceback (most recent call last),543
193,task_003990_27ba5a8d,6,196,0.0,traceback_in_exit0,traceback_only_no_test_failure,Traceback (most recent call last),547
193,task_003990_27ba5a8d,6,197,0.0,traceback_in_exit0,traceback_only_no_test_failure,Traceback (most recent call last),262
193,task_003990_27ba5a8d,6,199,0.0,traceback_in_exit0,traceback_only_no_test_failure,Traceback (most recent call last),651
193,task_003990_27ba5a8d,6,200,0.0,traceback_in_exit0,traceback_only_no_test_failure,Traceback (most recent call last),647
193,task_003990_27ba5a8d,6,201,1.0,traceback_in_exit0,traceback_only_no_test_failure,Traceback (most recent call last),251
193,task_003990_27ba5a8d,6,202,0.0,traceback_in_exit0,traceback_only_no_test_failure,Traceback (most recent call last),295
193,task_003990_27ba5a8d,6,204,0.0,traceback_in_exit0,traceback_only_no_test_failure,Traceback (most recent call last),305
193,task_003990_27ba5a8d,6,205,0.0,traceback_in_exit0,traceback_only_no_test_failure,Traceback (most recent call last),650
193,task_003990_27ba5a8d,6,206,0.0,traceback_in_exit0,traceback_only_no_test_failure,Traceback (most recent call last),574
193,task_003990_27ba5a8d,6,207,0.0,traceback_in_exit0,traceback_only_no_test_failure,Traceback (most recent call last),519
193,task_003990_27ba5a8d,6,208,0.0,traceback_in_exit0,traceback_only_no_test_failure,Traceback (most recent call last),524
193,task_003990_27ba5a8d,6,212,0.0,traceback_in_exit0,traceback_only_no_test_failure,Traceback (most recent call last),640
193,task_003990_27ba5a8d,6,214,0.0,traceback_in_exit0,traceback_only_no_test_failure,Traceback (most recent call last),295
193,task_003990_27ba5a8d,6,216,0.0,traceback_in_exit0,traceback_only_no_test_failure,Traceback (most recent call last),889
193,task_003990_27ba5a8d,6,217,0.0,traceback_in_exit0,traceback_only_no_test_failure,Traceback (most recent call last),674
193,task_003990_27ba5a8d,6,218,0.0,traceback_in_exit0,traceback_only_no_test_failure,Traceback (most recent call last),358
193,task_003990_27ba5a8d,6,219,1.0,traceback_in_exit0,traceback_only_no_test_failure,Traceback (most recent call last),331
193,task_003990_27ba5a8d,6,220,0.0,traceback_in_exit0,traceback_only_no_test_failure,Traceback (most recent call last),305
193,task_003990_27ba5a8d,6,221,0.0,traceback_in_exit0,traceback_only_no_test_failure,Traceback (most recent call last),530
194,task_000078_efbae60d,0,1,1.0,traceback_in_exit0,traceback_only_no_test_failure,Traceback (most recent call last),187
194,task_000078_efbae60d,0,2,0.0,traceback_in_exit0,traceback_only_no_test_failure,Traceback (most recent call last),2191
194,task_000078_efbae60d,0,6,0.0,traceback_in_exit0,traceback_only_no_test_failure,Traceback (most recent call last),2827
194,task_000078_efbae60d,0,8,0.0,traceback_in_exit0,traceback_only_no_test_failure,Traceback (most recent call last),2845
194,task_000078_efbae60d,0,9,0.0,traceback_in_exit0,traceback_only_no_test_failure,Traceback (most recent call last),746
194,task_000078_efbae60d,0,19,0.0,traceback_in_exit0,traceback_only_no_test_failure,Traceback (most recent call last),3087
194,task_000078_efbae60d,0,23,0.0,traceback_in_exit0,traceback_only_no_test_failure,Traceback (most recent call last),289
194,task_000078_efbae60d,0,24,0.0,traceback_in_exit0,traceback_only_no_test_failure,Traceback (most recent call last),160
194,task_000078_efbae60d,0,25,0.0,traceback_in_exit0,traceback_only_no_test_failure,Traceback (most recent call last),320
194,task_000078_efbae60d,0,26,0.0,traceback_in_exit0,traceback_only_no_test_failure,Traceback (most recent call last),950
194,task_000078_efbae60d,0,30,0.0,traceback_in_exit0,traceback_only_no_test_failure,Traceback (most recent call last),246
194,task_001955_4f2407d6,1,35,0.0,traceback_in_exit0,traceback_only_no_test_failure,Traceback (most recent call last),199
194,task_001955_4f2407d6,1,42,0.0,traceback_in_exit0,traceback_only_no_test_failure,Traceback (most recent call last),553
194,task_001955_4f2407d6,1,43,1.0,traceback_in_exit0,traceback_only_no_test_failure,Traceback (most recent call last),1959
194,task_001955_4f2407d6,1,44,0.0,traceback_in_exit0,traceback_only_no_test_failure,Traceback (most recent call last),3049
194,task_001955_4f2407d6,1,48,0.0,traceback_in_exit0,traceback_only_no_test_failure,Traceback (most recent call last),2066
194,task_001955_4f2407d6,1,49,1.0,traceback_in_exit0,traceback_only_no_test_failure,Traceback (most recent call last),2198
194,task_001955_4f2407d6,1,51,0.0,traceback_in_exit0,traceback_only_no_test_failure,Traceback (most recent call last),140
194,task_001955_4f2407d6,1,61,0.0,traceback_in_exit0,traceback_only_no_test_failure,Traceback (most recent call last),4021
194,task_001955_4f2407d6,1,62,0.0,traceback_in_exit0,traceback_only_no_test_failure,Traceback (most recent call last),1383
194,task_000830_673b1e9a,3,100,1.0,traceback_in_exit0,traceback_only_no_test_failure,Traceback (most recent call last),147
194,task_000830_673b1e9a,3,104,1.0,traceback_in_exit0,traceback_only_no_test_failure,Traceback (most recent call last),151
194,task_000830_673b1e9a,3,116,1.0,traceback_in_exit0,traceback_only_no_test_failure,Traceback (most recent call last),119
194,task_001499_5e7cb837,5,161,1.0,traceback_in_exit0,traceback_only_no_test_failure,Traceback (most recent call last),1125
194,task_001499_5e7cb837,5,168,1.0,traceback_in_exit0,traceback_only_no_test_failure,Traceback (most recent call last),1393
194,task_001499_5e7cb837,5,182,0.0,traceback_in_exit0,traceback_only_no_test_failure,Traceback (most recent call last),575
195,task_002661_d9d755e6,1,33,0.0,traceback_in_exit0,traceback_only_no_test_failure,Traceback (most recent call last),796
195,task_002661_d9d755e6,1,38,0.0,traceback_in_exit0,traceback_only_no_test_failure,Traceback (most recent call last),325
195,task_002661_d9d755e6,1,39,0.0,traceback_in_exit0,traceback_only_no_test_failure,Traceback (most recent call last),686
195,task_002661_d9d755e6,1,46,1.0,traceback_in_exit0,traceback_only_no_test_failure,Traceback (most recent call last),1097
195,task_002661_d9d755e6,1,48,1.0,traceback_in_exit0,traceback_only_no_test_failure,Traceback (most recent call last),456
195,task_002661_d9d755e6,1,49,1.0,traceback_in_exit0,traceback_only_no_test_failure,Traceback (most recent call last),193
195,task_002661_d9d755e6,1,59,1.0,traceback_in_exit0,traceback_only_no_test_failure,Traceback (most recent call last),947
195,task_002661_d9d755e6,1,60,0.0,traceback_in_exit0,traceback_only_no_test_failure,Traceback (most recent call last),1386
195,task_004020_7896ef06,2,67,0.0,traceback_in_exit0,traceback_only_no_test_failure,Traceback (most recent call last),944
195,task_004020_7896ef06,2,69,0.0,traceback_in_exit0,traceback_only_no_test_failure,Traceback (most recent call last),876
195,task_004020_7896ef06,2,70,1.0,traceback_in_exit0,traceback_only_no_test_failure,Traceback (most recent call last),4151
195,task_004020_7896ef06,2,75,0.0,traceback_in_exit0,traceback_only_no_test_failure,Traceback (most recent call last),374
195,task_004020_7896ef06,2,77,0.0,traceback_in_exit0,traceback_only_no_test_failure,Traceback (most recent call last),127
195,task_004020_7896ef06,2,83,0.0,traceback_in_exit0,traceback_only_no_test_failure,Traceback (most recent call last),2056
195,task_004020_7896ef06,2,84,0.0,traceback_in_exit0,traceback_only_no_test_failure,Traceback (most recent call last),3792
195,task_004020_7896ef06,2,87,0.0,traceback_in_exit0,traceback_only_no_test_failure,Traceback (most recent call last),168
195,task_004020_7896ef06,2,88,0.0,traceback_in_exit0,traceback_only_no_test_failure,Traceback (most recent call last),10543
195,task_000821_f020c404,3,105,1.0,traceback_in_exit0,traceback_only_no_test_failure,Traceback (most recent call last),334
195,task_000821_f020c404,3,107,1.0,traceback_in_exit0,traceback_only_no_test_failure,Traceback (most recent call last),152
195,task_000821_f020c404,3,111,1.0,traceback_in_exit0,traceback_only_no_test_failure,Traceback (most recent call last),843
195,task_000821_f020c404,3,112,0.0,traceback_in_exit0,traceback_only_no_test_failure,Traceback (most recent call last),138
195,task_005233_2a0709d7,4,128,1.0,traceback_in_exit0,traceback_only_no_test_failure,Traceback (most recent call last),867
195,task_005233_2a0709d7,4,129,1.0,traceback_in_exit0,traceback_only_no_test_failure,Traceback (most recent call last),547
195,task_005233_2a0709d7,4,131,1.0,traceback_in_exit0,traceback_only_no_test_failure,Traceback (most recent call last),1742
195,task_005233_2a0709d7,4,132,1.0,traceback_in_exit0,traceback_only_no_test_failure,Traceback (most recent call last),944
195,task_005233_2a0709d7,4,133,1.0,traceback_in_exit0,traceback_only_no_test_failure,Traceback (most recent call last),1913
195,task_005233_2a0709d7,4,134,1.0,traceback_in_exit0,traceback_only_no_test_failure,Traceback (most recent call last),930
195,task_005233_2a0709d7,4,135,1.0,traceback_in_exit0,traceback_only_no_test_failure,Traceback (most recent call last),1028
195,task_005233_2a0709d7,4,138,1.0,traceback_in_exit0,traceback_only_no_test_failure,Traceback (most recent call last),541
195,task_005233_2a0709d7,4,141,1.0,traceback_in_exit0,traceback_only_no_test_failure,Traceback (most recent call last),949
195,task_005233_2a0709d7,4,142,1.0,traceback_in_exit0,traceback_only_no_test_failure,Traceback (most recent call last),718
195,task_005233_2a0709d7,4,143,1.0,traceback_in_exit0,traceback_only_no_test_failure,Traceback (most recent call last),893
195,task_005233_2a0709d7,4,144,1.0,traceback_in_exit0,traceback_only_no_test_failure,Traceback (most recent call last),488
195,task_005233_2a0709d7,4,145,1.0,traceback_in_exit0,traceback_only_no_test_failure,Traceback (most recent call last),892
195,task_005233_2a0709d7,4,146,1.0,traceback_in_exit0,traceback_only_no_test_failure,Traceback (most recent call last),917
195,task_005233_2a0709d7,4,148,1.0,traceback_in_exit0,traceback_only_no_test_failure,Traceback (most recent call last),1470
195,task_005233_2a0709d7,4,149,1.0,traceback_in_exit0,traceback_only_no_test_failure,Traceback (most recent call last),867
195,task_005233_2a0709d7,4,150,1.0,traceback_in_exit0,traceback_only_no_test_failure,Traceback (most recent call last),1112
195,task_005233_2a0709d7,4,155,1.0,traceback_in_exit0,traceback_only_no_test_failure,Traceback (most recent call last),887
195,task_005233_2a0709d7,4,157,1.0,traceback_in_exit0,traceback_only_no_test_failure,Traceback (most recent call last),576
195,task_005233_2a0709d7,4,159,1.0,traceback_in_exit0,traceback_only_no_test_failure,Traceback (most recent call last),968
195,task_003857_c7cb8d02,5,160,1.0,traceback_in_exit0,traceback_only_no_test_failure,Traceback (most recent call last),203
195,task_003857_c7cb8d02,5,161,0.0,traceback_in_exit0,traceback_only_no_test_failure,Traceback (most recent call last),224
195,task_003857_c7cb8d02,5,162,1.0,traceback_in_exit0,traceback_only_no_test_failure,Traceback (most recent call last),1410
195,task_003857_c7cb8d02,5,163,1.0,traceback_in_exit0,traceback_only_no_test_failure,Traceback (most recent call last),961
195,task_003857_c7cb8d02,5,165,1.0,traceback_in_exit0,traceback_only_no_test_failure,Traceback (most recent call last),817
195,task_003857_c7cb8d02,5,167,1.0,traceback_in_exit0,traceback_only_no_test_failure,Traceback (most recent call last),187
195,task_003857_c7cb8d02,5,168,1.0,traceback_in_exit0,traceback_only_no_test_failure,Traceback (most recent call last),1762
195,task_003857_c7cb8d02,5,169,1.0,traceback_in_exit0,traceback_only_no_test_failure,Traceback (most recent call last),198
195,task_003857_c7cb8d02,5,170,0.0,traceback_in_exit0,traceback_only_no_test_failure,Traceback (most recent call last),1204
195,task_003857_c7cb8d02,5,172,1.0,traceback_in_exit0,traceback_only_no_test_failure,Traceback (most recent call last),277
195,task_003857_c7cb8d02,5,173,0.0,traceback_in_exit0,traceback_only_no_test_failure,Traceback (most recent call last),335
195,task_003857_c7cb8d02,5,174,1.0,traceback_in_exit0,traceback_only_no_test_failure,Traceback (most recent call last),787
195,task_003857_c7cb8d02,5,175,1.0,traceback_in_exit0,traceback_only_no_test_failure,Traceback (most recent call last),1251
195,task_003857_c7cb8d02,5,176,1.0,traceback_in_exit0,traceback_only_no_test_failure,Traceback (most recent call last),368
195,task_003857_c7cb8d02,5,178,1.0,traceback_in_exit0,traceback_only_no_test_failure,Traceback (most recent call last),1369
195,task_003857_c7cb8d02,5,181,1.0,traceback_in_exit0,traceback_only_no_test_failure,Traceback (most recent call last),789
195,task_003857_c7cb8d02,5,183,1.0,traceback_in_exit0,traceback_only_no_test_failure,Traceback (most recent call last),563
195,task_003857_c7cb8d02,5,184,1.0,traceback_in_exit0,traceback_only_no_test_failure,Traceback (most recent call last),1975
195,task_003857_c7cb8d02,5,185,1.0,traceback_in_exit0,traceback_only_no_test_failure,Traceback (most recent call last),399
195,task_003857_c7cb8d02,5,186,1.0,traceback_in_exit0,traceback_only_no_test_failure,Traceback (most recent call last),493
195,task_003857_c7cb8d02,5,189,0.0,traceback_in_exit0,traceback_only_no_test_failure,Traceback (most recent call last),1626
195,task_003857_c7cb8d02,5,191,1.0,traceback_in_exit0,traceback_only_no_test_failure,Traceback (most recent call last),647
195,task_003386_ca94fd75,7,224,0.0,traceback_in_exit0,traceback_only_no_test_failure,Traceback (most recent call last),518
195,task_003386_ca94fd75,7,225,1.0,traceback_in_exit0,traceback_only_no_test_failure,Traceback (most recent call last),592
195,task_003386_ca94fd75,7,226,0.0,traceback_in_exit0,traceback_only_no_test_failure,Traceback (most recent call last),535
195,task_003386_ca94fd75,7,227,0.0,traceback_in_exit0,traceback_only_no_test_failure,Traceback (most recent call last),583
195,task_003386_ca94fd75,7,228,1.0,traceback_in_exit0,traceback_only_no_test_failure,Traceback (most recent call last),314
195,task_003386_ca94fd75,7,229,0.0,traceback_in_exit0,traceback_only_no_test_failure,Traceback (most recent call last),523
195,task_003386_ca94fd75,7,230,0.0,traceback_in_exit0,traceback_only_no_test_failure,Traceback (most recent call last),534
195,task_003386_ca94fd75,7,232,0.0,traceback_in_exit0,traceback_only_no_test_failure,Traceback (most recent call last),419
195,task_003386_ca94fd75,7,233,1.0,traceback_in_exit0,traceback_only_no_test_failure,Traceback (most recent call last),264
195,task_003386_ca94fd75,7,235,0.0,traceback_in_exit0,traceback_only_no_test_failure,Traceback (most recent call last),519
195,task_003386_ca94fd75,7,236,1.0,traceback_in_exit0,traceback_only_no_test_failure,Traceback (most recent call last),522
195,task_003386_ca94fd75,7,238,0.0,traceback_in_exit0,traceback_only_no_test_failure,Traceback (most recent call last),510
195,task_003386_ca94fd75,7,239,1.0,traceback_in_exit0,traceback_only_no_test_failure,Traceback (most recent call last),519
195,task_003386_ca94fd75,7,240,0.0,traceback_in_exit0,traceback_only_no_test_failure,Traceback (most recent call last),439
195,task_003386_ca94fd75,7,243,0.0,traceback_in_exit0,traceback_only_no_test_failure,Traceback (most recent call last),1159
195,task_003386_ca94fd75,7,244,0.0,tests_failed_in_exit0,unexplained_exit0_with_test_failure,Test 1 failed,310
195,task_003386_ca94fd75,7,245,0.0,traceback_in_exit0,traceback_only_no_test_failure,Traceback (most recent call last),625
195,task_003386_ca94fd75,7,246,1.0,traceback_in_exit0,traceback_only_no_test_failure,Traceback (most recent call last),530
195,task_003386_ca94fd75,7,247,1.0,traceback_in_exit0,traceback_only_no_test_failure,Traceback (most recent call last),519
195,task_003386_ca94fd75,7,252,1.0,traceback_in_exit0,traceback_only_no_test_failure,Traceback (most recent call last),680
195,task_003386_ca94fd75,7,253,0.0,traceback_in_exit0,traceback_only_no_test_failure,Traceback (most recent call last),514
195,task_003386_ca94fd75,7,254,1.0,traceback_in_exit0,traceback_only_no_test_failure,Traceback (most recent call last),587
196,task_002676_0b339418,0,11,1.0,traceback_in_exit0,traceback_only_no_test_failure,Traceback (most recent call last),217
196,task_002676_0b339418,0,12,1.0,traceback_in_exit0,traceback_only_no_test_failure,Traceback (most recent call last),336
196,task_002082_d5b88c8d,2,83,0.0,tests_failed_in_exit0,unexplained_exit0_with_test_failure,5 failed,156
196,task_003354_ab590273,3,96,0.0,traceback_in_exit0,traceback_only_no_test_failure,Traceback (most recent call last),681
196,task_003354_ab590273,3,97,0.0,traceback_in_exit0,traceback_only_no_test_failure,Traceback (most recent call last),710
196,task_003354_ab590273,3,100,0.0,traceback_in_exit0,traceback_only_no_test_failure,Traceback (most recent call last),440
196,task_003354_ab590273,3,103,0.0,traceback_in_exit0,traceback_only_no_test_failure,Traceback (most recent call last),1328
196,task_003354_ab590273,3,105,1.0,traceback_in_exit0,traceback_only_no_test_failure,Traceback (most recent call last),581
196,task_003354_ab590273,3,107,0.0,traceback_in_exit0,traceback_only_no_test_failure,Traceback (most recent call last),413
196,task_003354_ab590273,3,108,0.0,traceback_in_exit0,traceback_only_no_test_failure,Traceback (most recent call last),802
196,task_003354_ab590273,3,109,0.0,traceback_in_exit0,traceback_only_no_test_failure,Traceback (most recent call last),1003
196,task_003354_ab590273,3,110,0.0,traceback_in_exit0,traceback_only_no_test_failure,Traceback (most recent call last),562
196,task_003354_ab590273,3,112,0.0,traceback_in_exit0,traceback_only_no_test_failure,Traceback (most recent call last),545
196,task_003354_ab590273,3,113,0.0,traceback_in_exit0,traceback_only_no_test_failure,Traceback (most recent call last),643
196,task_003354_ab590273,3,115,0.0,traceback_in_exit0,traceback_only_no_test_failure,Traceback (most recent call last),369
196,task_003354_ab590273,3,116,0.0,traceback_in_exit0,traceback_only_no_test_failure,Traceback (most recent call last),481
196,task_003354_ab590273,3,117,0.0,traceback_in_exit0,traceback_only_no_test_failure,Traceback (most recent call last),575
196,task_003354_ab590273,3,118,0.0,traceback_in_exit0,traceback_only_no_test_failure,Traceback (most recent call last),509
196,task_003354_ab590273,3,119,0.0,traceback_in_exit0,traceback_only_no_test_failure,Traceback (most recent call last),697
196,task_003354_ab590273,3,120,0.0,traceback_in_exit0,traceback_only_no_test_failure,Traceback (most recent call last),592
196,task_003354_ab590273,3,121,1.0,traceback_in_exit0,traceback_only_no_test_failure,Traceback (most recent call last),477
196,task_003354_ab590273,3,123,0.0,traceback_in_exit0,traceback_only_no_test_failure,Traceback (most recent call last),548
196,task_003354_ab590273,3,125,0.0,traceback_in_exit0,traceback_only_no_test_failure,Traceback (most recent call last),2305
196,task_003798_d651b4d3,4,129,0.0,traceback_in_exit0,traceback_only_no_test_failure,Traceback (most recent call last),299
196,task_003798_d651b4d3,4,137,0.0,traceback_in_exit0,traceback_only_no_test_failure,Traceback (most recent call last),523
196,task_003798_d651b4d3,4,147,0.0,tests_failed_in_exit0,pytest_collection_error,error during collection,1017
196,task_003798_d651b4d3,4,155,0.0,traceback_in_exit0,traceback_only_no_test_failure,Traceback (most recent call last),1299
196,task_003798_d651b4d3,4,156,1.0,traceback_in_exit0,traceback_only_no_test_failure,Traceback (most recent call last),133
196,task_003798_d651b4d3,4,158,0.0,traceback_in_exit0,traceback_only_no_test_failure,Traceback (most recent call last),991
196,task_003798_d651b4d3,4,159,0.0,traceback_in_exit0,traceback_only_no_test_failure,Traceback (most recent call last),678
196,task_004833_f633ec26,5,170,1.0,traceback_in_exit0,traceback_only_no_test_failure,Traceback (most recent call last),250
196,task_004833_f633ec26,5,173,1.0,traceback_in_exit0,traceback_only_no_test_failure,Traceback (most recent call last),1133
196,task_004833_f633ec26,5,178,1.0,traceback_in_exit0,traceback_only_no_test_failure,Traceback (most recent call last),249
196,task_002922_12557bd4,6,192,1.0,tests_failed_in_exit0,unexplained_exit0_with_test_failure,2 failed,461
196,task_002922_12557bd4,6,196,1.0,traceback_in_exit0,traceback_only_no_test_failure,Traceback (most recent call last),298
196,task_002922_12557bd4,6,199,1.0,traceback_in_exit0,traceback_only_no_test_failure,Traceback (most recent call last),143
196,task_002922_12557bd4,6,202,1.0,traceback_in_exit0,traceback_only_no_test_failure,Traceback (most recent call last),167
196,task_002922_12557bd4,6,205,1.0,tests_failed_in_exit0,unexplained_exit0_with_test_failure,1 failed,260
196,task_002922_12557bd4,6,218,1.0,traceback_in_exit0,traceback_only_no_test_failure,Traceback (most recent call last),121
197,task_002368_8c7958ff,1,39,1.0,traceback_in_exit0,traceback_only_no_test_failure,Traceback (most recent call last),524
197,task_002368_8c7958ff,1,41,1.0,traceback_in_exit0,traceback_only_no_test_failure,Traceback (most recent call last),138
197,task_002368_8c7958ff,1,51,0.0,traceback_in_exit0,traceback_only_no_test_failure,Traceback (most recent call last),461
197,task_002582_1099c0a5,2,66,0.0,traceback_in_exit0,traceback_only_no_test_failure,Traceback (most recent call last),523
197,task_002582_1099c0a5,2,67,0.0,traceback_in_exit0,traceback_only_no_test_failure,Traceback (most recent call last),603
197,task_002582_1099c0a5,2,68,0.0,traceback_in_exit0,traceback_only_no_test_failure,Traceback (most recent call last),508
197,task_002582_1099c0a5,2,70,0.0,traceback_in_exit0,traceback_only_no_test_failure,Traceback (most recent call last),181
197,task_002582_1099c0a5,2,71,0.0,traceback_in_exit0,traceback_only_no_test_failure,Traceback (most recent call last),504
197,task_002582_1099c0a5,2,72,1.0,traceback_in_exit0,traceback_only_no_test_failure,Traceback (most recent call last),499
197,task_002582_1099c0a5,2,74,0.0,traceback_in_exit0,traceback_only_no_test_failure,Traceback (most recent call last),574
197,task_002582_1099c0a5,2,75,0.0,traceback_in_exit0,traceback_only_no_test_failure,Traceback (most recent call last),263
197,task_002582_1099c0a5,2,77,0.0,traceback_in_exit0,traceback_only_no_test_failure,Traceback (most recent call last),782
197,task_002582_1099c0a5,2,79,0.0,traceback_in_exit0,traceback_only_no_test_failure,Traceback (most recent call last),500
197,task_002582_1099c0a5,2,81,0.0,traceback_in_exit0,traceback_only_no_test_failure,Traceback (most recent call last),515
197,task_002582_1099c0a5,2,82,0.0,traceback_in_exit0,traceback_only_no_test_failure,Traceback (most recent call last),4080
197,task_002582_1099c0a5,2,84,0.0,traceback_in_exit0,traceback_only_no_test_failure,Traceback (most recent call last),997
197,task_002582_1099c0a5,2,86,0.0,traceback_in_exit0,traceback_only_no_test_failure,Traceback (most recent call last),669
197,task_002582_1099c0a5,2,88,0.0,traceback_in_exit0,traceback_only_no_test_failure,Traceback (most recent call last),251
197,task_002582_1099c0a5,2,89,0.0,traceback_in_exit0,traceback_only_no_test_failure,Traceback (most recent call last),158
197,task_002582_1099c0a5,2,90,0.0,traceback_in_exit0,traceback_only_no_test_failure,Traceback (most recent call last),506
197,task_002582_1099c0a5,2,95,0.0,traceback_in_exit0,traceback_only_no_test_failure,Traceback (most recent call last),516
197,task_004629_965be4c1,3,113,0.0,traceback_in_exit0,traceback_only_no_test_failure,Traceback (most recent call last),181
197,task_004629_965be4c1,3,119,0.0,traceback_in_exit0,traceback_only_no_test_failure,Traceback (most recent call last),550
197,task_001842_eceb259c,4,129,1.0,traceback_in_exit0,traceback_only_no_test_failure,Traceback (most recent call last),367
197,task_001842_eceb259c,4,132,1.0,traceback_in_exit0,traceback_only_no_test_failure,Traceback (most recent call last),230
197,task_001842_eceb259c,4,134,1.0,traceback_in_exit0,traceback_only_no_test_failure,Traceback (most recent call last),157
197,task_001842_eceb259c,4,144,1.0,traceback_in_exit0,traceback_only_no_test_failure,Traceback (most recent call last),159
197,task_001842_eceb259c,4,146,1.0,traceback_in_exit0,traceback_only_no_test_failure,Traceback (most recent call last),137
197,task_001842_eceb259c,4,147,1.0,traceback_in_exit0,traceback_only_no_test_failure,Traceback (most recent call last),249
197,task_001842_eceb259c,4,153,1.0,traceback_in_exit0,traceback_only_no_test_failure,Traceback (most recent call last),143
197,task_001842_eceb259c,4,157,1.0,traceback_in_exit0,traceback_only_no_test_failure,Traceback (most recent call last),297
197,task_004392_fea5bf15,5,162,1.0,traceback_in_exit0,traceback_only_no_test_failure,Traceback (most recent call last),551
197,task_004392_fea5bf15,5,163,1.0,traceback_in_exit0,traceback_only_no_test_failure,Traceback (most recent call last),2156
197,task_004392_fea5bf15,5,166,1.0,traceback_in_exit0,traceback_only_no_test_failure,Traceback (most recent call last),433
197,task_004392_fea5bf15,5,168,1.0,traceback_in_exit0,traceback_only_no_test_failure,Traceback (most recent call last),120
197,task_004392_fea5bf15,5,171,1.0,traceback_in_exit0,traceback_only_no_test_failure,Traceback (most recent call last),162
197,task_004392_fea5bf15,5,176,1.0,traceback_in_exit0,traceback_only_no_test_failure,Traceback (most recent call last),525
197,task_004392_fea5bf15,5,177,1.0,traceback_in_exit0,traceback_only_no_test_failure,Traceback (most recent call last),478
197,task_004392_fea5bf15,5,180,1.0,traceback_in_exit0,traceback_only_no_test_failure,Traceback (most recent call last),745
197,task_004392_fea5bf15,5,190,1.0,traceback_in_exit0,traceback_only_no_test_failure,Traceback (most recent call last),3483
197,task_004392_fea5bf15,5,191,1.0,traceback_in_exit0,traceback_only_no_test_failure,Traceback (most recent call last),879
197,task_001400_8f9eb861,6,192,1.0,traceback_in_exit0,traceback_only_no_test_failure,Traceback (most recent call last),526
197,task_001400_8f9eb861,6,196,1.0,traceback_in_exit0,traceback_only_no_test_failure,Traceback (most recent call last),523
197,task_001400_8f9eb861,6,199,1.0,traceback_in_exit0,traceback_only_no_test_failure,Traceback (most recent call last),2253
197,task_001400_8f9eb861,6,208,0.0,traceback_in_exit0,traceback_only_no_test_failure,Traceback (most recent call last),610
197,task_001400_8f9eb861,6,211,0.0,traceback_in_exit0,traceback_only_no_test_failure,Traceback (most recent call last),486
197,task_001400_8f9eb861,6,217,0.0,traceback_in_exit0,traceback_only_no_test_failure,Traceback (most recent call last),704
197,task_001400_8f9eb861,6,222,1.0,traceback_in_exit0,traceback_only_no_test_failure,Traceback (most recent call last),2674
197,task_001400_8f9eb861,6,223,1.0,traceback_in_exit0,traceback_only_no_test_failure,Traceback (most recent call last),568
198,task_004268_4310b720,1,40,0.0,traceback_in_exit0,traceback_only_no_test_failure,Traceback (most recent call last),689
198,task_004268_4310b720,1,43,0.0,traceback_in_exit0,traceback_only_no_test_failure,Traceback (most recent call last),170
198,task_004268_4310b720,1,44,0.0,traceback_in_exit0,traceback_only_no_test_failure,Traceback (most recent call last),478
198,task_004268_4310b720,1,48,0.0,traceback_in_exit0,traceback_only_no_test_failure,Traceback (most recent call last),289
198,task_004268_4310b720,1,53,0.0,traceback_in_exit0,traceback_only_no_test_failure,Traceback (most recent call last),594
198,task_004268_4310b720,1,57,0.0,traceback_in_exit0,traceback_only_no_test_failure,Traceback (most recent call last),868
198,task_004268_4310b720,1,61,0.0,traceback_in_exit0,traceback_only_no_test_failure,Traceback (most recent call last),184
198,task_004268_4310b720,1,63,0.0,traceback_in_exit0,traceback_only_no_test_failure,Traceback (most recent call last),502
198,task_002823_41b727f0,2,66,0.0,traceback_in_exit0,traceback_only_no_test_failure,Traceback (most recent call last),270
198,task_002823_41b727f0,2,68,1.0,traceback_in_exit0,traceback_only_no_test_failure,Traceback (most recent call last),1112
198,task_002823_41b727f0,2,70,1.0,traceback_in_exit0,traceback_only_no_test_failure,Traceback (most recent call last),356
198,task_002823_41b727f0,2,72,1.0,traceback_in_exit0,traceback_only_no_test_failure,Traceback (most recent call last),877
198,task_002823_41b727f0,2,74,1.0,traceback_in_exit0,traceback_only_no_test_failure,Traceback (most recent call last),491
198,task_002823_41b727f0,2,75,0.0,traceback_in_exit0,traceback_only_no_test_failure,Traceback (most recent call last),520
198,task_002823_41b727f0,2,77,1.0,traceback_in_exit0,traceback_only_no_test_failure,Traceback (most recent call last),4296
198,task_002823_41b727f0,2,78,0.0,traceback_in_exit0,traceback_only_no_test_failure,Traceback (most recent call last),1034
198,task_002823_41b727f0,2,80,0.0,traceback_in_exit0,traceback_only_no_test_failure,Traceback (most recent call last),371
198,task_002823_41b727f0,2,82,0.0,traceback_in_exit0,traceback_only_no_test_failure,Traceback (most recent call last),878
198,task_002823_41b727f0,2,84,1.0,traceback_in_exit0,traceback_only_no_test_failure,Traceback (most recent call last),958
198,task_002823_41b727f0,2,85,1.0,traceback_in_exit0,traceback_only_no_test_failure,Traceback (most recent call last),288
198,task_002823_41b727f0,2,86,0.0,traceback_in_exit0,traceback_only_no_test_failure,Traceback (most recent call last),133
198,task_002823_41b727f0,2,91,0.0,traceback_in_exit0,traceback_only_no_test_failure,Traceback (most recent call last),635
198,task_002823_41b727f0,2,92,1.0,traceback_in_exit0,traceback_only_no_test_failure,Traceback (most recent call last),146
198,task_002823_41b727f0,2,93,0.0,traceback_in_exit0,traceback_only_no_test_failure,Traceback (most recent call last),291
198,task_002823_41b727f0,2,94,1.0,traceback_in_exit0,traceback_only_no_test_failure,Traceback (most recent call last),499
198,task_004258_a3b026dd,5,162,0.0,traceback_in_exit0,traceback_only_no_test_failure,Traceback (most recent call last),245
198,task_004258_a3b026dd,5,165,1.0,traceback_in_exit0,traceback_only_no_test_failure,Traceback (most recent call last),136
198,task_004258_a3b026dd,5,167,0.0,traceback_in_exit0,traceback_only_no_test_failure,Traceback (most recent call last),399
198,task_004258_a3b026dd,5,172,0.0,traceback_in_exit0,traceback_only_no_test_failure,Traceback (most recent call last),211
198,task_004258_a3b026dd,5,174,1.0,traceback_in_exit0,traceback_only_no_test_failure,Traceback (most recent call last),253
198,task_004258_a3b026dd,5,176,1.0,traceback_in_exit0,traceback_only_no_test_failure,Traceback (most recent call last),150
198,task_004258_a3b026dd,5,178,0.0,traceback_in_exit0,traceback_only_no_test_failure,Traceback (most recent call last),171
198,task_004258_a3b026dd,5,180,0.0,traceback_in_exit0,traceback_only_no_test_failure,Traceback (most recent call last),631
198,task_004258_a3b026dd,5,185,1.0,traceback_in_exit0,traceback_only_no_test_failure,Traceback (most recent call last),240
199,task_006602_4952ff73,0,0,0.0,traceback_in_exit0,traceback_only_no_test_failure,Traceback (most recent call last),511
199,task_006602_4952ff73,0,1,0.0,traceback_in_exit0,traceback_only_no_test_failure,Traceback (most recent call last),511
199,task_006602_4952ff73,0,2,0.0,traceback_in_exit0,traceback_only_no_test_failure,Traceback (most recent call last),511
199,task_006602_4952ff73,0,3,1.0,traceback_in_exit0,traceback_only_no_test_failure,Traceback (most recent call last),511
199,task_006602_4952ff73,0,4,0.0,traceback_in_exit0,traceback_only_no_test_failure,Traceback (most recent call last),573
199,task_006602_4952ff73,0,5,0.0,traceback_in_exit0,traceback_only_no_test_failure,Traceback (most recent call last),569
199,task_006602_4952ff73,0,7,1.0,traceback_in_exit0,traceback_only_no_test_failure,Traceback (most recent call last),537
199,task_006602_4952ff73,0,8,0.0,traceback_in_exit0,traceback_only_no_test_failure,Traceback (most recent call last),765
199,task_006602_4952ff73,0,9,0.0,traceback_in_exit0,traceback_only_no_test_failure,Traceback (most recent call last),511
199,task_006602_4952ff73,0,10,0.0,traceback_in_exit0,traceback_only_no_test_failure,Traceback (most recent call last),511
199,task_006602_4952ff73,0,14,0.0,traceback_in_exit0,traceback_only_no_test_failure,Traceback (most recent call last),509
199,task_006602_4952ff73,0,16,0.0,traceback_in_exit0,traceback_only_no_test_failure,Traceback (most recent call last),524
199,task_006602_4952ff73,0,18,0.0,traceback_in_exit0,traceback_only_no_test_failure,Traceback (most recent call last),564
199,task_006602_4952ff73,0,20,0.0,traceback_in_exit0,traceback_only_no_test_failure,Traceback (most recent call last),1279
199,task_006602_4952ff73,0,21,0.0,traceback_in_exit0,traceback_only_no_test_failure,Traceback (most recent call last),513
199,task_006602_4952ff73,0,22,0.0,traceback_in_exit0,traceback_only_no_test_failure,Traceback (most recent call last),511
199,task_006602_4952ff73,0,24,0.0,traceback_in_exit0,traceback_only_no_test_failure,Traceback (most recent call last),511
199,task_006602_4952ff73,0,25,0.0,traceback_in_exit0,traceback_only_no_test_failure,Traceback (most recent call last),1113
199,task_006602_4952ff73,0,27,0.0,traceback_in_exit0,traceback_only_no_test_failure,Traceback (most recent call last),682
199,task_006602_4952ff73,0,28,0.0,traceback_in_exit0,traceback_only_no_test_failure,Traceback (most recent call last),511
199,task_006602_4952ff73,0,29,0.0,traceback_in_exit0,traceback_only_no_test_failure,Traceback (most recent call last),511
199,task_006602_4952ff73,0,30,0.0,traceback_in_exit0,traceback_only_no_test_failure,Traceback (most recent call last),568
199,task_003741_0b838b5b,1,33,0.0,traceback_in_exit0,traceback_only_no_test_failure,Traceback (most recent call last),174
199,task_003741_0b838b5b,1,34,0.0,traceback_in_exit0,traceback_only_no_test_failure,Traceback (most recent call last),2088
199,task_003741_0b838b5b,1,42,1.0,traceback_in_exit0,traceback_only_no_test_failure,Traceback (most recent call last),243
199,task_003741_0b838b5b,1,50,1.0,traceback_in_exit0,traceback_only_no_test_failure,Traceback (most recent call last),598
199,task_003741_0b838b5b,1,52,1.0,tests_failed_in_exit0,unexplained_exit0_with_test_failure,1 failed,138
199,task_003741_0b838b5b,1,53,0.0,traceback_in_exit0,traceback_only_no_test_failure,Traceback (most recent call last),411
199,task_003741_0b838b5b,1,60,1.0,traceback_in_exit0,traceback_only_no_test_failure,Traceback (most recent call last),933
199,task_008088_f23c0af4,2,86,1.0,traceback_in_exit0,traceback_only_no_test_failure,Traceback (most recent call last),525
199,task_000074_d70e3f4c,7,227,0.0,traceback_in_exit0,traceback_only_no_test_failure,Traceback (most recent call last),1270
199,task_000074_d70e3f4c,7,228,0.0,traceback_in_exit0,traceback_only_no_test_failure,Traceback (most recent call last),422
199,task_000074_d70e3f4c,7,231,0.0,traceback_in_exit0,traceback_only_no_test_failure,Traceback (most recent call last),533
199,task_000074_d70e3f4c,7,234,0.0,traceback_in_exit0,traceback_only_no_test_failure,Traceback (most recent call last),186
199,task_000074_d70e3f4c,7,235,0.0,traceback_in_exit0,traceback_only_no_test_failure,Traceback (most recent call last),1290
199,task_000074_d70e3f4c,7,237,1.0,traceback_in_exit0,traceback_only_no_test_failure,Traceback (most recent call last),585
199,task_000074_d70e3f4c,7,238,0.0,traceback_in_exit0,traceback_only_no_test_failure,Traceback (most recent call last),614
199,task_000074_d70e3f4c,7,239,1.0,traceback_in_exit0,traceback_only_no_test_failure,Traceback (most recent call last),783
199,task_000074_d70e3f4c,7,240,0.0,traceback_in_exit0,traceback_only_no_test_failure,Traceback (most recent call last),537
199,task_000074_d70e3f4c,7,244,0.0,traceback_in_exit0,traceback_only_no_test_failure,Traceback (most recent call last),1008
199,task_000074_d70e3f4c,7,246,0.0,traceback_in_exit0,traceback_only_no_test_failure,Traceback (most recent call last),467
199,task_000074_d70e3f4c,7,248,0.0,traceback_in_exit0,traceback_only_no_test_failure,Traceback (most recent call last),504
199,task_000074_d70e3f4c,7,249,0.0,traceback_in_exit0,traceback_only_no_test_failure,Traceback (most recent call last),617
199,task_000074_d70e3f4c,7,253,0.0,traceback_in_exit0,traceback_only_no_test_failure,Traceback (most recent call last),761
199,task_000074_d70e3f4c,7,254,0.0,traceback_in_exit0,traceback_only_no_test_failure,Traceback (most recent call last),1034
199,task_000074_d70e3f4c,7,255,0.0,traceback_in_exit0,traceback_only_no_test_failure,Traceback (most recent call last),1183
200,task_002162_d0482a85,0,8,0.0,traceback_in_exit0,traceback_only_no_test_failure,Traceback (most recent call last),259
200,task_002162_d0482a85,0,9,0.0,traceback_in_exit0,traceback_only_no_test_failure,Traceback (most recent call last),167
200,task_002162_d0482a85,0,18,0.0,traceback_in_exit0,traceback_only_no_test_failure,Traceback (most recent call last),209
200,task_002162_d0482a85,0,20,0.0,traceback_in_exit0,traceback_only_no_test_failure,Traceback (most recent call last),179
200,task_002162_d0482a85,0,31,0.0,traceback_in_exit0,traceback_only_no_test_failure,Traceback (most recent call last),322
200,task_004783_b25285a3,2,64,0.0,traceback_in_exit0,traceback_only_no_test_failure,Traceback (most recent call last),1267
200,task_004783_b25285a3,2,65,0.0,traceback_in_exit0,traceback_only_no_test_failure,Traceback (most recent call last),132
200,task_004783_b25285a3,2,66,0.0,traceback_in_exit0,traceback_only_no_test_failure,Traceback (most recent call last),573
200,task_004783_b25285a3,2,67,0.0,traceback_in_exit0,traceback_only_no_test_failure,Traceback (most recent call last),404
200,task_004783_b25285a3,2,69,0.0,traceback_in_exit0,traceback_only_no_test_failure,Traceback (most recent call last),747
200,task_004783_b25285a3,2,70,0.0,traceback_in_exit0,traceback_only_no_test_failure,Traceback (most recent call last),471
200,task_004783_b25285a3,2,71,0.0,traceback_in_exit0,traceback_only_no_test_failure,Traceback (most recent call last),161
200,task_004783_b25285a3,2,72,1.0,traceback_in_exit0,traceback_only_no_test_failure,Traceback (most recent call last),1276
200,task_004783_b25285a3,2,73,0.0,traceback_in_exit0,traceback_only_no_test_failure,Traceback (most recent call last),847
200,task_004783_b25285a3,2,74,0.0,traceback_in_exit0,traceback_only_no_test_failure,Traceback (most recent call last),276
200,task_004783_b25285a3,2,75,0.0,traceback_in_exit0,traceback_only_no_test_failure,Traceback (most recent call last),670
200,task_004783_b25285a3,2,76,0.0,traceback_in_exit0,traceback_only_no_test_failure,Traceback (most recent call last),584
200,task_004783_b25285a3,2,77,0.0,traceback_in_exit0,traceback_only_no_test_failure,Traceback (most recent call last),352
200,task_004783_b25285a3,2,78,0.0,traceback_in_exit0,traceback_only_no_test_failure,Traceback (most recent call last),820
200,task_004783_b25285a3,2,79,0.0,traceback_in_exit0,traceback_only_no_test_failure,Traceback (most recent call last),1205
200,task_004783_b25285a3,2,80,0.0,traceback_in_exit0,traceback_only_no_test_failure,Traceback (most recent call last),370
200,task_004783_b25285a3,2,81,0.0,traceback_in_exit0,traceback_only_no_test_failure,Traceback (most recent call last),493
200,task_004783_b25285a3,2,82,0.0,traceback_in_exit0,traceback_only_no_test_failure,Traceback (most recent call last),138
200,task_004783_b25285a3,2,83,0.0,traceback_in_exit0,traceback_only_no_test_failure,Traceback (most recent call last),304
200,task_004783_b25285a3,2,84,0.0,traceback_in_exit0,traceback_only_no_test_failure,Traceback (most recent call last),173
200,task_004783_b25285a3,2,85,0.0,traceback_in_exit0,traceback_only_no_test_failure,Traceback (most recent call last),400
200,task_004783_b25285a3,2,86,0.0,traceback_in_exit0,traceback_only_no_test_failure,Traceback (most recent call last),721
200,task_004783_b25285a3,2,87,0.0,traceback_in_exit0,traceback_only_no_test_failure,Traceback (most recent call last),943
200,task_004783_b25285a3,2,88,0.0,traceback_in_exit0,traceback_only_no_test_failure,Traceback (most recent call last),426
200,task_004783_b25285a3,2,89,0.0,traceback_in_exit0,traceback_only_no_test_failure,Traceback (most recent call last),717
200,task_004783_b25285a3,2,90,0.0,traceback_in_exit0,traceback_only_no_test_failure,Traceback (most recent call last),169
200,task_004783_b25285a3,2,91,0.0,traceback_in_exit0,traceback_only_no_test_failure,Traceback (most recent call last),568
200,task_004783_b25285a3,2,92,0.0,traceback_in_exit0,traceback_only_no_test_failure,Traceback (most recent call last),465
200,task_004783_b25285a3,2,94,0.0,traceback_in_exit0,traceback_only_no_test_failure,Traceback (most recent call last),659
200,task_004783_b25285a3,2,95,0.0,traceback_in_exit0,traceback_only_no_test_failure,Traceback (most recent call last),373
200,task_004726_a52722b8,4,156,1.0,tests_failed_in_exit0,unexplained_exit0_with_test_failure,1 failed,645
200,task_002774_01b5be90,5,186,1.0,traceback_in_exit0,traceback_only_no_test_failure,Traceback (most recent call last),389
200,task_002909_c7329071,7,224,0.0,traceback_in_exit0,traceback_only_no_test_failure,Traceback (most recent call last),822
200,task_002909_c7329071,7,226,0.0,traceback_in_exit0,traceback_only_no_test_failure,Traceback (most recent call last),457
200,task_002909_c7329071,7,228,0.0,traceback_in_exit0,traceback_only_no_test_failure,Traceback (most recent call last),612
200,task_002909_c7329071,7,229,0.0,traceback_in_exit0,traceback_only_no_test_failure,Traceback (most recent call last),907
200,task_002909_c7329071,7,231,0.0,traceback_in_exit0,traceback_only_no_test_failure,Traceback (most recent call last),400
200,task_002909_c7329071,7,232,0.0,traceback_in_exit0,traceback_only_no_test_failure,Traceback (most recent call last),4848
200,task_002909_c7329071,7,233,0.0,traceback_in_exit0,traceback_only_no_test_failure,Traceback (most recent call last),2172
200,task_002909_c7329071,7,234,1.0,traceback_in_exit0,traceback_only_no_test_failure,Traceback (most recent call last),600
200,task_002909_c7329071,7,235,0.0,traceback_in_exit0,traceback_only_no_test_failure,Traceback (most recent call last),298
200,task_002909_c7329071,7,236,0.0,traceback_in_exit0,traceback_only_no_test_failure,Traceback (most recent call last),530
200,task_002909_c7329071,7,238,0.0,traceback_in_exit0,traceback_only_no_test_failure,Traceback (most recent call last),2151
200,task_002909_c7329071,7,239,0.0,traceback_in_exit0,traceback_only_no_test_failure,Traceback (most recent call last),464
200,task_002909_c7329071,7,240,0.0,traceback_in_exit0,traceback_only_no_test_failure,Traceback (most recent call last),511
200,task_002909_c7329071,7,243,0.0,traceback_in_exit0,traceback_only_no_test_failure,Traceback (most recent call last),524
200,task_002909_c7329071,7,249,0.0,traceback_in_exit0,traceback_only_no_test_failure,Traceback (most recent call last),364
200,task_002909_c7329071,7,251,1.0,traceback_in_exit0,traceback_only_no_test_failure,Traceback (most recent call last),339
200,task_002909_c7329071,7,254,0.0,traceback_in_exit0,traceback_only_no_test_failure,Traceback (most recent call last),870
