step,bucket,reason,segment_chars
1,traceback_in_exit0,traceback_only_no_test_failure,151
1,traceback_in_exit0,traceback_only_no_test_failure,2809
1,traceback_in_exit0,traceback_only_no_test_failure,1540
1,traceback_in_exit0,traceback_only_no_test_failure,2906
1,traceback_in_exit0,traceback_only_no_test_failure,145
1,traceback_in_exit0,traceback_only_no_test_failure,149
2,traceback_in_exit0,traceback_only_no_test_failure,160
2,traceback_in_exit0,traceback_only_no_test_failure,228
2,traceback_in_exit0,traceback_only_no_test_failure,119
2,traceback_in_exit0,traceback_only_no_test_failure,211
2,traceback_in_exit0,traceback_only_no_test_failure,397
2,traceback_in_exit0,traceback_only_no_test_failure,475
2,tests_failed_in_exit0,unexplained_exit0_with_test_failure,179
3,traceback_in_exit0,traceback_only_no_test_failure,189
3,traceback_in_exit0,traceback_only_no_test_failure,147
3,traceback_in_exit0,traceback_only_no_test_failure,1460
3,traceback_in_exit0,traceback_only_no_test_failure,184
3,traceback_in_exit0,traceback_only_no_test_failure,183
3,traceback_in_exit0,traceback_only_no_test_failure,756
3,traceback_in_exit0,traceback_only_no_test_failure,150
3,traceback_in_exit0,traceback_only_no_test_failure,167
3,traceback_in_exit0,traceback_only_no_test_failure,145
3,traceback_in_exit0,traceback_only_no_test_failure,182
4,traceback_in_exit0,traceback_only_no_test_failure,10543
4,traceback_in_exit0,traceback_only_no_test_failure,571
4,traceback_in_exit0,traceback_only_no_test_failure,3001
4,traceback_in_exit0,traceback_only_no_test_failure,1910
4,traceback_in_exit0,traceback_only_no_test_failure,254
4,traceback_in_exit0,traceback_only_no_test_failure,1979
4,traceback_in_exit0,traceback_only_no_test_failure,418
4,traceback_in_exit0,traceback_only_no_test_failure,410
4,traceback_in_exit0,traceback_only_no_test_failure,1113
4,traceback_in_exit0,traceback_only_no_test_failure,488
4,traceback_in_exit0,traceback_only_no_test_failure,1375
4,traceback_in_exit0,traceback_only_no_test_failure,1997
4,traceback_in_exit0,traceback_only_no_test_failure,443
5,traceback_in_exit0,traceback_only_no_test_failure,291
5,traceback_in_exit0,traceback_only_no_test_failure,126
5,traceback_in_exit0,traceback_only_no_test_failure,142
5,traceback_in_exit0,traceback_only_no_test_failure,127
5,traceback_in_exit0,traceback_only_no_test_failure,229
5,traceback_in_exit0,traceback_only_no_test_failure,890
6,traceback_in_exit0,traceback_only_no_test_failure,267
6,traceback_in_exit0,traceback_only_no_test_failure,427
6,traceback_in_exit0,traceback_only_no_test_failure,2824
7,traceback_in_exit0,traceback_only_no_test_failure,297
7,traceback_in_exit0,traceback_only_no_test_failure,747
7,traceback_in_exit0,traceback_only_no_test_failure,298
7,traceback_in_exit0,traceback_only_no_test_failure,268
7,traceback_in_exit0,traceback_only_no_test_failure,304
7,traceback_in_exit0,traceback_only_no_test_failure,330
7,traceback_in_exit0,traceback_only_no_test_failure,268
7,traceback_in_exit0,traceback_only_no_test_failure,472
7,traceback_in_exit0,traceback_only_no_test_failure,308
7,traceback_in_exit0,traceback_only_no_test_failure,191
7,traceback_in_exit0,traceback_only_no_test_failure,467
7,traceback_in_exit0,traceback_only_no_test_failure,572
7,traceback_in_exit0,traceback_only_no_test_failure,180
8,traceback_in_exit0,traceback_only_no_test_failure,379
8,traceback_in_exit0,traceback_only_no_test_failure,409
8,traceback_in_exit0,traceback_only_no_test_failure,145
8,traceback_in_exit0,traceback_only_no_test_failure,1749
8,traceback_in_exit0,traceback_only_no_test_failure,136
8,traceback_in_exit0,traceback_only_no_test_failure,407
8,traceback_in_exit0,traceback_only_no_test_failure,502
8,traceback_in_exit0,traceback_only_no_test_failure,433
8,traceback_in_exit0,traceback_only_no_test_failure,1204
8,traceback_in_exit0,traceback_only_no_test_failure,489
8,traceback_in_exit0,traceback_only_no_test_failure,449
8,traceback_in_exit0,traceback_only_no_test_failure,1565
8,traceback_in_exit0,traceback_only_no_test_failure,594
8,traceback_in_exit0,traceback_only_no_test_failure,597
8,traceback_in_exit0,traceback_only_no_test_failure,541
8,traceback_in_exit0,traceback_only_no_test_failure,428
8,traceback_in_exit0,traceback_only_no_test_failure,609
8,traceback_in_exit0,traceback_only_no_test_failure,562
8,traceback_in_exit0,traceback_only_no_test_failure,483
8,traceback_in_exit0,traceback_only_no_test_failure,1517
8,traceback_in_exit0,traceback_only_no_test_failure,908
8,traceback_in_exit0,traceback_only_no_test_failure,605
8,traceback_in_exit0,traceback_only_no_test_failure,640
8,traceback_in_exit0,traceback_only_no_test_failure,588
8,traceback_in_exit0,traceback_only_no_test_failure,590
8,traceback_in_exit0,traceback_only_no_test_failure,356
9,traceback_in_exit0,traceback_only_no_test_failure,517
9,traceback_in_exit0,traceback_only_no_test_failure,662
9,traceback_in_exit0,traceback_only_no_test_failure,170
9,traceback_in_exit0,traceback_only_no_test_failure,4255
9,traceback_in_exit0,traceback_only_no_test_failure,1847
9,traceback_in_exit0,traceback_only_no_test_failure,1523
9,traceback_in_exit0,traceback_only_no_test_failure,131
9,traceback_in_exit0,traceback_only_no_test_failure,192
10,traceback_in_exit0,traceback_only_no_test_failure,220
10,traceback_in_exit0,traceback_only_no_test_failure,893
10,traceback_in_exit0,traceback_only_no_test_failure,519
10,traceback_in_exit0,traceback_only_no_test_failure,693
10,traceback_in_exit0,traceback_only_no_test_failure,851
10,traceback_in_exit0,traceback_only_no_test_failure,882
10,traceback_in_exit0,traceback_only_no_test_failure,727
10,traceback_in_exit0,traceback_only_no_test_failure,1088
10,traceback_in_exit0,traceback_only_no_test_failure,401
10,traceback_in_exit0,traceback_only_no_test_failure,139
10,traceback_in_exit0,traceback_only_no_test_failure,1095
10,traceback_in_exit0,traceback_only_no_test_failure,392
10,traceback_in_exit0,traceback_only_no_test_failure,1544
10,traceback_in_exit0,traceback_only_no_test_failure,462
10,traceback_in_exit0,traceback_only_no_test_failure,133
10,traceback_in_exit0,traceback_only_no_test_failure,844
10,traceback_in_exit0,traceback_only_no_test_failure,318
10,traceback_in_exit0,traceback_only_no_test_failure,724
10,traceback_in_exit0,traceback_only_no_test_failure,415
10,traceback_in_exit0,traceback_only_no_test_failure,373
10,traceback_in_exit0,traceback_only_no_test_failure,395
10,traceback_in_exit0,traceback_only_no_test_failure,319
10,traceback_in_exit0,traceback_only_no_test_failure,214
10,traceback_in_exit0,traceback_only_no_test_failure,125
10,traceback_in_exit0,traceback_only_no_test_failure,430
10,traceback_in_exit0,traceback_only_no_test_failure,791
10,traceback_in_exit0,traceback_only_no_test_failure,1342
10,traceback_in_exit0,traceback_only_no_test_failure,134
10,traceback_in_exit0,traceback_only_no_test_failure,122
10,traceback_in_exit0,traceback_only_no_test_failure,855
10,traceback_in_exit0,traceback_only_no_test_failure,263
10,traceback_in_exit0,traceback_only_no_test_failure,538
10,traceback_in_exit0,traceback_only_no_test_failure,186
10,traceback_in_exit0,traceback_only_no_test_failure,515
10,traceback_in_exit0,traceback_only_no_test_failure,604
10,traceback_in_exit0,traceback_only_no_test_failure,603
11,traceback_in_exit0,traceback_only_no_test_failure,145
11,traceback_in_exit0,traceback_only_no_test_failure,136
11,traceback_in_exit0,traceback_only_no_test_failure,145
11,traceback_in_exit0,traceback_only_no_test_failure,123
11,traceback_in_exit0,traceback_only_no_test_failure,231
11,traceback_in_exit0,traceback_only_no_test_failure,701
11,traceback_in_exit0,traceback_only_no_test_failure,1792
11,traceback_in_exit0,traceback_only_no_test_failure,122
12,traceback_in_exit0,traceback_only_no_test_failure,447
12,traceback_in_exit0,traceback_only_no_test_failure,497
12,traceback_in_exit0,traceback_only_no_test_failure,241
12,traceback_in_exit0,traceback_only_no_test_failure,262
12,traceback_in_exit0,traceback_only_no_test_failure,318
12,traceback_in_exit0,traceback_only_no_test_failure,464
12,traceback_in_exit0,traceback_only_no_test_failure,886
12,traceback_in_exit0,traceback_only_no_test_failure,342
12,traceback_in_exit0,traceback_only_no_test_failure,464
12,traceback_in_exit0,traceback_only_no_test_failure,272
12,traceback_in_exit0,traceback_only_no_test_failure,476
12,traceback_in_exit0,traceback_only_no_test_failure,112
12,traceback_in_exit0,traceback_only_no_test_failure,137
12,traceback_in_exit0,traceback_only_no_test_failure,137
12,traceback_in_exit0,traceback_only_no_test_failure,119
12,traceback_in_exit0,traceback_only_no_test_failure,155
12,traceback_in_exit0,traceback_only_no_test_failure,137
12,traceback_in_exit0,traceback_only_no_test_failure,10542
12,traceback_in_exit0,traceback_only_no_test_failure,397
12,traceback_in_exit0,traceback_only_no_test_failure,209
12,traceback_in_exit0,traceback_only_no_test_failure,283
12,traceback_in_exit0,traceback_only_no_test_failure,315
12,traceback_in_exit0,traceback_only_no_test_failure,315
13,traceback_in_exit0,traceback_only_no_test_failure,307
13,traceback_in_exit0,traceback_only_no_test_failure,820
13,traceback_in_exit0,traceback_only_no_test_failure,311
13,traceback_in_exit0,traceback_only_no_test_failure,199
13,traceback_in_exit0,traceback_only_no_test_failure,694
13,traceback_in_exit0,traceback_only_no_test_failure,1047
13,traceback_in_exit0,traceback_only_no_test_failure,671
13,traceback_in_exit0,traceback_only_no_test_failure,1034
13,traceback_in_exit0,traceback_only_no_test_failure,1034
13,traceback_in_exit0,traceback_only_no_test_failure,1034
13,traceback_in_exit0,traceback_only_no_test_failure,1034
13,traceback_in_exit0,traceback_only_no_test_failure,1047
13,traceback_in_exit0,traceback_only_no_test_failure,1363
13,traceback_in_exit0,traceback_only_no_test_failure,1048
13,traceback_in_exit0,traceback_only_no_test_failure,1048
13,traceback_in_exit0,traceback_only_no_test_failure,1155
13,traceback_in_exit0,traceback_only_no_test_failure,723
13,traceback_in_exit0,traceback_only_no_test_failure,165
13,traceback_in_exit0,traceback_only_no_test_failure,1142
13,traceback_in_exit0,traceback_only_no_test_failure,288
13,traceback_in_exit0,traceback_only_no_test_failure,406
13,traceback_in_exit0,traceback_only_no_test_failure,481
13,traceback_in_exit0,traceback_only_no_test_failure,746
13,traceback_in_exit0,traceback_only_no_test_failure,399
14,tests_failed_in_exit0,unexplained_exit0_with_test_failure,1700
15,traceback_in_exit0,traceback_only_no_test_failure,223
15,traceback_in_exit0,traceback_only_no_test_failure,135
15,traceback_in_exit0,traceback_only_no_test_failure,122
15,traceback_in_exit0,traceback_only_no_test_failure,181
15,traceback_in_exit0,traceback_only_no_test_failure,506
16,traceback_in_exit0,traceback_only_no_test_failure,126
16,traceback_in_exit0,traceback_only_no_test_failure,264
16,traceback_in_exit0,traceback_only_no_test_failure,225
16,traceback_in_exit0,traceback_only_no_test_failure,130
16,traceback_in_exit0,traceback_only_no_test_failure,269
16,traceback_in_exit0,traceback_only_no_test_failure,119
16,traceback_in_exit0,traceback_only_no_test_failure,699
16,traceback_in_exit0,traceback_only_no_test_failure,1739
16,traceback_in_exit0,traceback_only_no_test_failure,422
16,traceback_in_exit0,traceback_only_no_test_failure,302
16,tests_failed_in_exit0,pytest_collection_error,867
16,tests_failed_in_exit0,unexplained_exit0_with_test_failure,1077
17,traceback_in_exit0,traceback_only_no_test_failure,811
17,traceback_in_exit0,traceback_only_no_test_failure,876
17,traceback_in_exit0,traceback_only_no_test_failure,656
17,traceback_in_exit0,traceback_only_no_test_failure,952
17,traceback_in_exit0,traceback_only_no_test_failure,152
17,traceback_in_exit0,traceback_only_no_test_failure,542
17,traceback_in_exit0,traceback_only_no_test_failure,142
17,traceback_in_exit0,traceback_only_no_test_failure,260
17,traceback_in_exit0,traceback_only_no_test_failure,123
17,traceback_in_exit0,traceback_only_no_test_failure,118
17,traceback_in_exit0,traceback_only_no_test_failure,208
17,traceback_in_exit0,traceback_only_no_test_failure,306
18,tests_failed_in_exit0,pytest_collection_error,1056
18,tests_failed_in_exit0,pytest_collection_error,957
18,tests_failed_in_exit0,unexplained_exit0_with_test_failure,3768
18,traceback_in_exit0,traceback_only_no_test_failure,843
18,tests_failed_in_exit0,unexplained_exit0_with_test_failure,2444
18,tests_failed_in_exit0,unexplained_exit0_with_test_failure,2123
18,tests_failed_in_exit0,unexplained_exit0_with_test_failure,635
18,traceback_in_exit0,traceback_only_no_test_failure,127
18,tests_failed_in_exit0,pytest_collection_error,966
18,tests_failed_in_exit0,unexplained_exit0_with_test_failure,1672
18,tests_failed_in_exit0,unexplained_exit0_with_test_failure,3492
18,tests_failed_in_exit0,pytest_collection_error,1839
18,tests_failed_in_exit0,pytest_collection_error,954
18,tests_failed_in_exit0,unexplained_exit0_with_test_failure,2847
19,traceback_in_exit0,traceback_only_no_test_failure,119
19,traceback_in_exit0,traceback_only_no_test_failure,2236
19,traceback_in_exit0,traceback_only_no_test_failure,216
19,traceback_in_exit0,traceback_only_no_test_failure,337
19,traceback_in_exit0,traceback_only_no_test_failure,164
19,traceback_in_exit0,traceback_only_no_test_failure,306
19,traceback_in_exit0,traceback_only_no_test_failure,112
19,traceback_in_exit0,traceback_only_no_test_failure,954
19,traceback_in_exit0,traceback_only_no_test_failure,128
19,traceback_in_exit0,traceback_only_no_test_failure,748
20,traceback_in_exit0,traceback_only_no_test_failure,119
20,traceback_in_exit0,traceback_only_no_test_failure,282
20,traceback_in_exit0,traceback_only_no_test_failure,140
20,traceback_in_exit0,traceback_only_no_test_failure,224
20,traceback_in_exit0,traceback_only_no_test_failure,158
20,traceback_in_exit0,traceback_only_no_test_failure,158
20,traceback_in_exit0,traceback_only_no_test_failure,158
20,traceback_in_exit0,traceback_only_no_test_failure,187
20,traceback_in_exit0,traceback_only_no_test_failure,396
20,traceback_in_exit0,traceback_only_no_test_failure,159
20,traceback_in_exit0,traceback_only_no_test_failure,408
20,traceback_in_exit0,traceback_only_no_test_failure,323
20,traceback_in_exit0,traceback_only_no_test_failure,162
20,traceback_in_exit0,traceback_only_no_test_failure,224
20,traceback_in_exit0,traceback_only_no_test_failure,395
20,traceback_in_exit0,traceback_only_no_test_failure,158
20,traceback_in_exit0,traceback_only_no_test_failure,848
20,traceback_in_exit0,traceback_only_no_test_failure,374
20,traceback_in_exit0,traceback_only_no_test_failure,319
20,traceback_in_exit0,traceback_only_no_test_failure,162
20,traceback_in_exit0,traceback_only_no_test_failure,196
20,traceback_in_exit0,traceback_only_no_test_failure,159
21,tests_failed_in_exit0,pytest_collection_error,1146
21,traceback_in_exit0,traceback_only_no_test_failure,417
21,traceback_in_exit0,traceback_only_no_test_failure,527
21,traceback_in_exit0,traceback_only_no_test_failure,513
21,traceback_in_exit0,traceback_only_no_test_failure,639
21,traceback_in_exit0,traceback_only_no_test_failure,1508
21,traceback_in_exit0,traceback_only_no_test_failure,1009
21,traceback_in_exit0,traceback_only_no_test_failure,2149
21,traceback_in_exit0,traceback_only_no_test_failure,644
21,traceback_in_exit0,traceback_only_no_test_failure,789
21,traceback_in_exit0,traceback_only_no_test_failure,541
21,traceback_in_exit0,traceback_only_no_test_failure,523
21,traceback_in_exit0,traceback_only_no_test_failure,1252
21,traceback_in_exit0,traceback_only_no_test_failure,513
21,traceback_in_exit0,traceback_only_no_test_failure,529
21,traceback_in_exit0,traceback_only_no_test_failure,693
22,traceback_in_exit0,traceback_only_no_test_failure,157
22,traceback_in_exit0,traceback_only_no_test_failure,1152
23,traceback_in_exit0,traceback_only_no_test_failure,418
23,tests_failed_in_exit0,unexplained_exit0_with_test_failure,46
23,traceback_in_exit0,traceback_only_no_test_failure,137
23,traceback_in_exit0,traceback_only_no_test_failure,119
23,traceback_in_exit0,traceback_only_no_test_failure,141
23,traceback_in_exit0,traceback_only_no_test_failure,1035
24,traceback_in_exit0,traceback_only_no_test_failure,553
24,traceback_in_exit0,traceback_only_no_test_failure,225
24,traceback_in_exit0,traceback_only_no_test_failure,341
24,traceback_in_exit0,traceback_only_no_test_failure,254
24,traceback_in_exit0,traceback_only_no_test_failure,783
24,traceback_in_exit0,traceback_only_no_test_failure,254
24,traceback_in_exit0,traceback_only_no_test_failure,295
24,traceback_in_exit0,traceback_only_no_test_failure,162
24,traceback_in_exit0,traceback_only_no_test_failure,483
24,traceback_in_exit0,traceback_only_no_test_failure,245
24,traceback_in_exit0,traceback_only_no_test_failure,126
24,traceback_in_exit0,traceback_only_no_test_failure,395
24,traceback_in_exit0,traceback_only_no_test_failure,195
24,traceback_in_exit0,traceback_only_no_test_failure,322
24,traceback_in_exit0,traceback_only_no_test_failure,145
24,traceback_in_exit0,traceback_only_no_test_failure,155
24,traceback_in_exit0,traceback_only_no_test_failure,120
24,traceback_in_exit0,traceback_only_no_test_failure,242
24,traceback_in_exit0,traceback_only_no_test_failure,145
24,traceback_in_exit0,traceback_only_no_test_failure,145
24,traceback_in_exit0,traceback_only_no_test_failure,145
24,traceback_in_exit0,traceback_only_no_test_failure,490
25,traceback_in_exit0,traceback_only_no_test_failure,122
25,traceback_in_exit0,traceback_only_no_test_failure,273
25,traceback_in_exit0,traceback_only_no_test_failure,306
25,traceback_in_exit0,traceback_only_no_test_failure,2236
25,traceback_in_exit0,traceback_only_no_test_failure,347
25,traceback_in_exit0,traceback_only_no_test_failure,360
25,traceback_in_exit0,traceback_only_no_test_failure,375
25,traceback_in_exit0,traceback_only_no_test_failure,144
25,traceback_in_exit0,traceback_only_no_test_failure,375
25,traceback_in_exit0,traceback_only_no_test_failure,425
25,traceback_in_exit0,traceback_only_no_test_failure,360
25,traceback_in_exit0,traceback_only_no_test_failure,360
25,traceback_in_exit0,traceback_only_no_test_failure,347
25,traceback_in_exit0,traceback_only_no_test_failure,355
25,traceback_in_exit0,traceback_only_no_test_failure,360
25,traceback_in_exit0,traceback_only_no_test_failure,347
25,traceback_in_exit0,traceback_only_no_test_failure,368
25,traceback_in_exit0,traceback_only_no_test_failure,360
25,traceback_in_exit0,traceback_only_no_test_failure,355
25,traceback_in_exit0,traceback_only_no_test_failure,360
25,traceback_in_exit0,traceback_only_no_test_failure,360
25,traceback_in_exit0,traceback_only_no_test_failure,427
25,traceback_in_exit0,traceback_only_no_test_failure,360
25,traceback_in_exit0,traceback_only_no_test_failure,355
25,traceback_in_exit0,traceback_only_no_test_failure,360
25,traceback_in_exit0,traceback_only_no_test_failure,367
25,traceback_in_exit0,traceback_only_no_test_failure,360
25,traceback_in_exit0,traceback_only_no_test_failure,911
26,traceback_in_exit0,traceback_only_no_test_failure,227
26,traceback_in_exit0,traceback_only_no_test_failure,144
26,traceback_in_exit0,traceback_only_no_test_failure,119
26,traceback_in_exit0,traceback_only_no_test_failure,610
26,traceback_in_exit0,traceback_only_no_test_failure,300
26,traceback_in_exit0,traceback_only_no_test_failure,119
26,traceback_in_exit0,traceback_only_no_test_failure,199
26,tests_failed_in_exit0,unexplained_exit0_with_test_failure,254
26,tests_failed_in_exit0,unexplained_exit0_with_test_failure,697
26,tests_failed_in_exit0,unexplained_exit0_with_test_failure,513
26,tests_failed_in_exit0,unexplained_exit0_with_test_failure,868
27,traceback_in_exit0,traceback_only_no_test_failure,639
27,traceback_in_exit0,traceback_only_no_test_failure,606
27,traceback_in_exit0,traceback_only_no_test_failure,1263
27,traceback_in_exit0,traceback_only_no_test_failure,395
27,traceback_in_exit0,traceback_only_no_test_failure,1188
27,traceback_in_exit0,traceback_only_no_test_failure,957
27,traceback_in_exit0,traceback_only_no_test_failure,167
27,traceback_in_exit0,traceback_only_no_test_failure,119
27,traceback_in_exit0,traceback_only_no_test_failure,992
27,traceback_in_exit0,traceback_only_no_test_failure,149
27,traceback_in_exit0,traceback_only_no_test_failure,786
27,traceback_in_exit0,traceback_only_no_test_failure,279
27,traceback_in_exit0,traceback_only_no_test_failure,835
27,traceback_in_exit0,traceback_only_no_test_failure,305
27,traceback_in_exit0,traceback_only_no_test_failure,551
27,traceback_in_exit0,traceback_only_no_test_failure,2104
27,traceback_in_exit0,traceback_only_no_test_failure,2376
27,traceback_in_exit0,traceback_only_no_test_failure,992
27,traceback_in_exit0,traceback_only_no_test_failure,137
27,traceback_in_exit0,traceback_only_no_test_failure,135
27,traceback_in_exit0,traceback_only_no_test_failure,949
27,traceback_in_exit0,traceback_only_no_test_failure,267
27,traceback_in_exit0,traceback_only_no_test_failure,579
27,traceback_in_exit0,traceback_only_no_test_failure,153
27,traceback_in_exit0,traceback_only_no_test_failure,324
28,traceback_in_exit0,traceback_only_no_test_failure,1302
28,traceback_in_exit0,traceback_only_no_test_failure,371
28,traceback_in_exit0,traceback_only_no_test_failure,162
28,traceback_in_exit0,traceback_only_no_test_failure,331
28,traceback_in_exit0,traceback_only_no_test_failure,592
28,traceback_in_exit0,traceback_only_no_test_failure,578
28,traceback_in_exit0,traceback_only_no_test_failure,145
28,traceback_in_exit0,traceback_only_no_test_failure,54
28,traceback_in_exit0,traceback_only_no_test_failure,140
28,traceback_in_exit0,traceback_only_no_test_failure,119
28,traceback_in_exit0,traceback_only_no_test_failure,330
28,traceback_in_exit0,traceback_only_no_test_failure,531
28,traceback_in_exit0,traceback_only_no_test_failure,447
28,traceback_in_exit0,traceback_only_no_test_failure,330
28,traceback_in_exit0,traceback_only_no_test_failure,645
28,traceback_in_exit0,traceback_only_no_test_failure,808
28,traceback_in_exit0,traceback_only_no_test_failure,164
28,traceback_in_exit0,traceback_only_no_test_failure,132
28,traceback_in_exit0,traceback_only_no_test_failure,805
28,traceback_in_exit0,traceback_only_no_test_failure,378
29,traceback_in_exit0,traceback_only_no_test_failure,190
29,traceback_in_exit0,traceback_only_no_test_failure,202
29,traceback_in_exit0,traceback_only_no_test_failure,451
29,traceback_in_exit0,traceback_only_no_test_failure,261
29,traceback_in_exit0,traceback_only_no_test_failure,200
29,traceback_in_exit0,traceback_only_no_test_failure,352
29,traceback_in_exit0,traceback_only_no_test_failure,387
29,traceback_in_exit0,traceback_only_no_test_failure,133
29,traceback_in_exit0,traceback_only_no_test_failure,265
29,traceback_in_exit0,traceback_only_no_test_failure,157
29,traceback_in_exit0,traceback_only_no_test_failure,217
29,traceback_in_exit0,traceback_only_no_test_failure,125
29,traceback_in_exit0,traceback_only_no_test_failure,273
29,traceback_in_exit0,traceback_only_no_test_failure,123
29,traceback_in_exit0,traceback_only_no_test_failure,397
29,traceback_in_exit0,traceback_only_no_test_failure,370
29,traceback_in_exit0,traceback_only_no_test_failure,132
29,traceback_in_exit0,traceback_only_no_test_failure,181
29,traceback_in_exit0,traceback_only_no_test_failure,189
29,traceback_in_exit0,traceback_only_no_test_failure,219
29,traceback_in_exit0,traceback_only_no_test_failure,329
29,traceback_in_exit0,traceback_only_no_test_failure,199
29,traceback_in_exit0,traceback_only_no_test_failure,169
29,traceback_in_exit0,traceback_only_no_test_failure,323
29,traceback_in_exit0,traceback_only_no_test_failure,402
29,traceback_in_exit0,traceback_only_no_test_failure,329
29,traceback_in_exit0,traceback_only_no_test_failure,354
29,traceback_in_exit0,traceback_only_no_test_failure,536
29,traceback_in_exit0,traceback_only_no_test_failure,328
29,traceback_in_exit0,traceback_only_no_test_failure,280
29,traceback_in_exit0,traceback_only_no_test_failure,347
30,traceback_in_exit0,traceback_only_no_test_failure,152
30,traceback_in_exit0,traceback_only_no_test_failure,147
30,traceback_in_exit0,traceback_only_no_test_failure,254
30,traceback_in_exit0,traceback_only_no_test_failure,1465
30,traceback_in_exit0,traceback_only_no_test_failure,4001
30,traceback_in_exit0,traceback_only_no_test_failure,147
30,traceback_in_exit0,traceback_only_no_test_failure,1295
30,traceback_in_exit0,traceback_only_no_test_failure,1294
30,traceback_in_exit0,traceback_only_no_test_failure,150
30,traceback_in_exit0,traceback_only_no_test_failure,294
30,traceback_in_exit0,traceback_only_no_test_failure,270
30,traceback_in_exit0,traceback_only_no_test_failure,1802
30,traceback_in_exit0,traceback_only_no_test_failure,700
30,tests_failed_in_exit0,unexplained_exit0_with_test_failure,7189
30,traceback_in_exit0,traceback_only_no_test_failure,783
30,traceback_in_exit0,traceback_only_no_test_failure,10541
30,traceback_in_exit0,traceback_only_no_test_failure,178
30,traceback_in_exit0,traceback_only_no_test_failure,2727
30,traceback_in_exit0,traceback_only_no_test_failure,152
30,traceback_in_exit0,traceback_only_no_test_failure,515
30,traceback_in_exit0,traceback_only_no_test_failure,523
30,traceback_in_exit0,traceback_only_no_test_failure,247
31,traceback_in_exit0,traceback_only_no_test_failure,147
31,traceback_in_exit0,traceback_only_no_test_failure,663
31,traceback_in_exit0,traceback_only_no_test_failure,224
31,traceback_in_exit0,traceback_only_no_test_failure,560
31,traceback_in_exit0,traceback_only_no_test_failure,414
31,traceback_in_exit0,traceback_only_no_test_failure,927
31,traceback_in_exit0,traceback_only_no_test_failure,273
31,tests_failed_in_exit0,unexplained_exit0_with_test_failure,3103
31,traceback_in_exit0,traceback_only_no_test_failure,819
31,traceback_in_exit0,traceback_only_no_test_failure,391
31,traceback_in_exit0,traceback_only_no_test_failure,985
31,traceback_in_exit0,traceback_only_no_test_failure,365
31,traceback_in_exit0,traceback_only_no_test_failure,1164
31,traceback_in_exit0,traceback_only_no_test_failure,974
31,traceback_in_exit0,traceback_only_no_test_failure,1708
31,traceback_in_exit0,traceback_only_no_test_failure,958
31,traceback_in_exit0,traceback_only_no_test_failure,985
32,traceback_in_exit0,traceback_only_no_test_failure,181
32,traceback_in_exit0,traceback_only_no_test_failure,4424
32,traceback_in_exit0,traceback_only_no_test_failure,133
32,traceback_in_exit0,traceback_only_no_test_failure,248
32,traceback_in_exit0,traceback_only_no_test_failure,152
32,traceback_in_exit0,traceback_only_no_test_failure,1198
32,traceback_in_exit0,traceback_only_no_test_failure,145
32,traceback_in_exit0,traceback_only_no_test_failure,145
32,traceback_in_exit0,traceback_only_no_test_failure,128
33,traceback_in_exit0,traceback_only_no_test_failure,342
33,traceback_in_exit0,traceback_only_no_test_failure,189
33,traceback_in_exit0,traceback_only_no_test_failure,145
33,traceback_in_exit0,traceback_only_no_test_failure,250
33,traceback_in_exit0,traceback_only_no_test_failure,967
33,traceback_in_exit0,traceback_only_no_test_failure,282
33,traceback_in_exit0,traceback_only_no_test_failure,176
33,traceback_in_exit0,traceback_only_no_test_failure,886
33,traceback_in_exit0,traceback_only_no_test_failure,207
33,traceback_in_exit0,traceback_only_no_test_failure,503
33,traceback_in_exit0,traceback_only_no_test_failure,911
33,traceback_in_exit0,traceback_only_no_test_failure,971
33,traceback_in_exit0,traceback_only_no_test_failure,998
33,traceback_in_exit0,traceback_only_no_test_failure,1005
33,traceback_in_exit0,traceback_only_no_test_failure,373
33,traceback_in_exit0,traceback_only_no_test_failure,545
33,traceback_in_exit0,traceback_only_no_test_failure,858
33,traceback_in_exit0,traceback_only_no_test_failure,952
33,traceback_in_exit0,traceback_only_no_test_failure,574
33,traceback_in_exit0,traceback_only_no_test_failure,1146
33,traceback_in_exit0,traceback_only_no_test_failure,1502
33,traceback_in_exit0,traceback_only_no_test_failure,550
33,traceback_in_exit0,traceback_only_no_test_failure,991
33,traceback_in_exit0,traceback_only_no_test_failure,850
33,traceback_in_exit0,traceback_only_no_test_failure,1465
33,traceback_in_exit0,traceback_only_no_test_failure,1097
33,traceback_in_exit0,traceback_only_no_test_failure,386
33,traceback_in_exit0,traceback_only_no_test_failure,161
33,traceback_in_exit0,traceback_only_no_test_failure,1115
33,traceback_in_exit0,traceback_only_no_test_failure,3318
34,traceback_in_exit0,traceback_only_no_test_failure,393
34,traceback_in_exit0,traceback_only_no_test_failure,254
34,traceback_in_exit0,traceback_only_no_test_failure,918
34,traceback_in_exit0,traceback_only_no_test_failure,963
34,traceback_in_exit0,traceback_only_no_test_failure,358
34,traceback_in_exit0,traceback_only_no_test_failure,521
34,traceback_in_exit0,traceback_only_no_test_failure,257
35,traceback_in_exit0,traceback_only_no_test_failure,174
35,tests_failed_in_exit0,later_pass_supersedes_in_same_segment,57
35,traceback_in_exit0,traceback_only_no_test_failure,567
35,traceback_in_exit0,traceback_only_no_test_failure,137
36,traceback_in_exit0,traceback_only_no_test_failure,154
36,traceback_in_exit0,traceback_only_no_test_failure,642
36,traceback_in_exit0,traceback_only_no_test_failure,325
37,traceback_in_exit0,traceback_only_no_test_failure,114
37,traceback_in_exit0,traceback_only_no_test_failure,2576
37,traceback_in_exit0,traceback_only_no_test_failure,4752
37,traceback_in_exit0,traceback_only_no_test_failure,4551
37,traceback_in_exit0,traceback_only_no_test_failure,2769
37,traceback_in_exit0,traceback_only_no_test_failure,2143
37,traceback_in_exit0,traceback_only_no_test_failure,923
37,traceback_in_exit0,traceback_only_no_test_failure,5486
37,traceback_in_exit0,traceback_only_no_test_failure,3720
37,traceback_in_exit0,traceback_only_no_test_failure,323
37,traceback_in_exit0,traceback_only_no_test_failure,904
37,traceback_in_exit0,traceback_only_no_test_failure,1159
37,traceback_in_exit0,traceback_only_no_test_failure,384
37,traceback_in_exit0,traceback_only_no_test_failure,783
37,traceback_in_exit0,traceback_only_no_test_failure,795
37,traceback_in_exit0,traceback_only_no_test_failure,966
37,traceback_in_exit0,traceback_only_no_test_failure,904
37,traceback_in_exit0,traceback_only_no_test_failure,904
37,traceback_in_exit0,traceback_only_no_test_failure,1710
37,traceback_in_exit0,traceback_only_no_test_failure,1429
37,traceback_in_exit0,traceback_only_no_test_failure,783
37,traceback_in_exit0,traceback_only_no_test_failure,506
37,traceback_in_exit0,traceback_only_no_test_failure,904
37,traceback_in_exit0,traceback_only_no_test_failure,800
37,traceback_in_exit0,traceback_only_no_test_failure,920
37,traceback_in_exit0,traceback_only_no_test_failure,920
37,traceback_in_exit0,traceback_only_no_test_failure,920
37,traceback_in_exit0,traceback_only_no_test_failure,1710
37,traceback_in_exit0,traceback_only_no_test_failure,999
37,traceback_in_exit0,traceback_only_no_test_failure,904
37,traceback_in_exit0,traceback_only_no_test_failure,904
37,traceback_in_exit0,traceback_only_no_test_failure,934
37,traceback_in_exit0,traceback_only_no_test_failure,904
37,traceback_in_exit0,traceback_only_no_test_failure,934
37,traceback_in_exit0,traceback_only_no_test_failure,904
37,traceback_in_exit0,traceback_only_no_test_failure,1464
37,traceback_in_exit0,traceback_only_no_test_failure,904
37,traceback_in_exit0,traceback_only_no_test_failure,254
37,traceback_in_exit0,traceback_only_no_test_failure,904
37,traceback_in_exit0,traceback_only_no_test_failure,904
37,traceback_in_exit0,traceback_only_no_test_failure,1430
37,traceback_in_exit0,traceback_only_no_test_failure,452
37,traceback_in_exit0,traceback_only_no_test_failure,302
37,traceback_in_exit0,traceback_only_no_test_failure,136
37,traceback_in_exit0,traceback_only_no_test_failure,163
38,traceback_in_exit0,traceback_only_no_test_failure,186
38,traceback_in_exit0,traceback_only_no_test_failure,113
38,traceback_in_exit0,traceback_only_no_test_failure,119
38,traceback_in_exit0,traceback_only_no_test_failure,281
38,traceback_in_exit0,traceback_only_no_test_failure,626
38,traceback_in_exit0,traceback_only_no_test_failure,162
38,traceback_in_exit0,traceback_only_no_test_failure,162
38,traceback_in_exit0,traceback_only_no_test_failure,159
38,traceback_in_exit0,traceback_only_no_test_failure,277
38,traceback_in_exit0,traceback_only_no_test_failure,140
38,traceback_in_exit0,traceback_only_no_test_failure,123
38,traceback_in_exit0,traceback_only_no_test_failure,194
38,traceback_in_exit0,traceback_only_no_test_failure,157
38,traceback_in_exit0,traceback_only_no_test_failure,170
38,traceback_in_exit0,traceback_only_no_test_failure,186
38,traceback_in_exit0,traceback_only_no_test_failure,119
38,traceback_in_exit0,traceback_only_no_test_failure,931
38,traceback_in_exit0,traceback_only_no_test_failure,1263
38,traceback_in_exit0,traceback_only_no_test_failure,238
38,traceback_in_exit0,traceback_only_no_test_failure,1466
38,traceback_in_exit0,traceback_only_no_test_failure,1360
38,traceback_in_exit0,traceback_only_no_test_failure,137
38,traceback_in_exit0,traceback_only_no_test_failure,5163
38,traceback_in_exit0,traceback_only_no_test_failure,3903
38,traceback_in_exit0,traceback_only_no_test_failure,158
38,traceback_in_exit0,traceback_only_no_test_failure,245
38,traceback_in_exit0,traceback_only_no_test_failure,10543
39,traceback_in_exit0,traceback_only_no_test_failure,508
39,traceback_in_exit0,traceback_only_no_test_failure,223
39,traceback_in_exit0,traceback_only_no_test_failure,1478
39,traceback_in_exit0,traceback_only_no_test_failure,146
39,traceback_in_exit0,traceback_only_no_test_failure,123
39,traceback_in_exit0,traceback_only_no_test_failure,833
39,traceback_in_exit0,traceback_only_no_test_failure,367
39,traceback_in_exit0,traceback_only_no_test_failure,317
39,traceback_in_exit0,traceback_only_no_test_failure,140
39,traceback_in_exit0,traceback_only_no_test_failure,547
39,traceback_in_exit0,traceback_only_no_test_failure,125
39,traceback_in_exit0,traceback_only_no_test_failure,198
39,traceback_in_exit0,traceback_only_no_test_failure,367
39,traceback_in_exit0,traceback_only_no_test_failure,573
39,traceback_in_exit0,traceback_only_no_test_failure,426
39,traceback_in_exit0,traceback_only_no_test_failure,337
39,traceback_in_exit0,traceback_only_no_test_failure,518
39,traceback_in_exit0,traceback_only_no_test_failure,337
39,traceback_in_exit0,traceback_only_no_test_failure,255
39,traceback_in_exit0,traceback_only_no_test_failure,240
39,traceback_in_exit0,traceback_only_no_test_failure,300
39,traceback_in_exit0,traceback_only_no_test_failure,262
39,traceback_in_exit0,traceback_only_no_test_failure,333
39,traceback_in_exit0,traceback_only_no_test_failure,370
39,traceback_in_exit0,traceback_only_no_test_failure,387
39,traceback_in_exit0,traceback_only_no_test_failure,209
39,traceback_in_exit0,traceback_only_no_test_failure,358
39,traceback_in_exit0,traceback_only_no_test_failure,218
39,traceback_in_exit0,traceback_only_no_test_failure,387
39,traceback_in_exit0,traceback_only_no_test_failure,221
39,traceback_in_exit0,traceback_only_no_test_failure,283
39,traceback_in_exit0,traceback_only_no_test_failure,262
39,traceback_in_exit0,traceback_only_no_test_failure,299
39,traceback_in_exit0,traceback_only_no_test_failure,419
39,traceback_in_exit0,traceback_only_no_test_failure,1076
39,traceback_in_exit0,traceback_only_no_test_failure,369
39,traceback_in_exit0,traceback_only_no_test_failure,387
39,traceback_in_exit0,traceback_only_no_test_failure,373
39,traceback_in_exit0,traceback_only_no_test_failure,252
39,traceback_in_exit0,traceback_only_no_test_failure,1099
39,traceback_in_exit0,traceback_only_no_test_failure,370
39,traceback_in_exit0,traceback_only_no_test_failure,346
39,traceback_in_exit0,traceback_only_no_test_failure,262
40,traceback_in_exit0,traceback_only_no_test_failure,464
40,traceback_in_exit0,traceback_only_no_test_failure,273
40,traceback_in_exit0,traceback_only_no_test_failure,441
40,traceback_in_exit0,traceback_only_no_test_failure,441
40,traceback_in_exit0,traceback_only_no_test_failure,3171
40,traceback_in_exit0,traceback_only_no_test_failure,511
40,traceback_in_exit0,traceback_only_no_test_failure,387
40,traceback_in_exit0,traceback_only_no_test_failure,464
40,traceback_in_exit0,traceback_only_no_test_failure,441
40,traceback_in_exit0,traceback_only_no_test_failure,441
40,traceback_in_exit0,traceback_only_no_test_failure,441
40,traceback_in_exit0,traceback_only_no_test_failure,441
40,traceback_in_exit0,traceback_only_no_test_failure,441
40,traceback_in_exit0,traceback_only_no_test_failure,464
40,traceback_in_exit0,traceback_only_no_test_failure,441
40,traceback_in_exit0,traceback_only_no_test_failure,441
40,traceback_in_exit0,traceback_only_no_test_failure,464
40,traceback_in_exit0,traceback_only_no_test_failure,459
40,traceback_in_exit0,traceback_only_no_test_failure,474
40,traceback_in_exit0,traceback_only_no_test_failure,441
40,traceback_in_exit0,traceback_only_no_test_failure,441
40,traceback_in_exit0,traceback_only_no_test_failure,441
40,traceback_in_exit0,traceback_only_no_test_failure,464
40,traceback_in_exit0,traceback_only_no_test_failure,296
40,traceback_in_exit0,traceback_only_no_test_failure,388
40,traceback_in_exit0,traceback_only_no_test_failure,880
40,traceback_in_exit0,traceback_only_no_test_failure,369
40,traceback_in_exit0,traceback_only_no_test_failure,729
40,traceback_in_exit0,traceback_only_no_test_failure,368
40,traceback_in_exit0,traceback_only_no_test_failure,347
40,traceback_in_exit0,traceback_only_no_test_failure,450
41,traceback_in_exit0,traceback_only_no_test_failure,133
41,traceback_in_exit0,traceback_only_no_test_failure,1431
41,traceback_in_exit0,traceback_only_no_test_failure,1002
41,traceback_in_exit0,traceback_only_no_test_failure,299
41,traceback_in_exit0,traceback_only_no_test_failure,314
41,traceback_in_exit0,traceback_only_no_test_failure,186
41,traceback_in_exit0,traceback_only_no_test_failure,279
41,traceback_in_exit0,traceback_only_no_test_failure,459
41,traceback_in_exit0,traceback_only_no_test_failure,1154
41,traceback_in_exit0,traceback_only_no_test_failure,175
41,traceback_in_exit0,traceback_only_no_test_failure,352
41,traceback_in_exit0,traceback_only_no_test_failure,625
41,traceback_in_exit0,traceback_only_no_test_failure,938
41,traceback_in_exit0,traceback_only_no_test_failure,948
41,traceback_in_exit0,traceback_only_no_test_failure,538
42,traceback_in_exit0,traceback_only_no_test_failure,352
42,traceback_in_exit0,traceback_only_no_test_failure,326
42,traceback_in_exit0,traceback_only_no_test_failure,139
42,traceback_in_exit0,traceback_only_no_test_failure,353
42,traceback_in_exit0,traceback_only_no_test_failure,138
42,traceback_in_exit0,traceback_only_no_test_failure,273
43,traceback_in_exit0,traceback_only_no_test_failure,304
43,traceback_in_exit0,traceback_only_no_test_failure,373
43,traceback_in_exit0,traceback_only_no_test_failure,494
43,traceback_in_exit0,traceback_only_no_test_failure,247
43,traceback_in_exit0,traceback_only_no_test_failure,117
43,traceback_in_exit0,traceback_only_no_test_failure,1631
43,tests_failed_in_exit0,unexplained_exit0_with_test_failure,560
43,tests_failed_in_exit0,unexplained_exit0_with_test_failure,489
43,traceback_in_exit0,traceback_only_no_test_failure,424
43,traceback_in_exit0,traceback_only_no_test_failure,2635
43,traceback_in_exit0,traceback_only_no_test_failure,955
43,traceback_in_exit0,traceback_only_no_test_failure,344
43,traceback_in_exit0,traceback_only_no_test_failure,920
43,traceback_in_exit0,traceback_only_no_test_failure,1432
43,traceback_in_exit0,traceback_only_no_test_failure,992
43,traceback_in_exit0,traceback_only_no_test_failure,1421
43,traceback_in_exit0,traceback_only_no_test_failure,10541
43,traceback_in_exit0,traceback_only_no_test_failure,927
43,traceback_in_exit0,traceback_only_no_test_failure,1006
43,traceback_in_exit0,traceback_only_no_test_failure,688
43,traceback_in_exit0,traceback_only_no_test_failure,949
43,traceback_in_exit0,traceback_only_no_test_failure,1266
44,traceback_in_exit0,traceback_only_no_test_failure,133
44,traceback_in_exit0,traceback_only_no_test_failure,678
44,traceback_in_exit0,traceback_only_no_test_failure,461
45,traceback_in_exit0,traceback_only_no_test_failure,148
46,traceback_in_exit0,traceback_only_no_test_failure,441
46,traceback_in_exit0,traceback_only_no_test_failure,286
46,traceback_in_exit0,traceback_only_no_test_failure,771
46,traceback_in_exit0,traceback_only_no_test_failure,179
46,traceback_in_exit0,traceback_only_no_test_failure,189
46,traceback_in_exit0,traceback_only_no_test_failure,321
46,traceback_in_exit0,traceback_only_no_test_failure,413
46,traceback_in_exit0,traceback_only_no_test_failure,177
46,traceback_in_exit0,traceback_only_no_test_failure,147
46,traceback_in_exit0,traceback_only_no_test_failure,582
46,traceback_in_exit0,traceback_only_no_test_failure,232
46,traceback_in_exit0,traceback_only_no_test_failure,453
46,traceback_in_exit0,traceback_only_no_test_failure,158
46,traceback_in_exit0,traceback_only_no_test_failure,137
46,traceback_in_exit0,traceback_only_no_test_failure,306
46,traceback_in_exit0,traceback_only_no_test_failure,517
46,traceback_in_exit0,traceback_only_no_test_failure,141
46,traceback_in_exit0,traceback_only_no_test_failure,377
46,traceback_in_exit0,traceback_only_no_test_failure,128
46,traceback_in_exit0,traceback_only_no_test_failure,527
46,traceback_in_exit0,traceback_only_no_test_failure,254
46,tests_failed_in_exit0,unexplained_exit0_with_test_failure,2402
46,tests_failed_in_exit0,pytest_collection_error,949
46,tests_failed_in_exit0,unexplained_exit0_with_test_failure,2475
46,tests_failed_in_exit0,unexplained_exit0_with_test_failure,4880
46,tests_failed_in_exit0,unexplained_exit0_with_test_failure,2455
46,tests_failed_in_exit0,pytest_collection_error,1146
46,tests_failed_in_exit0,unexplained_exit0_with_test_failure,6475
46,tests_failed_in_exit0,pytest_collection_error,1857
46,tests_failed_in_exit0,pytest_collection_error,894
46,tests_failed_in_exit0,unexplained_exit0_with_test_failure_with_traceback,2823
46,traceback_in_exit0,traceback_only_no_test_failure,4012
46,tests_failed_in_exit0,unexplained_exit0_with_test_failure,5968
46,tests_failed_in_exit0,pytest_collection_error,1828
46,tests_failed_in_exit0,pytest_collection_error,960
46,tests_failed_in_exit0,unexplained_exit0_with_test_failure,4551
46,tests_failed_in_exit0,unexplained_exit0_with_test_failure,2018
46,tests_failed_in_exit0,unexplained_exit0_with_test_failure,2056
46,tests_failed_in_exit0,unexplained_exit0_with_test_failure,2967
46,tests_failed_in_exit0,pytest_collection_error,1279
46,tests_failed_in_exit0,unexplained_exit0_with_test_failure,2208
46,tests_failed_in_exit0,pytest_collection_error,1233
46,tests_failed_in_exit0,unexplained_exit0_with_test_failure,4664
46,tests_failed_in_exit0,pytest_collection_error,923
47,traceback_in_exit0,traceback_only_no_test_failure,639
47,traceback_in_exit0,traceback_only_no_test_failure,698
47,traceback_in_exit0,traceback_only_no_test_failure,748
47,traceback_in_exit0,traceback_only_no_test_failure,716
47,traceback_in_exit0,traceback_only_no_test_failure,716
47,traceback_in_exit0,traceback_only_no_test_failure,904
47,traceback_in_exit0,traceback_only_no_test_failure,1112
47,traceback_in_exit0,traceback_only_no_test_failure,1621
47,traceback_in_exit0,traceback_only_no_test_failure,417
47,traceback_in_exit0,traceback_only_no_test_failure,1673
47,traceback_in_exit0,traceback_only_no_test_failure,953
47,traceback_in_exit0,traceback_only_no_test_failure,904
47,traceback_in_exit0,traceback_only_no_test_failure,991
47,traceback_in_exit0,traceback_only_no_test_failure,907
47,traceback_in_exit0,traceback_only_no_test_failure,1673
47,traceback_in_exit0,traceback_only_no_test_failure,1616
47,traceback_in_exit0,traceback_only_no_test_failure,919
47,traceback_in_exit0,traceback_only_no_test_failure,927
47,traceback_in_exit0,traceback_only_no_test_failure,461
47,traceback_in_exit0,traceback_only_no_test_failure,1482
47,traceback_in_exit0,traceback_only_no_test_failure,904
47,traceback_in_exit0,traceback_only_no_test_failure,904
47,traceback_in_exit0,traceback_only_no_test_failure,904
47,traceback_in_exit0,traceback_only_no_test_failure,904
47,traceback_in_exit0,traceback_only_no_test_failure,904
47,traceback_in_exit0,traceback_only_no_test_failure,935
47,traceback_in_exit0,traceback_only_no_test_failure,937
47,traceback_in_exit0,traceback_only_no_test_failure,943
47,traceback_in_exit0,traceback_only_no_test_failure,927
47,traceback_in_exit0,traceback_only_no_test_failure,926
47,traceback_in_exit0,traceback_only_no_test_failure,1140
47,traceback_in_exit0,traceback_only_no_test_failure,904
47,traceback_in_exit0,traceback_only_no_test_failure,904
47,traceback_in_exit0,traceback_only_no_test_failure,1700
47,traceback_in_exit0,traceback_only_no_test_failure,1052
47,traceback_in_exit0,traceback_only_no_test_failure,1672
47,traceback_in_exit0,traceback_only_no_test_failure,1454
47,traceback_in_exit0,traceback_only_no_test_failure,167
47,traceback_in_exit0,traceback_only_no_test_failure,169
47,traceback_in_exit0,traceback_only_no_test_failure,144
48,traceback_in_exit0,traceback_only_no_test_failure,1034
48,traceback_in_exit0,traceback_only_no_test_failure,1152
48,traceback_in_exit0,traceback_only_no_test_failure,146
48,traceback_in_exit0,traceback_only_no_test_failure,2283
48,traceback_in_exit0,traceback_only_no_test_failure,911
48,traceback_in_exit0,traceback_only_no_test_failure,843
48,traceback_in_exit0,traceback_only_no_test_failure,333
48,traceback_in_exit0,traceback_only_no_test_failure,169
48,traceback_in_exit0,traceback_only_no_test_failure,310
48,traceback_in_exit0,traceback_only_no_test_failure,323
48,traceback_in_exit0,traceback_only_no_test_failure,323
48,traceback_in_exit0,traceback_only_no_test_failure,323
48,traceback_in_exit0,traceback_only_no_test_failure,323
48,traceback_in_exit0,traceback_only_no_test_failure,323
48,traceback_in_exit0,traceback_only_no_test_failure,796
48,traceback_in_exit0,traceback_only_no_test_failure,323
48,traceback_in_exit0,traceback_only_no_test_failure,323
48,traceback_in_exit0,traceback_only_no_test_failure,323
48,traceback_in_exit0,traceback_only_no_test_failure,323
48,traceback_in_exit0,traceback_only_no_test_failure,323
48,traceback_in_exit0,traceback_only_no_test_failure,323
48,traceback_in_exit0,traceback_only_no_test_failure,153
48,traceback_in_exit0,traceback_only_no_test_failure,337
48,traceback_in_exit0,traceback_only_no_test_failure,216
48,traceback_in_exit0,traceback_only_no_test_failure,323
48,traceback_in_exit0,traceback_only_no_test_failure,274
48,traceback_in_exit0,traceback_only_no_test_failure,400
48,traceback_in_exit0,traceback_only_no_test_failure,345
48,traceback_in_exit0,traceback_only_no_test_failure,480
48,traceback_in_exit0,traceback_only_no_test_failure,274
48,traceback_in_exit0,traceback_only_no_test_failure,274
48,traceback_in_exit0,traceback_only_no_test_failure,274
48,traceback_in_exit0,traceback_only_no_test_failure,310
48,traceback_in_exit0,traceback_only_no_test_failure,604
48,traceback_in_exit0,traceback_only_no_test_failure,188
48,traceback_in_exit0,traceback_only_no_test_failure,434
48,traceback_in_exit0,traceback_only_no_test_failure,135
48,traceback_in_exit0,traceback_only_no_test_failure,245
48,tests_failed_in_exit0,unexplained_exit0_with_test_failure,1633
48,traceback_in_exit0,traceback_only_no_test_failure,137
48,traceback_in_exit0,traceback_only_no_test_failure,137
48,traceback_in_exit0,traceback_only_no_test_failure,209
48,traceback_in_exit0,traceback_only_no_test_failure,520
48,traceback_in_exit0,traceback_only_no_test_failure,146
49,traceback_in_exit0,traceback_only_no_test_failure,140
49,traceback_in_exit0,traceback_only_no_test_failure,342
49,traceback_in_exit0,traceback_only_no_test_failure,1557
49,traceback_in_exit0,traceback_only_no_test_failure,530
49,traceback_in_exit0,traceback_only_no_test_failure,152
49,traceback_in_exit0,traceback_only_no_test_failure,153
50,traceback_in_exit0,traceback_only_no_test_failure,227
50,traceback_in_exit0,traceback_only_no_test_failure,223
50,traceback_in_exit0,traceback_only_no_test_failure,142
50,traceback_in_exit0,traceback_only_no_test_failure,615
50,traceback_in_exit0,traceback_only_no_test_failure,355
50,traceback_in_exit0,traceback_only_no_test_failure,182
50,traceback_in_exit0,traceback_only_no_test_failure,714
50,traceback_in_exit0,traceback_only_no_test_failure,1154
50,traceback_in_exit0,traceback_only_no_test_failure,394
50,traceback_in_exit0,traceback_only_no_test_failure,556
51,traceback_in_exit0,traceback_only_no_test_failure,661
51,traceback_in_exit0,traceback_only_no_test_failure,2114
51,traceback_in_exit0,traceback_only_no_test_failure,2287
51,traceback_in_exit0,traceback_only_no_test_failure,541
51,traceback_in_exit0,traceback_only_no_test_failure,645
51,traceback_in_exit0,traceback_only_no_test_failure,516
51,traceback_in_exit0,traceback_only_no_test_failure,4659
51,traceback_in_exit0,traceback_only_no_test_failure,615
51,traceback_in_exit0,traceback_only_no_test_failure,1534
51,traceback_in_exit0,traceback_only_no_test_failure,1155
51,traceback_in_exit0,traceback_only_no_test_failure,1116
51,traceback_in_exit0,traceback_only_no_test_failure,284
51,traceback_in_exit0,traceback_only_no_test_failure,1116
51,traceback_in_exit0,traceback_only_no_test_failure,180
52,traceback_in_exit0,traceback_only_no_test_failure,143
52,traceback_in_exit0,traceback_only_no_test_failure,303
52,traceback_in_exit0,traceback_only_no_test_failure,306
53,traceback_in_exit0,traceback_only_no_test_failure,685
53,traceback_in_exit0,traceback_only_no_test_failure,705
53,traceback_in_exit0,traceback_only_no_test_failure,589
53,traceback_in_exit0,traceback_only_no_test_failure,426
53,traceback_in_exit0,traceback_only_no_test_failure,717
53,traceback_in_exit0,traceback_only_no_test_failure,483
53,traceback_in_exit0,traceback_only_no_test_failure,528
53,traceback_in_exit0,traceback_only_no_test_failure,1374
53,traceback_in_exit0,traceback_only_no_test_failure,611
53,traceback_in_exit0,traceback_only_no_test_failure,447
53,traceback_in_exit0,traceback_only_no_test_failure,1475
53,traceback_in_exit0,traceback_only_no_test_failure,1255
53,traceback_in_exit0,traceback_only_no_test_failure,650
53,traceback_in_exit0,traceback_only_no_test_failure,1455
53,traceback_in_exit0,traceback_only_no_test_failure,603
53,traceback_in_exit0,traceback_only_no_test_failure,494
53,traceback_in_exit0,traceback_only_no_test_failure,747
53,traceback_in_exit0,traceback_only_no_test_failure,136
53,traceback_in_exit0,traceback_only_no_test_failure,10542
53,traceback_in_exit0,traceback_only_no_test_failure,759
53,traceback_in_exit0,traceback_only_no_test_failure,140
53,traceback_in_exit0,traceback_only_no_test_failure,655
53,traceback_in_exit0,traceback_only_no_test_failure,119
53,traceback_in_exit0,traceback_only_no_test_failure,154
53,traceback_in_exit0,traceback_only_no_test_failure,319
53,traceback_in_exit0,traceback_only_no_test_failure,591
53,traceback_in_exit0,traceback_only_no_test_failure,725
53,traceback_in_exit0,traceback_only_no_test_failure,766
53,traceback_in_exit0,traceback_only_no_test_failure,208
53,traceback_in_exit0,traceback_only_no_test_failure,141
53,traceback_in_exit0,traceback_only_no_test_failure,904
53,traceback_in_exit0,traceback_only_no_test_failure,177
53,traceback_in_exit0,traceback_only_no_test_failure,184
53,traceback_in_exit0,traceback_only_no_test_failure,542
53,traceback_in_exit0,traceback_only_no_test_failure,682
53,traceback_in_exit0,traceback_only_no_test_failure,656
53,traceback_in_exit0,traceback_only_no_test_failure,142
53,traceback_in_exit0,traceback_only_no_test_failure,119
53,traceback_in_exit0,traceback_only_no_test_failure,150
53,traceback_in_exit0,traceback_only_no_test_failure,141
54,traceback_in_exit0,traceback_only_no_test_failure,145
54,traceback_in_exit0,traceback_only_no_test_failure,145
54,traceback_in_exit0,traceback_only_no_test_failure,149
54,traceback_in_exit0,traceback_only_no_test_failure,157
54,traceback_in_exit0,traceback_only_no_test_failure,149
54,traceback_in_exit0,traceback_only_no_test_failure,146
54,traceback_in_exit0,traceback_only_no_test_failure,369
55,traceback_in_exit0,traceback_only_no_test_failure,783
55,traceback_in_exit0,traceback_only_no_test_failure,266
55,traceback_in_exit0,traceback_only_no_test_failure,918
55,traceback_in_exit0,traceback_only_no_test_failure,903
55,traceback_in_exit0,traceback_only_no_test_failure,936
55,traceback_in_exit0,traceback_only_no_test_failure,172
55,traceback_in_exit0,traceback_only_no_test_failure,342
55,traceback_in_exit0,traceback_only_no_test_failure,224
55,traceback_in_exit0,traceback_only_no_test_failure,535
55,traceback_in_exit0,traceback_only_no_test_failure,157
55,traceback_in_exit0,traceback_only_no_test_failure,265
55,traceback_in_exit0,traceback_only_no_test_failure,1960
55,traceback_in_exit0,traceback_only_no_test_failure,324
56,tests_failed_in_exit0,unexplained_exit0_with_test_failure,164
56,traceback_in_exit0,traceback_only_no_test_failure,459
56,traceback_in_exit0,traceback_only_no_test_failure,743
56,traceback_in_exit0,traceback_only_no_test_failure,469
56,traceback_in_exit0,traceback_only_no_test_failure,441
56,traceback_in_exit0,traceback_only_no_test_failure,441
56,traceback_in_exit0,traceback_only_no_test_failure,133
56,traceback_in_exit0,traceback_only_no_test_failure,189
56,traceback_in_exit0,traceback_only_no_test_failure,464
56,traceback_in_exit0,traceback_only_no_test_failure,441
56,traceback_in_exit0,traceback_only_no_test_failure,464
56,traceback_in_exit0,traceback_only_no_test_failure,469
56,traceback_in_exit0,traceback_only_no_test_failure,163
56,traceback_in_exit0,traceback_only_no_test_failure,464
56,traceback_in_exit0,traceback_only_no_test_failure,441
56,traceback_in_exit0,traceback_only_no_test_failure,464
56,traceback_in_exit0,traceback_only_no_test_failure,493
56,traceback_in_exit0,traceback_only_no_test_failure,441
56,traceback_in_exit0,traceback_only_no_test_failure,464
56,traceback_in_exit0,traceback_only_no_test_failure,464
56,traceback_in_exit0,traceback_only_no_test_failure,464
56,traceback_in_exit0,traceback_only_no_test_failure,135
56,traceback_in_exit0,traceback_only_no_test_failure,615
56,traceback_in_exit0,traceback_only_no_test_failure,313
56,traceback_in_exit0,traceback_only_no_test_failure,161
56,traceback_in_exit0,traceback_only_no_test_failure,446
56,traceback_in_exit0,traceback_only_no_test_failure,129
56,traceback_in_exit0,traceback_only_no_test_failure,420
56,traceback_in_exit0,traceback_only_no_test_failure,156
56,traceback_in_exit0,traceback_only_no_test_failure,497
57,tests_failed_in_exit0,unexplained_exit0_with_test_failure,483
57,traceback_in_exit0,traceback_only_no_test_failure,329
57,traceback_in_exit0,traceback_only_no_test_failure,329
57,traceback_in_exit0,traceback_only_no_test_failure,6993
57,traceback_in_exit0,traceback_only_no_test_failure,162
57,traceback_in_exit0,traceback_only_no_test_failure,133
57,traceback_in_exit0,traceback_only_no_test_failure,133
57,traceback_in_exit0,traceback_only_no_test_failure,319
57,traceback_in_exit0,traceback_only_no_test_failure,129
57,traceback_in_exit0,traceback_only_no_test_failure,761
57,traceback_in_exit0,traceback_only_no_test_failure,438
57,traceback_in_exit0,traceback_only_no_test_failure,860
57,traceback_in_exit0,traceback_only_no_test_failure,612
57,traceback_in_exit0,traceback_only_no_test_failure,525
57,traceback_in_exit0,traceback_only_no_test_failure,317
57,traceback_in_exit0,traceback_only_no_test_failure,1056
57,traceback_in_exit0,traceback_only_no_test_failure,213
57,traceback_in_exit0,traceback_only_no_test_failure,1112
57,traceback_in_exit0,traceback_only_no_test_failure,498
57,traceback_in_exit0,traceback_only_no_test_failure,432
57,traceback_in_exit0,traceback_only_no_test_failure,418
57,traceback_in_exit0,traceback_only_no_test_failure,149
57,traceback_in_exit0,traceback_only_no_test_failure,479
57,traceback_in_exit0,traceback_only_no_test_failure,173
57,traceback_in_exit0,traceback_only_no_test_failure,415
57,traceback_in_exit0,traceback_only_no_test_failure,318
57,traceback_in_exit0,traceback_only_no_test_failure,379
57,traceback_in_exit0,traceback_only_no_test_failure,335
57,traceback_in_exit0,traceback_only_no_test_failure,667
57,traceback_in_exit0,traceback_only_no_test_failure,177
57,traceback_in_exit0,traceback_only_no_test_failure,188
57,traceback_in_exit0,traceback_only_no_test_failure,506
57,traceback_in_exit0,traceback_only_no_test_failure,920
57,traceback_in_exit0,traceback_only_no_test_failure,190
57,traceback_in_exit0,traceback_only_no_test_failure,158
58,tests_failed_in_exit0,unexplained_exit0_with_test_failure,441
58,traceback_in_exit0,traceback_only_no_test_failure,141
58,tests_failed_in_exit0,unexplained_exit0_with_test_failure,624
58,traceback_in_exit0,traceback_only_no_test_failure,278
58,traceback_in_exit0,traceback_only_no_test_failure,954
58,traceback_in_exit0,traceback_only_no_test_failure,121
58,traceback_in_exit0,traceback_only_no_test_failure,211
58,traceback_in_exit0,traceback_only_no_test_failure,10542
58,traceback_in_exit0,traceback_only_no_test_failure,10542
58,traceback_in_exit0,traceback_only_no_test_failure,10542
58,traceback_in_exit0,traceback_only_no_test_failure,10542
58,traceback_in_exit0,traceback_only_no_test_failure,10542
58,traceback_in_exit0,traceback_only_no_test_failure,10542
58,traceback_in_exit0,traceback_only_no_test_failure,9725
58,traceback_in_exit0,traceback_only_no_test_failure,10542
58,traceback_in_exit0,traceback_only_no_test_failure,10542
58,traceback_in_exit0,traceback_only_no_test_failure,10542
58,traceback_in_exit0,traceback_only_no_test_failure,10542
58,traceback_in_exit0,traceback_only_no_test_failure,10542
58,traceback_in_exit0,traceback_only_no_test_failure,10542
58,traceback_in_exit0,traceback_only_no_test_failure,10542
58,traceback_in_exit0,traceback_only_no_test_failure,10542
58,traceback_in_exit0,traceback_only_no_test_failure,10542
58,traceback_in_exit0,traceback_only_no_test_failure,10542
58,traceback_in_exit0,traceback_only_no_test_failure,10542
58,traceback_in_exit0,traceback_only_no_test_failure,10542
58,traceback_in_exit0,traceback_only_no_test_failure,10542
58,traceback_in_exit0,traceback_only_no_test_failure,10542
58,traceback_in_exit0,traceback_only_no_test_failure,10542
58,traceback_in_exit0,traceback_only_no_test_failure,10542
58,traceback_in_exit0,traceback_only_no_test_failure,10542
58,traceback_in_exit0,traceback_only_no_test_failure,2678
58,traceback_in_exit0,traceback_only_no_test_failure,10542
59,traceback_in_exit0,traceback_only_no_test_failure,384
59,traceback_in_exit0,traceback_only_no_test_failure,222
59,traceback_in_exit0,traceback_only_no_test_failure,1716
59,traceback_in_exit0,traceback_only_no_test_failure,1029
59,traceback_in_exit0,traceback_only_no_test_failure,739
59,traceback_in_exit0,traceback_only_no_test_failure,865
59,traceback_in_exit0,traceback_only_no_test_failure,620
59,traceback_in_exit0,traceback_only_no_test_failure,608
59,traceback_in_exit0,traceback_only_no_test_failure,963
59,traceback_in_exit0,traceback_only_no_test_failure,865
59,traceback_in_exit0,traceback_only_no_test_failure,914
59,traceback_in_exit0,traceback_only_no_test_failure,872
59,traceback_in_exit0,traceback_only_no_test_failure,1117
59,traceback_in_exit0,traceback_only_no_test_failure,299
59,traceback_in_exit0,traceback_only_no_test_failure,495
59,traceback_in_exit0,traceback_only_no_test_failure,1346
59,traceback_in_exit0,traceback_only_no_test_failure,1000
59,traceback_in_exit0,traceback_only_no_test_failure,1329
59,tests_failed_in_exit0,unexplained_exit0_with_test_failure,4046
59,traceback_in_exit0,traceback_only_no_test_failure,467
59,traceback_in_exit0,traceback_only_no_test_failure,3721
59,traceback_in_exit0,traceback_only_no_test_failure,2503
59,traceback_in_exit0,traceback_only_no_test_failure,1246
59,traceback_in_exit0,traceback_only_no_test_failure,698
59,traceback_in_exit0,traceback_only_no_test_failure,572
59,traceback_in_exit0,traceback_only_no_test_failure,778
59,traceback_in_exit0,traceback_only_no_test_failure,251
60,traceback_in_exit0,traceback_only_no_test_failure,121
60,traceback_in_exit0,traceback_only_no_test_failure,177
60,traceback_in_exit0,traceback_only_no_test_failure,489
60,traceback_in_exit0,traceback_only_no_test_failure,272
60,traceback_in_exit0,traceback_only_no_test_failure,1397
60,traceback_in_exit0,traceback_only_no_test_failure,159
60,traceback_in_exit0,traceback_only_no_test_failure,550
60,traceback_in_exit0,traceback_only_no_test_failure,1244
60,traceback_in_exit0,traceback_only_no_test_failure,640
60,traceback_in_exit0,traceback_only_no_test_failure,113
60,traceback_in_exit0,traceback_only_no_test_failure,552
60,traceback_in_exit0,traceback_only_no_test_failure,3187
60,traceback_in_exit0,traceback_only_no_test_failure,190
60,tests_failed_in_exit0,unexplained_exit0_with_test_failure,1570
60,traceback_in_exit0,traceback_only_no_test_failure,984
60,traceback_in_exit0,traceback_only_no_test_failure,1052
60,traceback_in_exit0,traceback_only_no_test_failure,997
60,traceback_in_exit0,traceback_only_no_test_failure,908
60,traceback_in_exit0,traceback_only_no_test_failure,1356
60,traceback_in_exit0,traceback_only_no_test_failure,6732
61,traceback_in_exit0,traceback_only_no_test_failure,254
61,traceback_in_exit0,traceback_only_no_test_failure,254
61,traceback_in_exit0,traceback_only_no_test_failure,918
61,traceback_in_exit0,traceback_only_no_test_failure,515
61,traceback_in_exit0,traceback_only_no_test_failure,783
61,traceback_in_exit0,traceback_only_no_test_failure,273
61,traceback_in_exit0,traceback_only_no_test_failure,1116
61,traceback_in_exit0,traceback_only_no_test_failure,803
62,traceback_in_exit0,traceback_only_no_test_failure,823
62,traceback_in_exit0,traceback_only_no_test_failure,191
62,traceback_in_exit0,traceback_only_no_test_failure,441
62,traceback_in_exit0,traceback_only_no_test_failure,441
62,traceback_in_exit0,traceback_only_no_test_failure,441
62,traceback_in_exit0,traceback_only_no_test_failure,441
62,traceback_in_exit0,traceback_only_no_test_failure,281
62,traceback_in_exit0,traceback_only_no_test_failure,441
62,traceback_in_exit0,traceback_only_no_test_failure,441
62,traceback_in_exit0,traceback_only_no_test_failure,441
62,traceback_in_exit0,traceback_only_no_test_failure,441
62,traceback_in_exit0,traceback_only_no_test_failure,441
62,traceback_in_exit0,traceback_only_no_test_failure,441
62,traceback_in_exit0,traceback_only_no_test_failure,464
62,traceback_in_exit0,traceback_only_no_test_failure,441
62,traceback_in_exit0,traceback_only_no_test_failure,441
62,traceback_in_exit0,traceback_only_no_test_failure,441
62,traceback_in_exit0,traceback_only_no_test_failure,441
62,traceback_in_exit0,traceback_only_no_test_failure,441
62,traceback_in_exit0,traceback_only_no_test_failure,464
62,traceback_in_exit0,traceback_only_no_test_failure,317
63,traceback_in_exit0,traceback_only_no_test_failure,432
63,traceback_in_exit0,traceback_only_no_test_failure,122
63,traceback_in_exit0,traceback_only_no_test_failure,471
63,traceback_in_exit0,traceback_only_no_test_failure,306
63,tests_failed_in_exit0,unexplained_exit0_with_test_failure,361
63,traceback_in_exit0,traceback_only_no_test_failure,286
63,traceback_in_exit0,traceback_only_no_test_failure,248
63,traceback_in_exit0,traceback_only_no_test_failure,155
63,traceback_in_exit0,traceback_only_no_test_failure,144
63,traceback_in_exit0,traceback_only_no_test_failure,622
63,traceback_in_exit0,traceback_only_no_test_failure,420
63,traceback_in_exit0,traceback_only_no_test_failure,150
63,traceback_in_exit0,traceback_only_no_test_failure,213
63,traceback_in_exit0,traceback_only_no_test_failure,236
63,traceback_in_exit0,traceback_only_no_test_failure,1605
64,traceback_in_exit0,traceback_only_no_test_failure,123
64,traceback_in_exit0,traceback_only_no_test_failure,755
64,traceback_in_exit0,traceback_only_no_test_failure,121
64,traceback_in_exit0,traceback_only_no_test_failure,520
64,traceback_in_exit0,traceback_only_no_test_failure,520
64,traceback_in_exit0,traceback_only_no_test_failure,520
64,traceback_in_exit0,traceback_only_no_test_failure,520
64,traceback_in_exit0,traceback_only_no_test_failure,520
64,traceback_in_exit0,traceback_only_no_test_failure,520
64,traceback_in_exit0,traceback_only_no_test_failure,520
64,traceback_in_exit0,traceback_only_no_test_failure,520
64,traceback_in_exit0,traceback_only_no_test_failure,520
64,traceback_in_exit0,traceback_only_no_test_failure,520
64,traceback_in_exit0,traceback_only_no_test_failure,520
64,traceback_in_exit0,traceback_only_no_test_failure,520
64,traceback_in_exit0,traceback_only_no_test_failure,520
64,traceback_in_exit0,traceback_only_no_test_failure,520
64,traceback_in_exit0,traceback_only_no_test_failure,520
64,traceback_in_exit0,traceback_only_no_test_failure,520
64,traceback_in_exit0,traceback_only_no_test_failure,520
64,traceback_in_exit0,traceback_only_no_test_failure,520
64,traceback_in_exit0,traceback_only_no_test_failure,520
64,traceback_in_exit0,traceback_only_no_test_failure,520
64,traceback_in_exit0,traceback_only_no_test_failure,520
64,traceback_in_exit0,traceback_only_no_test_failure,520
64,traceback_in_exit0,traceback_only_no_test_failure,520
64,traceback_in_exit0,traceback_only_no_test_failure,520
64,traceback_in_exit0,traceback_only_no_test_failure,520
64,traceback_in_exit0,traceback_only_no_test_failure,520
64,traceback_in_exit0,traceback_only_no_test_failure,520
64,traceback_in_exit0,traceback_only_no_test_failure,520
64,traceback_in_exit0,traceback_only_no_test_failure,520
64,traceback_in_exit0,traceback_only_no_test_failure,1382
64,traceback_in_exit0,traceback_only_no_test_failure,147
64,traceback_in_exit0,traceback_only_no_test_failure,425
65,traceback_in_exit0,traceback_only_no_test_failure,162
65,traceback_in_exit0,traceback_only_no_test_failure,973
65,traceback_in_exit0,traceback_only_no_test_failure,5834
65,traceback_in_exit0,traceback_only_no_test_failure,1131
65,traceback_in_exit0,traceback_only_no_test_failure,412
65,traceback_in_exit0,traceback_only_no_test_failure,492
65,traceback_in_exit0,traceback_only_no_test_failure,412
65,traceback_in_exit0,traceback_only_no_test_failure,412
65,traceback_in_exit0,traceback_only_no_test_failure,450
65,traceback_in_exit0,traceback_only_no_test_failure,134
65,traceback_in_exit0,traceback_only_no_test_failure,412
65,traceback_in_exit0,traceback_only_no_test_failure,134
65,traceback_in_exit0,traceback_only_no_test_failure,437
65,traceback_in_exit0,traceback_only_no_test_failure,483
65,traceback_in_exit0,traceback_only_no_test_failure,412
66,traceback_in_exit0,traceback_only_no_test_failure,174
66,traceback_in_exit0,traceback_only_no_test_failure,153
66,traceback_in_exit0,traceback_only_no_test_failure,466
66,traceback_in_exit0,traceback_only_no_test_failure,299
67,traceback_in_exit0,traceback_only_no_test_failure,120
67,traceback_in_exit0,traceback_only_no_test_failure,136
67,traceback_in_exit0,traceback_only_no_test_failure,250
67,traceback_in_exit0,traceback_only_no_test_failure,206
67,traceback_in_exit0,traceback_only_no_test_failure,252
67,traceback_in_exit0,traceback_only_no_test_failure,1334
67,traceback_in_exit0,traceback_only_no_test_failure,1362
67,traceback_in_exit0,traceback_only_no_test_failure,1217
68,traceback_in_exit0,traceback_only_no_test_failure,686
68,traceback_in_exit0,traceback_only_no_test_failure,635
68,traceback_in_exit0,traceback_only_no_test_failure,918
68,traceback_in_exit0,traceback_only_no_test_failure,710
68,traceback_in_exit0,traceback_only_no_test_failure,1020
68,traceback_in_exit0,traceback_only_no_test_failure,1060
68,traceback_in_exit0,traceback_only_no_test_failure,1074
68,traceback_in_exit0,traceback_only_no_test_failure,653
68,traceback_in_exit0,traceback_only_no_test_failure,926
68,traceback_in_exit0,traceback_only_no_test_failure,661
68,traceback_in_exit0,traceback_only_no_test_failure,787
69,traceback_in_exit0,traceback_only_no_test_failure,408
69,traceback_in_exit0,traceback_only_no_test_failure,504
69,traceback_in_exit0,traceback_only_no_test_failure,728
69,traceback_in_exit0,traceback_only_no_test_failure,737
69,traceback_in_exit0,traceback_only_no_test_failure,10542
69,tests_failed_in_exit0,unexplained_exit0_with_test_failure,465
69,traceback_in_exit0,traceback_only_no_test_failure,298
69,traceback_in_exit0,traceback_only_no_test_failure,2322
69,tests_failed_in_exit0,unexplained_exit0_with_test_failure,115
69,traceback_in_exit0,traceback_only_no_test_failure,229
69,traceback_in_exit0,traceback_only_no_test_failure,328
69,traceback_in_exit0,traceback_only_no_test_failure,633
69,traceback_in_exit0,traceback_only_no_test_failure,623
69,traceback_in_exit0,traceback_only_no_test_failure,226
69,traceback_in_exit0,traceback_only_no_test_failure,254
69,traceback_in_exit0,traceback_only_no_test_failure,218
69,traceback_in_exit0,traceback_only_no_test_failure,783
69,traceback_in_exit0,traceback_only_no_test_failure,176
69,traceback_in_exit0,traceback_only_no_test_failure,637
69,traceback_in_exit0,traceback_only_no_test_failure,465
69,traceback_in_exit0,traceback_only_no_test_failure,613
69,traceback_in_exit0,traceback_only_no_test_failure,865
69,traceback_in_exit0,traceback_only_no_test_failure,989
69,traceback_in_exit0,traceback_only_no_test_failure,209
70,traceback_in_exit0,traceback_only_no_test_failure,531
70,traceback_in_exit0,traceback_only_no_test_failure,515
70,traceback_in_exit0,traceback_only_no_test_failure,538
70,traceback_in_exit0,traceback_only_no_test_failure,548
70,traceback_in_exit0,traceback_only_no_test_failure,723
70,traceback_in_exit0,traceback_only_no_test_failure,515
70,traceback_in_exit0,traceback_only_no_test_failure,515
70,traceback_in_exit0,traceback_only_no_test_failure,1274
70,traceback_in_exit0,traceback_only_no_test_failure,515
70,traceback_in_exit0,traceback_only_no_test_failure,543
70,traceback_in_exit0,traceback_only_no_test_failure,581
70,traceback_in_exit0,traceback_only_no_test_failure,515
70,traceback_in_exit0,traceback_only_no_test_failure,535
70,traceback_in_exit0,traceback_only_no_test_failure,566
70,traceback_in_exit0,traceback_only_no_test_failure,515
70,traceback_in_exit0,traceback_only_no_test_failure,515
70,traceback_in_exit0,traceback_only_no_test_failure,573
70,traceback_in_exit0,traceback_only_no_test_failure,515
70,traceback_in_exit0,traceback_only_no_test_failure,755
70,traceback_in_exit0,traceback_only_no_test_failure,1331
70,traceback_in_exit0,traceback_only_no_test_failure,610
70,traceback_in_exit0,traceback_only_no_test_failure,1250
70,traceback_in_exit0,traceback_only_no_test_failure,515
70,traceback_in_exit0,traceback_only_no_test_failure,515
70,traceback_in_exit0,traceback_only_no_test_failure,535
70,traceback_in_exit0,traceback_only_no_test_failure,515
70,traceback_in_exit0,traceback_only_no_test_failure,515
70,traceback_in_exit0,traceback_only_no_test_failure,386
70,traceback_in_exit0,traceback_only_no_test_failure,202
70,traceback_in_exit0,traceback_only_no_test_failure,417
70,traceback_in_exit0,traceback_only_no_test_failure,533
70,traceback_in_exit0,traceback_only_no_test_failure,162
70,traceback_in_exit0,traceback_only_no_test_failure,138
70,traceback_in_exit0,traceback_only_no_test_failure,189
70,traceback_in_exit0,traceback_only_no_test_failure,138
70,traceback_in_exit0,traceback_only_no_test_failure,149
70,traceback_in_exit0,traceback_only_no_test_failure,258
70,traceback_in_exit0,traceback_only_no_test_failure,1603
70,traceback_in_exit0,traceback_only_no_test_failure,250
70,traceback_in_exit0,traceback_only_no_test_failure,118
70,traceback_in_exit0,traceback_only_no_test_failure,2361
70,traceback_in_exit0,traceback_only_no_test_failure,240
70,traceback_in_exit0,traceback_only_no_test_failure,167
70,traceback_in_exit0,traceback_only_no_test_failure,1400
70,traceback_in_exit0,traceback_only_no_test_failure,660
70,traceback_in_exit0,traceback_only_no_test_failure,248
70,traceback_in_exit0,traceback_only_no_test_failure,167
70,traceback_in_exit0,traceback_only_no_test_failure,141
71,traceback_in_exit0,traceback_only_no_test_failure,193
71,traceback_in_exit0,traceback_only_no_test_failure,319
71,traceback_in_exit0,traceback_only_no_test_failure,743
71,traceback_in_exit0,traceback_only_no_test_failure,743
71,traceback_in_exit0,traceback_only_no_test_failure,743
71,traceback_in_exit0,traceback_only_no_test_failure,743
71,traceback_in_exit0,traceback_only_no_test_failure,743
71,traceback_in_exit0,traceback_only_no_test_failure,743
71,traceback_in_exit0,traceback_only_no_test_failure,743
71,traceback_in_exit0,traceback_only_no_test_failure,743
71,traceback_in_exit0,traceback_only_no_test_failure,743
71,traceback_in_exit0,traceback_only_no_test_failure,743
71,traceback_in_exit0,traceback_only_no_test_failure,743
71,traceback_in_exit0,traceback_only_no_test_failure,743
71,traceback_in_exit0,traceback_only_no_test_failure,743
71,traceback_in_exit0,traceback_only_no_test_failure,743
71,traceback_in_exit0,traceback_only_no_test_failure,743
71,traceback_in_exit0,traceback_only_no_test_failure,890
71,traceback_in_exit0,traceback_only_no_test_failure,743
71,traceback_in_exit0,traceback_only_no_test_failure,743
71,traceback_in_exit0,traceback_only_no_test_failure,743
71,traceback_in_exit0,traceback_only_no_test_failure,743
71,traceback_in_exit0,traceback_only_no_test_failure,743
71,traceback_in_exit0,traceback_only_no_test_failure,743
71,traceback_in_exit0,traceback_only_no_test_failure,743
71,traceback_in_exit0,traceback_only_no_test_failure,743
71,traceback_in_exit0,traceback_only_no_test_failure,743
71,traceback_in_exit0,traceback_only_no_test_failure,743
71,traceback_in_exit0,traceback_only_no_test_failure,743
71,traceback_in_exit0,traceback_only_no_test_failure,743
71,traceback_in_exit0,traceback_only_no_test_failure,743
71,traceback_in_exit0,traceback_only_no_test_failure,743
71,traceback_in_exit0,traceback_only_no_test_failure,743
71,traceback_in_exit0,traceback_only_no_test_failure,743
71,traceback_in_exit0,traceback_only_no_test_failure,308
71,traceback_in_exit0,traceback_only_no_test_failure,810
72,traceback_in_exit0,traceback_only_no_test_failure,1111
72,traceback_in_exit0,traceback_only_no_test_failure,155
72,traceback_in_exit0,traceback_only_no_test_failure,203
72,traceback_in_exit0,traceback_only_no_test_failure,257
72,traceback_in_exit0,traceback_only_no_test_failure,1930
72,traceback_in_exit0,traceback_only_no_test_failure,275
73,traceback_in_exit0,traceback_only_no_test_failure,148
73,traceback_in_exit0,traceback_only_no_test_failure,196
73,traceback_in_exit0,traceback_only_no_test_failure,136
73,traceback_in_exit0,traceback_only_no_test_failure,817
73,traceback_in_exit0,traceback_only_no_test_failure,157
73,traceback_in_exit0,traceback_only_no_test_failure,219
73,traceback_in_exit0,traceback_only_no_test_failure,137
73,traceback_in_exit0,traceback_only_no_test_failure,806
73,traceback_in_exit0,traceback_only_no_test_failure,128
73,traceback_in_exit0,traceback_only_no_test_failure,117
73,traceback_in_exit0,traceback_only_no_test_failure,243
73,traceback_in_exit0,traceback_only_no_test_failure,759
73,traceback_in_exit0,traceback_only_no_test_failure,337
73,traceback_in_exit0,traceback_only_no_test_failure,254
73,traceback_in_exit0,traceback_only_no_test_failure,210
73,traceback_in_exit0,traceback_only_no_test_failure,556
73,traceback_in_exit0,traceback_only_no_test_failure,205
73,traceback_in_exit0,traceback_only_no_test_failure,140
73,traceback_in_exit0,traceback_only_no_test_failure,320
73,traceback_in_exit0,traceback_only_no_test_failure,239
73,traceback_in_exit0,traceback_only_no_test_failure,839
74,traceback_in_exit0,traceback_only_no_test_failure,558
74,traceback_in_exit0,traceback_only_no_test_failure,163
74,traceback_in_exit0,traceback_only_no_test_failure,132
74,traceback_in_exit0,traceback_only_no_test_failure,521
74,traceback_in_exit0,traceback_only_no_test_failure,2210
74,traceback_in_exit0,traceback_only_no_test_failure,525
74,traceback_in_exit0,traceback_only_no_test_failure,472
74,traceback_in_exit0,traceback_only_no_test_failure,1233
74,traceback_in_exit0,traceback_only_no_test_failure,567
74,traceback_in_exit0,traceback_only_no_test_failure,294
74,traceback_in_exit0,traceback_only_no_test_failure,637
74,traceback_in_exit0,traceback_only_no_test_failure,616
74,traceback_in_exit0,traceback_only_no_test_failure,402
74,traceback_in_exit0,traceback_only_no_test_failure,161
74,traceback_in_exit0,traceback_only_no_test_failure,552
74,traceback_in_exit0,traceback_only_no_test_failure,1323
74,traceback_in_exit0,traceback_only_no_test_failure,2503
74,traceback_in_exit0,traceback_only_no_test_failure,10542
74,traceback_in_exit0,traceback_only_no_test_failure,243
74,traceback_in_exit0,traceback_only_no_test_failure,133
74,traceback_in_exit0,traceback_only_no_test_failure,119
74,traceback_in_exit0,traceback_only_no_test_failure,135
74,traceback_in_exit0,traceback_only_no_test_failure,534
74,traceback_in_exit0,traceback_only_no_test_failure,1209
74,traceback_in_exit0,traceback_only_no_test_failure,724
74,traceback_in_exit0,traceback_only_no_test_failure,249
75,traceback_in_exit0,traceback_only_no_test_failure,918
75,traceback_in_exit0,traceback_only_no_test_failure,145
75,traceback_in_exit0,traceback_only_no_test_failure,1262
75,traceback_in_exit0,traceback_only_no_test_failure,1423
75,traceback_in_exit0,traceback_only_no_test_failure,110
75,traceback_in_exit0,traceback_only_no_test_failure,388
75,traceback_in_exit0,traceback_only_no_test_failure,911
75,traceback_in_exit0,traceback_only_no_test_failure,328
75,traceback_in_exit0,traceback_only_no_test_failure,162
75,traceback_in_exit0,traceback_only_no_test_failure,283
75,traceback_in_exit0,traceback_only_no_test_failure,341
75,traceback_in_exit0,traceback_only_no_test_failure,997
75,traceback_in_exit0,traceback_only_no_test_failure,305
76,traceback_in_exit0,traceback_only_no_test_failure,1320
76,traceback_in_exit0,traceback_only_no_test_failure,473
76,traceback_in_exit0,traceback_only_no_test_failure,1731
76,traceback_in_exit0,traceback_only_no_test_failure,1320
76,traceback_in_exit0,traceback_only_no_test_failure,602
76,traceback_in_exit0,traceback_only_no_test_failure,1320
76,traceback_in_exit0,traceback_only_no_test_failure,1845
76,traceback_in_exit0,traceback_only_no_test_failure,2049
76,traceback_in_exit0,traceback_only_no_test_failure,1870
76,traceback_in_exit0,traceback_only_no_test_failure,1320
76,traceback_in_exit0,traceback_only_no_test_failure,1320
76,traceback_in_exit0,traceback_only_no_test_failure,1104
76,traceback_in_exit0,traceback_only_no_test_failure,1528
76,traceback_in_exit0,traceback_only_no_test_failure,398
76,traceback_in_exit0,traceback_only_no_test_failure,1096
76,traceback_in_exit0,traceback_only_no_test_failure,746
76,traceback_in_exit0,traceback_only_no_test_failure,186
76,traceback_in_exit0,traceback_only_no_test_failure,620
76,traceback_in_exit0,traceback_only_no_test_failure,301
76,traceback_in_exit0,traceback_only_no_test_failure,112
76,tests_failed_in_exit0,unexplained_exit0_with_test_failure,3385
76,tests_failed_in_exit0,unexplained_exit0_with_test_failure,2335
76,traceback_in_exit0,traceback_only_no_test_failure,597
76,traceback_in_exit0,traceback_only_no_test_failure,126
76,tests_failed_in_exit0,unexplained_exit0_with_test_failure,2111
76,traceback_in_exit0,traceback_only_no_test_failure,2046
76,traceback_in_exit0,traceback_only_no_test_failure,788
76,traceback_in_exit0,traceback_only_no_test_failure,249
76,traceback_in_exit0,traceback_only_no_test_failure,1190
76,traceback_in_exit0,traceback_only_no_test_failure,1075
76,traceback_in_exit0,traceback_only_no_test_failure,1353
77,traceback_in_exit0,traceback_only_no_test_failure,232
78,traceback_in_exit0,traceback_only_no_test_failure,1337
78,traceback_in_exit0,traceback_only_no_test_failure,491
78,traceback_in_exit0,traceback_only_no_test_failure,934
78,traceback_in_exit0,traceback_only_no_test_failure,182
78,traceback_in_exit0,traceback_only_no_test_failure,1096
78,traceback_in_exit0,traceback_only_no_test_failure,763
78,traceback_in_exit0,traceback_only_no_test_failure,744
78,traceback_in_exit0,traceback_only_no_test_failure,1798
78,traceback_in_exit0,traceback_only_no_test_failure,1225
78,traceback_in_exit0,traceback_only_no_test_failure,543
78,traceback_in_exit0,traceback_only_no_test_failure,1303
78,traceback_in_exit0,traceback_only_no_test_failure,1499
78,traceback_in_exit0,traceback_only_no_test_failure,1415
78,traceback_in_exit0,traceback_only_no_test_failure,518
78,traceback_in_exit0,traceback_only_no_test_failure,518
78,traceback_in_exit0,traceback_only_no_test_failure,536
78,traceback_in_exit0,traceback_only_no_test_failure,518
78,traceback_in_exit0,traceback_only_no_test_failure,542
78,traceback_in_exit0,traceback_only_no_test_failure,1534
78,traceback_in_exit0,traceback_only_no_test_failure,753
78,traceback_in_exit0,traceback_only_no_test_failure,1304
78,traceback_in_exit0,traceback_only_no_test_failure,600
78,traceback_in_exit0,traceback_only_no_test_failure,518
78,traceback_in_exit0,traceback_only_no_test_failure,518
78,traceback_in_exit0,traceback_only_no_test_failure,518
78,traceback_in_exit0,traceback_only_no_test_failure,1292
78,traceback_in_exit0,traceback_only_no_test_failure,518
78,traceback_in_exit0,traceback_only_no_test_failure,146
78,traceback_in_exit0,traceback_only_no_test_failure,153
78,traceback_in_exit0,traceback_only_no_test_failure,134
78,traceback_in_exit0,traceback_only_no_test_failure,273
79,traceback_in_exit0,traceback_only_no_test_failure,125
79,tests_failed_in_exit0,pytest_collection_error,2064
79,tests_failed_in_exit0,pytest_collection_error,1065
79,tests_failed_in_exit0,unexplained_exit0_with_test_failure,904
79,tests_failed_in_exit0,pytest_collection_error,1565
79,tests_failed_in_exit0,pytest_collection_error,1021
79,traceback_in_exit0,traceback_only_no_test_failure,113
79,tests_failed_in_exit0,pytest_collection_error,1965
79,tests_failed_in_exit0,unexplained_exit0_with_test_failure,4256
79,traceback_in_exit0,traceback_only_no_test_failure,331
79,tests_failed_in_exit0,pytest_collection_error,1021
79,tests_failed_in_exit0,unexplained_exit0_with_test_failure,1767
79,tests_failed_in_exit0,pytest_collection_error,1155
79,tests_failed_in_exit0,unexplained_exit0_with_test_failure,1987
79,tests_failed_in_exit0,pytest_collection_error,1960
79,tests_failed_in_exit0,unexplained_exit0_with_test_failure,3487
79,tests_failed_in_exit0,pytest_collection_error,1147
79,tests_failed_in_exit0,pytest_collection_error,956
79,tests_failed_in_exit0,pytest_collection_error,2106
79,tests_failed_in_exit0,pytest_collection_error,2810
79,tests_failed_in_exit0,unexplained_exit0_with_test_failure,3107
79,traceback_in_exit0,traceback_only_no_test_failure,285
79,tests_failed_in_exit0,unexplained_exit0_with_test_failure,1865
79,tests_failed_in_exit0,pytest_collection_error,1577
79,traceback_in_exit0,traceback_only_no_test_failure,727
79,traceback_in_exit0,traceback_only_no_test_failure,761
79,traceback_in_exit0,traceback_only_no_test_failure,566
79,traceback_in_exit0,traceback_only_no_test_failure,1261
79,traceback_in_exit0,traceback_only_no_test_failure,511
79,traceback_in_exit0,traceback_only_no_test_failure,559
79,traceback_in_exit0,traceback_only_no_test_failure,511
79,traceback_in_exit0,traceback_only_no_test_failure,511
79,traceback_in_exit0,traceback_only_no_test_failure,511
79,traceback_in_exit0,traceback_only_no_test_failure,439
79,traceback_in_exit0,traceback_only_no_test_failure,527
79,traceback_in_exit0,traceback_only_no_test_failure,511
79,traceback_in_exit0,traceback_only_no_test_failure,511
79,traceback_in_exit0,traceback_only_no_test_failure,673
79,traceback_in_exit0,traceback_only_no_test_failure,1255
79,traceback_in_exit0,traceback_only_no_test_failure,650
79,traceback_in_exit0,traceback_only_no_test_failure,439
79,traceback_in_exit0,traceback_only_no_test_failure,1480
79,traceback_in_exit0,traceback_only_no_test_failure,711
79,traceback_in_exit0,traceback_only_no_test_failure,511
79,traceback_in_exit0,traceback_only_no_test_failure,511
79,traceback_in_exit0,traceback_only_no_test_failure,1287
80,traceback_in_exit0,traceback_only_no_test_failure,326
80,traceback_in_exit0,traceback_only_no_test_failure,1285
80,traceback_in_exit0,traceback_only_no_test_failure,10541
80,traceback_in_exit0,traceback_only_no_test_failure,363
80,traceback_in_exit0,traceback_only_no_test_failure,562
80,traceback_in_exit0,traceback_only_no_test_failure,680
80,traceback_in_exit0,traceback_only_no_test_failure,268
80,traceback_in_exit0,traceback_only_no_test_failure,662
80,traceback_in_exit0,traceback_only_no_test_failure,282
80,traceback_in_exit0,traceback_only_no_test_failure,268
80,traceback_in_exit0,traceback_only_no_test_failure,282
80,traceback_in_exit0,traceback_only_no_test_failure,268
80,traceback_in_exit0,traceback_only_no_test_failure,282
80,traceback_in_exit0,traceback_only_no_test_failure,662
80,traceback_in_exit0,traceback_only_no_test_failure,268
80,traceback_in_exit0,traceback_only_no_test_failure,268
80,traceback_in_exit0,traceback_only_no_test_failure,268
80,traceback_in_exit0,traceback_only_no_test_failure,268
80,traceback_in_exit0,traceback_only_no_test_failure,268
80,traceback_in_exit0,traceback_only_no_test_failure,268
80,traceback_in_exit0,traceback_only_no_test_failure,662
80,traceback_in_exit0,traceback_only_no_test_failure,268
80,traceback_in_exit0,traceback_only_no_test_failure,690
80,traceback_in_exit0,traceback_only_no_test_failure,662
80,traceback_in_exit0,traceback_only_no_test_failure,268
80,traceback_in_exit0,traceback_only_no_test_failure,662
80,traceback_in_exit0,traceback_only_no_test_failure,662
80,traceback_in_exit0,traceback_only_no_test_failure,662
81,traceback_in_exit0,traceback_only_no_test_failure,170
81,traceback_in_exit0,traceback_only_no_test_failure,1394
81,traceback_in_exit0,traceback_only_no_test_failure,146
81,traceback_in_exit0,traceback_only_no_test_failure,875
81,tests_failed_in_exit0,unexplained_exit0_with_test_failure,544
81,traceback_in_exit0,traceback_only_no_test_failure,114
81,traceback_in_exit0,traceback_only_no_test_failure,885
81,traceback_in_exit0,traceback_only_no_test_failure,1177
81,traceback_in_exit0,traceback_only_no_test_failure,224
81,traceback_in_exit0,traceback_only_no_test_failure,177
82,traceback_in_exit0,traceback_only_no_test_failure,533
82,traceback_in_exit0,traceback_only_no_test_failure,170
82,traceback_in_exit0,traceback_only_no_test_failure,330
82,traceback_in_exit0,traceback_only_no_test_failure,273
82,traceback_in_exit0,traceback_only_no_test_failure,133
82,traceback_in_exit0,traceback_only_no_test_failure,184
82,traceback_in_exit0,traceback_only_no_test_failure,145
82,traceback_in_exit0,traceback_only_no_test_failure,279
82,traceback_in_exit0,traceback_only_no_test_failure,2140
82,traceback_in_exit0,traceback_only_no_test_failure,296
82,traceback_in_exit0,traceback_only_no_test_failure,1163
82,traceback_in_exit0,traceback_only_no_test_failure,2405
82,traceback_in_exit0,traceback_only_no_test_failure,817
82,traceback_in_exit0,traceback_only_no_test_failure,1648
82,traceback_in_exit0,traceback_only_no_test_failure,216
82,traceback_in_exit0,traceback_only_no_test_failure,173
82,traceback_in_exit0,traceback_only_no_test_failure,515
82,traceback_in_exit0,traceback_only_no_test_failure,645
82,traceback_in_exit0,traceback_only_no_test_failure,136
82,traceback_in_exit0,traceback_only_no_test_failure,525
83,traceback_in_exit0,traceback_only_no_test_failure,271
83,traceback_in_exit0,traceback_only_no_test_failure,190
83,traceback_in_exit0,traceback_only_no_test_failure,366
83,traceback_in_exit0,traceback_only_no_test_failure,143
83,traceback_in_exit0,traceback_only_no_test_failure,333
83,traceback_in_exit0,traceback_only_no_test_failure,563
83,traceback_in_exit0,traceback_only_no_test_failure,413
83,traceback_in_exit0,traceback_only_no_test_failure,186
83,traceback_in_exit0,traceback_only_no_test_failure,326
83,traceback_in_exit0,traceback_only_no_test_failure,134
83,traceback_in_exit0,traceback_only_no_test_failure,2756
83,traceback_in_exit0,traceback_only_no_test_failure,145
83,traceback_in_exit0,traceback_only_no_test_failure,541
83,traceback_in_exit0,traceback_only_no_test_failure,195
83,traceback_in_exit0,traceback_only_no_test_failure,324
84,traceback_in_exit0,traceback_only_no_test_failure,264
84,traceback_in_exit0,traceback_only_no_test_failure,193
84,traceback_in_exit0,traceback_only_no_test_failure,1453
84,traceback_in_exit0,traceback_only_no_test_failure,923
84,traceback_in_exit0,traceback_only_no_test_failure,771
84,traceback_in_exit0,traceback_only_no_test_failure,698
84,traceback_in_exit0,traceback_only_no_test_failure,1021
84,traceback_in_exit0,traceback_only_no_test_failure,376
85,traceback_in_exit0,traceback_only_no_test_failure,483
85,traceback_in_exit0,traceback_only_no_test_failure,661
85,traceback_in_exit0,traceback_only_no_test_failure,373
85,traceback_in_exit0,traceback_only_no_test_failure,383
85,traceback_in_exit0,traceback_only_no_test_failure,485
85,traceback_in_exit0,traceback_only_no_test_failure,7294
85,traceback_in_exit0,traceback_only_no_test_failure,7647
85,traceback_in_exit0,traceback_only_no_test_failure,155
85,traceback_in_exit0,traceback_only_no_test_failure,561
85,traceback_in_exit0,traceback_only_no_test_failure,397
85,traceback_in_exit0,traceback_only_no_test_failure,1367
86,traceback_in_exit0,traceback_only_no_test_failure,428
86,traceback_in_exit0,traceback_only_no_test_failure,258
86,traceback_in_exit0,traceback_only_no_test_failure,599
86,traceback_in_exit0,traceback_only_no_test_failure,827
86,traceback_in_exit0,traceback_only_no_test_failure,583
86,traceback_in_exit0,traceback_only_no_test_failure,990
86,traceback_in_exit0,traceback_only_no_test_failure,716
86,traceback_in_exit0,traceback_only_no_test_failure,593
86,traceback_in_exit0,traceback_only_no_test_failure,938
86,traceback_in_exit0,traceback_only_no_test_failure,884
86,traceback_in_exit0,traceback_only_no_test_failure,911
86,traceback_in_exit0,traceback_only_no_test_failure,1768
86,traceback_in_exit0,traceback_only_no_test_failure,1483
86,traceback_in_exit0,traceback_only_no_test_failure,405
86,traceback_in_exit0,traceback_only_no_test_failure,751
87,traceback_in_exit0,traceback_only_no_test_failure,1063
87,traceback_in_exit0,traceback_only_no_test_failure,336
87,traceback_in_exit0,traceback_only_no_test_failure,1244
87,traceback_in_exit0,traceback_only_no_test_failure,931
87,traceback_in_exit0,traceback_only_no_test_failure,1346
87,traceback_in_exit0,traceback_only_no_test_failure,221
87,traceback_in_exit0,traceback_only_no_test_failure,116
87,traceback_in_exit0,traceback_only_no_test_failure,151
87,traceback_in_exit0,traceback_only_no_test_failure,183
87,traceback_in_exit0,traceback_only_no_test_failure,453
87,traceback_in_exit0,traceback_only_no_test_failure,184
87,traceback_in_exit0,traceback_only_no_test_failure,756
87,traceback_in_exit0,traceback_only_no_test_failure,1064
87,traceback_in_exit0,traceback_only_no_test_failure,477
88,traceback_in_exit0,traceback_only_no_test_failure,254
89,traceback_in_exit0,traceback_only_no_test_failure,6761
89,traceback_in_exit0,traceback_only_no_test_failure,676
89,traceback_in_exit0,traceback_only_no_test_failure,8546
89,traceback_in_exit0,traceback_only_no_test_failure,7043
89,traceback_in_exit0,traceback_only_no_test_failure,6862
89,traceback_in_exit0,traceback_only_no_test_failure,2077
89,traceback_in_exit0,traceback_only_no_test_failure,6785
89,traceback_in_exit0,traceback_only_no_test_failure,10540
89,traceback_in_exit0,traceback_only_no_test_failure,6830
89,traceback_in_exit0,traceback_only_no_test_failure,6738
89,traceback_in_exit0,traceback_only_no_test_failure,6943
89,traceback_in_exit0,traceback_only_no_test_failure,2447
89,traceback_in_exit0,traceback_only_no_test_failure,1823
89,traceback_in_exit0,traceback_only_no_test_failure,7086
89,traceback_in_exit0,traceback_only_no_test_failure,1040
89,traceback_in_exit0,traceback_only_no_test_failure,6923
89,traceback_in_exit0,traceback_only_no_test_failure,795
89,traceback_in_exit0,traceback_only_no_test_failure,1235
89,traceback_in_exit0,traceback_only_no_test_failure,6830
89,traceback_in_exit0,traceback_only_no_test_failure,2347
89,traceback_in_exit0,traceback_only_no_test_failure,1570
89,traceback_in_exit0,traceback_only_no_test_failure,2684
89,traceback_in_exit0,traceback_only_no_test_failure,9570
89,traceback_in_exit0,traceback_only_no_test_failure,8166
89,traceback_in_exit0,traceback_only_no_test_failure,194
89,traceback_in_exit0,traceback_only_no_test_failure,133
89,traceback_in_exit0,traceback_only_no_test_failure,215
89,traceback_in_exit0,traceback_only_no_test_failure,154
89,traceback_in_exit0,traceback_only_no_test_failure,120
89,traceback_in_exit0,traceback_only_no_test_failure,481
89,traceback_in_exit0,traceback_only_no_test_failure,141
89,traceback_in_exit0,traceback_only_no_test_failure,10539
89,traceback_in_exit0,traceback_only_no_test_failure,134
89,traceback_in_exit0,traceback_only_no_test_failure,793
89,traceback_in_exit0,traceback_only_no_test_failure,135
89,traceback_in_exit0,traceback_only_no_test_failure,146
89,traceback_in_exit0,traceback_only_no_test_failure,492
89,traceback_in_exit0,traceback_only_no_test_failure,155
89,traceback_in_exit0,traceback_only_no_test_failure,418
89,traceback_in_exit0,traceback_only_no_test_failure,294
89,traceback_in_exit0,traceback_only_no_test_failure,165
89,traceback_in_exit0,traceback_only_no_test_failure,355
89,traceback_in_exit0,traceback_only_no_test_failure,246
89,traceback_in_exit0,traceback_only_no_test_failure,304
89,traceback_in_exit0,traceback_only_no_test_failure,985
89,traceback_in_exit0,traceback_only_no_test_failure,304
89,traceback_in_exit0,traceback_only_no_test_failure,583
89,traceback_in_exit0,traceback_only_no_test_failure,599
89,traceback_in_exit0,traceback_only_no_test_failure,308
89,traceback_in_exit0,traceback_only_no_test_failure,275
89,traceback_in_exit0,traceback_only_no_test_failure,601
89,traceback_in_exit0,traceback_only_no_test_failure,597
89,traceback_in_exit0,traceback_only_no_test_failure,184
89,traceback_in_exit0,traceback_only_no_test_failure,590
89,traceback_in_exit0,traceback_only_no_test_failure,582
89,traceback_in_exit0,traceback_only_no_test_failure,594
89,traceback_in_exit0,traceback_only_no_test_failure,588
89,traceback_in_exit0,traceback_only_no_test_failure,585
89,traceback_in_exit0,traceback_only_no_test_failure,408
89,traceback_in_exit0,traceback_only_no_test_failure,497
89,traceback_in_exit0,traceback_only_no_test_failure,439
89,traceback_in_exit0,traceback_only_no_test_failure,600
89,traceback_in_exit0,traceback_only_no_test_failure,592
89,traceback_in_exit0,traceback_only_no_test_failure,338
89,traceback_in_exit0,traceback_only_no_test_failure,577
89,traceback_in_exit0,traceback_only_no_test_failure,600
89,traceback_in_exit0,traceback_only_no_test_failure,572
90,traceback_in_exit0,traceback_only_no_test_failure,221
90,tests_failed_in_exit0,later_pass_supersedes_in_same_segment,186
90,traceback_in_exit0,traceback_only_no_test_failure,615
90,traceback_in_exit0,traceback_only_no_test_failure,221
90,traceback_in_exit0,traceback_only_no_test_failure,306
90,traceback_in_exit0,traceback_only_no_test_failure,550
90,traceback_in_exit0,traceback_only_no_test_failure,1022
90,traceback_in_exit0,traceback_only_no_test_failure,658
90,traceback_in_exit0,traceback_only_no_test_failure,1003
90,traceback_in_exit0,traceback_only_no_test_failure,421
90,traceback_in_exit0,traceback_only_no_test_failure,530
90,traceback_in_exit0,traceback_only_no_test_failure,1474
90,traceback_in_exit0,traceback_only_no_test_failure,1358
90,traceback_in_exit0,traceback_only_no_test_failure,861
90,traceback_in_exit0,traceback_only_no_test_failure,351
90,traceback_in_exit0,traceback_only_no_test_failure,279
90,tests_failed_in_exit0,unexplained_exit0_with_test_failure,280
91,traceback_in_exit0,traceback_only_no_test_failure,185
91,traceback_in_exit0,traceback_only_no_test_failure,126
91,traceback_in_exit0,traceback_only_no_test_failure,158
91,traceback_in_exit0,traceback_only_no_test_failure,204
91,traceback_in_exit0,traceback_only_no_test_failure,211
91,traceback_in_exit0,traceback_only_no_test_failure,227
91,traceback_in_exit0,traceback_only_no_test_failure,368
91,traceback_in_exit0,traceback_only_no_test_failure,708
91,traceback_in_exit0,traceback_only_no_test_failure,817
91,traceback_in_exit0,traceback_only_no_test_failure,541
91,traceback_in_exit0,traceback_only_no_test_failure,469
91,traceback_in_exit0,traceback_only_no_test_failure,434
91,traceback_in_exit0,traceback_only_no_test_failure,146
91,traceback_in_exit0,traceback_only_no_test_failure,734
91,traceback_in_exit0,traceback_only_no_test_failure,1006
91,traceback_in_exit0,traceback_only_no_test_failure,369
91,traceback_in_exit0,traceback_only_no_test_failure,543
91,traceback_in_exit0,traceback_only_no_test_failure,676
91,traceback_in_exit0,traceback_only_no_test_failure,374
91,traceback_in_exit0,traceback_only_no_test_failure,571
91,traceback_in_exit0,traceback_only_no_test_failure,1232
91,traceback_in_exit0,traceback_only_no_test_failure,228
91,traceback_in_exit0,traceback_only_no_test_failure,134
91,traceback_in_exit0,traceback_only_no_test_failure,166
91,traceback_in_exit0,traceback_only_no_test_failure,280
91,traceback_in_exit0,traceback_only_no_test_failure,917
91,traceback_in_exit0,traceback_only_no_test_failure,516
91,traceback_in_exit0,traceback_only_no_test_failure,556
91,traceback_in_exit0,traceback_only_no_test_failure,487
91,traceback_in_exit0,traceback_only_no_test_failure,334
91,traceback_in_exit0,traceback_only_no_test_failure,1693
91,traceback_in_exit0,traceback_only_no_test_failure,568
91,traceback_in_exit0,traceback_only_no_test_failure,555
91,traceback_in_exit0,traceback_only_no_test_failure,695
92,tests_failed_in_exit0,unexplained_exit0_with_test_failure,35
92,traceback_in_exit0,traceback_only_no_test_failure,10542
92,traceback_in_exit0,traceback_only_no_test_failure,145
92,traceback_in_exit0,traceback_only_no_test_failure,137
92,traceback_in_exit0,traceback_only_no_test_failure,533
92,traceback_in_exit0,traceback_only_no_test_failure,872
92,traceback_in_exit0,traceback_only_no_test_failure,529
92,traceback_in_exit0,traceback_only_no_test_failure,1648
92,traceback_in_exit0,traceback_only_no_test_failure,192
92,traceback_in_exit0,traceback_only_no_test_failure,645
92,traceback_in_exit0,traceback_only_no_test_failure,117
92,traceback_in_exit0,traceback_only_no_test_failure,397
92,traceback_in_exit0,traceback_only_no_test_failure,269
92,traceback_in_exit0,traceback_only_no_test_failure,1596
92,traceback_in_exit0,traceback_only_no_test_failure,783
92,traceback_in_exit0,traceback_only_no_test_failure,730
92,traceback_in_exit0,traceback_only_no_test_failure,119
92,traceback_in_exit0,traceback_only_no_test_failure,134
92,traceback_in_exit0,traceback_only_no_test_failure,140
92,traceback_in_exit0,traceback_only_no_test_failure,140
92,traceback_in_exit0,traceback_only_no_test_failure,672
92,traceback_in_exit0,traceback_only_no_test_failure,119
92,traceback_in_exit0,traceback_only_no_test_failure,354
92,traceback_in_exit0,traceback_only_no_test_failure,354
92,traceback_in_exit0,traceback_only_no_test_failure,354
92,traceback_in_exit0,traceback_only_no_test_failure,354
92,traceback_in_exit0,traceback_only_no_test_failure,354
92,traceback_in_exit0,traceback_only_no_test_failure,354
92,traceback_in_exit0,traceback_only_no_test_failure,354
92,traceback_in_exit0,traceback_only_no_test_failure,354
92,traceback_in_exit0,traceback_only_no_test_failure,354
92,traceback_in_exit0,traceback_only_no_test_failure,354
92,traceback_in_exit0,traceback_only_no_test_failure,354
92,traceback_in_exit0,traceback_only_no_test_failure,354
92,traceback_in_exit0,traceback_only_no_test_failure,354
92,traceback_in_exit0,traceback_only_no_test_failure,354
92,traceback_in_exit0,traceback_only_no_test_failure,354
92,traceback_in_exit0,traceback_only_no_test_failure,354
92,traceback_in_exit0,traceback_only_no_test_failure,354
92,traceback_in_exit0,traceback_only_no_test_failure,354
92,traceback_in_exit0,traceback_only_no_test_failure,354
92,traceback_in_exit0,traceback_only_no_test_failure,354
92,traceback_in_exit0,traceback_only_no_test_failure,354
92,traceback_in_exit0,traceback_only_no_test_failure,354
92,traceback_in_exit0,traceback_only_no_test_failure,354
92,traceback_in_exit0,traceback_only_no_test_failure,354
92,traceback_in_exit0,traceback_only_no_test_failure,354
92,traceback_in_exit0,traceback_only_no_test_failure,354
92,traceback_in_exit0,traceback_only_no_test_failure,354
92,traceback_in_exit0,traceback_only_no_test_failure,354
92,traceback_in_exit0,traceback_only_no_test_failure,354
92,traceback_in_exit0,traceback_only_no_test_failure,354
92,traceback_in_exit0,traceback_only_no_test_failure,354
92,traceback_in_exit0,traceback_only_no_test_failure,354
92,traceback_in_exit0,traceback_only_no_test_failure,836
92,traceback_in_exit0,traceback_only_no_test_failure,153
92,traceback_in_exit0,traceback_only_no_test_failure,188
92,traceback_in_exit0,traceback_only_no_test_failure,10542
92,traceback_in_exit0,traceback_only_no_test_failure,129
92,traceback_in_exit0,traceback_only_no_test_failure,345
92,traceback_in_exit0,traceback_only_no_test_failure,358
92,traceback_in_exit0,traceback_only_no_test_failure,358
92,traceback_in_exit0,traceback_only_no_test_failure,358
92,traceback_in_exit0,traceback_only_no_test_failure,358
92,traceback_in_exit0,traceback_only_no_test_failure,358
92,traceback_in_exit0,traceback_only_no_test_failure,358
92,traceback_in_exit0,traceback_only_no_test_failure,358
92,traceback_in_exit0,traceback_only_no_test_failure,358
92,traceback_in_exit0,traceback_only_no_test_failure,358
92,traceback_in_exit0,traceback_only_no_test_failure,358
92,traceback_in_exit0,traceback_only_no_test_failure,358
92,traceback_in_exit0,traceback_only_no_test_failure,358
92,traceback_in_exit0,traceback_only_no_test_failure,358
92,traceback_in_exit0,traceback_only_no_test_failure,358
92,traceback_in_exit0,traceback_only_no_test_failure,358
92,traceback_in_exit0,traceback_only_no_test_failure,358
92,traceback_in_exit0,traceback_only_no_test_failure,358
92,traceback_in_exit0,traceback_only_no_test_failure,358
92,traceback_in_exit0,traceback_only_no_test_failure,358
92,traceback_in_exit0,traceback_only_no_test_failure,358
92,traceback_in_exit0,traceback_only_no_test_failure,358
92,traceback_in_exit0,traceback_only_no_test_failure,358
92,traceback_in_exit0,traceback_only_no_test_failure,358
92,traceback_in_exit0,traceback_only_no_test_failure,358
92,traceback_in_exit0,traceback_only_no_test_failure,358
92,traceback_in_exit0,traceback_only_no_test_failure,358
92,traceback_in_exit0,traceback_only_no_test_failure,358
92,traceback_in_exit0,traceback_only_no_test_failure,358
92,traceback_in_exit0,traceback_only_no_test_failure,358
92,traceback_in_exit0,traceback_only_no_test_failure,358
92,traceback_in_exit0,traceback_only_no_test_failure,358
92,traceback_in_exit0,traceback_only_no_test_failure,358
93,traceback_in_exit0,traceback_only_no_test_failure,201
93,traceback_in_exit0,traceback_only_no_test_failure,925
94,traceback_in_exit0,traceback_only_no_test_failure,162
94,traceback_in_exit0,traceback_only_no_test_failure,302
94,traceback_in_exit0,traceback_only_no_test_failure,339
95,traceback_in_exit0,traceback_only_no_test_failure,174
96,traceback_in_exit0,traceback_only_no_test_failure,1991
96,traceback_in_exit0,traceback_only_no_test_failure,237
96,tests_failed_in_exit0,unexplained_exit0_with_test_failure,1028
96,tests_failed_in_exit0,unexplained_exit0_with_test_failure,109
96,traceback_in_exit0,traceback_only_no_test_failure,169
96,traceback_in_exit0,traceback_only_no_test_failure,135
96,traceback_in_exit0,traceback_only_no_test_failure,418
96,traceback_in_exit0,traceback_only_no_test_failure,380
96,traceback_in_exit0,traceback_only_no_test_failure,149
96,traceback_in_exit0,traceback_only_no_test_failure,162
96,traceback_in_exit0,traceback_only_no_test_failure,137
96,traceback_in_exit0,traceback_only_no_test_failure,136
96,traceback_in_exit0,traceback_only_no_test_failure,136
96,traceback_in_exit0,traceback_only_no_test_failure,10542
96,traceback_in_exit0,traceback_only_no_test_failure,796
96,traceback_in_exit0,traceback_only_no_test_failure,1289
96,traceback_in_exit0,traceback_only_no_test_failure,1714
96,traceback_in_exit0,traceback_only_no_test_failure,418
96,traceback_in_exit0,traceback_only_no_test_failure,447
96,traceback_in_exit0,traceback_only_no_test_failure,462
96,traceback_in_exit0,traceback_only_no_test_failure,455
96,traceback_in_exit0,traceback_only_no_test_failure,474
96,traceback_in_exit0,traceback_only_no_test_failure,254
96,traceback_in_exit0,traceback_only_no_test_failure,429
96,traceback_in_exit0,traceback_only_no_test_failure,362
96,tests_failed_in_exit0,unexplained_exit0_with_test_failure,7121
96,tests_failed_in_exit0,unexplained_exit0_with_test_failure,2043
96,tests_failed_in_exit0,later_pass_supersedes_in_same_segment,1172
96,tests_failed_in_exit0,unexplained_exit0_with_test_failure,2370
96,tests_failed_in_exit0,unexplained_exit0_with_test_failure,5255
97,traceback_in_exit0,traceback_only_no_test_failure,171
97,traceback_in_exit0,traceback_only_no_test_failure,247
97,traceback_in_exit0,traceback_only_no_test_failure,967
97,traceback_in_exit0,traceback_only_no_test_failure,224
97,traceback_in_exit0,traceback_only_no_test_failure,150
97,traceback_in_exit0,traceback_only_no_test_failure,638
97,traceback_in_exit0,traceback_only_no_test_failure,737
97,traceback_in_exit0,traceback_only_no_test_failure,3145
97,traceback_in_exit0,traceback_only_no_test_failure,704
97,traceback_in_exit0,traceback_only_no_test_failure,2495
97,traceback_in_exit0,traceback_only_no_test_failure,10542
97,traceback_in_exit0,traceback_only_no_test_failure,544
98,traceback_in_exit0,traceback_only_no_test_failure,971
98,traceback_in_exit0,traceback_only_no_test_failure,148
98,traceback_in_exit0,traceback_only_no_test_failure,123
98,traceback_in_exit0,traceback_only_no_test_failure,392
98,traceback_in_exit0,traceback_only_no_test_failure,153
98,traceback_in_exit0,traceback_only_no_test_failure,518
98,traceback_in_exit0,traceback_only_no_test_failure,141
98,traceback_in_exit0,traceback_only_no_test_failure,324
98,traceback_in_exit0,traceback_only_no_test_failure,908
98,traceback_in_exit0,traceback_only_no_test_failure,466
98,traceback_in_exit0,traceback_only_no_test_failure,518
98,traceback_in_exit0,traceback_only_no_test_failure,324
98,traceback_in_exit0,traceback_only_no_test_failure,510
98,traceback_in_exit0,traceback_only_no_test_failure,539
98,traceback_in_exit0,traceback_only_no_test_failure,512
98,traceback_in_exit0,traceback_only_no_test_failure,511
98,traceback_in_exit0,traceback_only_no_test_failure,348
99,traceback_in_exit0,traceback_only_no_test_failure,2654
99,traceback_in_exit0,traceback_only_no_test_failure,1784
99,traceback_in_exit0,traceback_only_no_test_failure,999
99,traceback_in_exit0,traceback_only_no_test_failure,7664
99,traceback_in_exit0,traceback_only_no_test_failure,2063
99,traceback_in_exit0,traceback_only_no_test_failure,1735
99,traceback_in_exit0,traceback_only_no_test_failure,8409
99,traceback_in_exit0,traceback_only_no_test_failure,6194
99,traceback_in_exit0,traceback_only_no_test_failure,8357
99,traceback_in_exit0,traceback_only_no_test_failure,1112
99,traceback_in_exit0,traceback_only_no_test_failure,10542
99,traceback_in_exit0,traceback_only_no_test_failure,2308
99,traceback_in_exit0,traceback_only_no_test_failure,1235
99,traceback_in_exit0,traceback_only_no_test_failure,4185
99,traceback_in_exit0,traceback_only_no_test_failure,8243
99,traceback_in_exit0,traceback_only_no_test_failure,1546
99,traceback_in_exit0,traceback_only_no_test_failure,7097
99,traceback_in_exit0,traceback_only_no_test_failure,2543
99,traceback_in_exit0,traceback_only_no_test_failure,10541
99,traceback_in_exit0,traceback_only_no_test_failure,651
99,traceback_in_exit0,traceback_only_no_test_failure,140
99,traceback_in_exit0,traceback_only_no_test_failure,117
100,traceback_in_exit0,traceback_only_no_test_failure,371
100,traceback_in_exit0,traceback_only_no_test_failure,297
100,traceback_in_exit0,traceback_only_no_test_failure,211
100,traceback_in_exit0,traceback_only_no_test_failure,319
100,traceback_in_exit0,traceback_only_no_test_failure,533
100,traceback_in_exit0,traceback_only_no_test_failure,207
100,traceback_in_exit0,traceback_only_no_test_failure,230
100,traceback_in_exit0,traceback_only_no_test_failure,450
100,traceback_in_exit0,traceback_only_no_test_failure,227
100,traceback_in_exit0,traceback_only_no_test_failure,129
100,traceback_in_exit0,traceback_only_no_test_failure,445
100,traceback_in_exit0,traceback_only_no_test_failure,260
100,traceback_in_exit0,traceback_only_no_test_failure,1181
100,traceback_in_exit0,traceback_only_no_test_failure,240
100,traceback_in_exit0,traceback_only_no_test_failure,240
100,traceback_in_exit0,traceback_only_no_test_failure,489
100,traceback_in_exit0,traceback_only_no_test_failure,1002
100,traceback_in_exit0,traceback_only_no_test_failure,272
100,traceback_in_exit0,traceback_only_no_test_failure,1396
100,traceback_in_exit0,traceback_only_no_test_failure,240
100,traceback_in_exit0,traceback_only_no_test_failure,259
100,traceback_in_exit0,traceback_only_no_test_failure,273
100,traceback_in_exit0,traceback_only_no_test_failure,260
100,traceback_in_exit0,traceback_only_no_test_failure,564
100,traceback_in_exit0,traceback_only_no_test_failure,259
100,traceback_in_exit0,traceback_only_no_test_failure,240
100,traceback_in_exit0,traceback_only_no_test_failure,260
100,traceback_in_exit0,traceback_only_no_test_failure,260
100,traceback_in_exit0,traceback_only_no_test_failure,402
100,traceback_in_exit0,traceback_only_no_test_failure,273
100,traceback_in_exit0,traceback_only_no_test_failure,240
100,traceback_in_exit0,traceback_only_no_test_failure,240
100,traceback_in_exit0,traceback_only_no_test_failure,260
100,traceback_in_exit0,traceback_only_no_test_failure,343
100,traceback_in_exit0,traceback_only_no_test_failure,263
100,traceback_in_exit0,traceback_only_no_test_failure,240
100,traceback_in_exit0,traceback_only_no_test_failure,10542
100,traceback_in_exit0,traceback_only_no_test_failure,418
100,traceback_in_exit0,traceback_only_no_test_failure,119
100,traceback_in_exit0,traceback_only_no_test_failure,140
100,traceback_in_exit0,traceback_only_no_test_failure,137
100,traceback_in_exit0,traceback_only_no_test_failure,145
100,traceback_in_exit0,traceback_only_no_test_failure,306
100,traceback_in_exit0,traceback_only_no_test_failure,645
100,traceback_in_exit0,traceback_only_no_test_failure,927
101,traceback_in_exit0,traceback_only_no_test_failure,137
101,traceback_in_exit0,traceback_only_no_test_failure,114
101,traceback_in_exit0,traceback_only_no_test_failure,758
101,traceback_in_exit0,traceback_only_no_test_failure,128
101,traceback_in_exit0,traceback_only_no_test_failure,188
101,traceback_in_exit0,traceback_only_no_test_failure,230
101,traceback_in_exit0,traceback_only_no_test_failure,565
101,traceback_in_exit0,traceback_only_no_test_failure,175
101,traceback_in_exit0,traceback_only_no_test_failure,273
101,traceback_in_exit0,traceback_only_no_test_failure,254
101,traceback_in_exit0,traceback_only_no_test_failure,112
101,traceback_in_exit0,traceback_only_no_test_failure,536
101,traceback_in_exit0,traceback_only_no_test_failure,768
102,traceback_in_exit0,traceback_only_no_test_failure,401
102,traceback_in_exit0,traceback_only_no_test_failure,432
102,traceback_in_exit0,traceback_only_no_test_failure,249
102,traceback_in_exit0,traceback_only_no_test_failure,435
102,traceback_in_exit0,traceback_only_no_test_failure,137
102,traceback_in_exit0,traceback_only_no_test_failure,125
102,traceback_in_exit0,traceback_only_no_test_failure,172
102,traceback_in_exit0,traceback_only_no_test_failure,174
102,traceback_in_exit0,traceback_only_no_test_failure,369
102,traceback_in_exit0,traceback_only_no_test_failure,326
102,tests_failed_in_exit0,unexplained_exit0_with_test_failure,2174
102,tests_failed_in_exit0,unexplained_exit0_with_test_failure,2241
102,tests_failed_in_exit0,pytest_collection_error,938
102,tests_failed_in_exit0,unexplained_exit0_with_test_failure,1275
102,tests_failed_in_exit0,unexplained_exit0_with_test_failure,4496
102,tests_failed_in_exit0,unexplained_exit0_with_test_failure,4225
102,tests_failed_in_exit0,pytest_collection_error,992
102,tests_failed_in_exit0,pytest_collection_error,996
103,traceback_in_exit0,traceback_only_no_test_failure,1716
103,traceback_in_exit0,traceback_only_no_test_failure,1052
103,traceback_in_exit0,traceback_only_no_test_failure,986
103,traceback_in_exit0,traceback_only_no_test_failure,336
103,traceback_in_exit0,traceback_only_no_test_failure,163
103,traceback_in_exit0,traceback_only_no_test_failure,270
103,traceback_in_exit0,traceback_only_no_test_failure,779
103,traceback_in_exit0,traceback_only_no_test_failure,213
103,traceback_in_exit0,traceback_only_no_test_failure,269
103,traceback_in_exit0,traceback_only_no_test_failure,162
103,traceback_in_exit0,traceback_only_no_test_failure,173
103,traceback_in_exit0,traceback_only_no_test_failure,210
103,traceback_in_exit0,traceback_only_no_test_failure,246
103,traceback_in_exit0,traceback_only_no_test_failure,478
103,traceback_in_exit0,traceback_only_no_test_failure,279
103,traceback_in_exit0,traceback_only_no_test_failure,235
103,traceback_in_exit0,traceback_only_no_test_failure,1575
103,traceback_in_exit0,traceback_only_no_test_failure,555
104,traceback_in_exit0,traceback_only_no_test_failure,783
104,traceback_in_exit0,traceback_only_no_test_failure,1921
104,traceback_in_exit0,traceback_only_no_test_failure,670
105,tests_failed_in_exit0,later_pass_supersedes_in_same_segment,142
105,traceback_in_exit0,traceback_only_no_test_failure,716
105,traceback_in_exit0,traceback_only_no_test_failure,211
105,traceback_in_exit0,traceback_only_no_test_failure,585
105,traceback_in_exit0,traceback_only_no_test_failure,465
105,traceback_in_exit0,traceback_only_no_test_failure,555
105,traceback_in_exit0,traceback_only_no_test_failure,582
105,traceback_in_exit0,traceback_only_no_test_failure,481
105,traceback_in_exit0,traceback_only_no_test_failure,521
105,traceback_in_exit0,traceback_only_no_test_failure,458
105,traceback_in_exit0,traceback_only_no_test_failure,559
105,traceback_in_exit0,traceback_only_no_test_failure,466
105,traceback_in_exit0,traceback_only_no_test_failure,1229
105,traceback_in_exit0,traceback_only_no_test_failure,571
105,traceback_in_exit0,traceback_only_no_test_failure,586
105,traceback_in_exit0,traceback_only_no_test_failure,478
105,traceback_in_exit0,traceback_only_no_test_failure,501
105,traceback_in_exit0,traceback_only_no_test_failure,555
105,traceback_in_exit0,traceback_only_no_test_failure,504
105,traceback_in_exit0,traceback_only_no_test_failure,507
105,traceback_in_exit0,traceback_only_no_test_failure,479
105,traceback_in_exit0,traceback_only_no_test_failure,474
105,traceback_in_exit0,traceback_only_no_test_failure,394
105,traceback_in_exit0,traceback_only_no_test_failure,623
105,traceback_in_exit0,traceback_only_no_test_failure,504
105,traceback_in_exit0,traceback_only_no_test_failure,485
105,traceback_in_exit0,traceback_only_no_test_failure,525
105,traceback_in_exit0,traceback_only_no_test_failure,613
105,traceback_in_exit0,traceback_only_no_test_failure,655
105,traceback_in_exit0,traceback_only_no_test_failure,623
105,traceback_in_exit0,traceback_only_no_test_failure,429
105,traceback_in_exit0,traceback_only_no_test_failure,510
105,traceback_in_exit0,traceback_only_no_test_failure,483
105,traceback_in_exit0,traceback_only_no_test_failure,141
105,traceback_in_exit0,traceback_only_no_test_failure,260
106,traceback_in_exit0,traceback_only_no_test_failure,273
106,traceback_in_exit0,traceback_only_no_test_failure,204
106,traceback_in_exit0,traceback_only_no_test_failure,251
106,traceback_in_exit0,traceback_only_no_test_failure,271
106,traceback_in_exit0,traceback_only_no_test_failure,243
106,traceback_in_exit0,traceback_only_no_test_failure,263
106,traceback_in_exit0,traceback_only_no_test_failure,908
106,traceback_in_exit0,traceback_only_no_test_failure,238
106,traceback_in_exit0,traceback_only_no_test_failure,311
106,traceback_in_exit0,traceback_only_no_test_failure,263
106,traceback_in_exit0,traceback_only_no_test_failure,243
106,traceback_in_exit0,traceback_only_no_test_failure,355
106,traceback_in_exit0,traceback_only_no_test_failure,169
106,traceback_in_exit0,traceback_only_no_test_failure,1142
106,traceback_in_exit0,traceback_only_no_test_failure,228
106,traceback_in_exit0,traceback_only_no_test_failure,271
106,traceback_in_exit0,traceback_only_no_test_failure,337
106,traceback_in_exit0,traceback_only_no_test_failure,219
106,traceback_in_exit0,traceback_only_no_test_failure,243
106,tests_failed_in_exit0,pytest_collection_error,1216
106,tests_failed_in_exit0,unexplained_exit0_with_test_failure,2644
106,tests_failed_in_exit0,unexplained_exit0_with_test_failure,2496
106,tests_failed_in_exit0,unexplained_exit0_with_test_failure,4015
106,tests_failed_in_exit0,unexplained_exit0_with_test_failure,2254
106,tests_failed_in_exit0,unexplained_exit0_with_test_failure,7353
106,tests_failed_in_exit0,unexplained_exit0_with_test_failure,3425
106,tests_failed_in_exit0,pytest_collection_error,1002
106,tests_failed_in_exit0,unexplained_exit0_with_test_failure,5088
106,tests_failed_in_exit0,pytest_collection_error,944
106,tests_failed_in_exit0,unexplained_exit0_with_test_failure,2950
106,tests_failed_in_exit0,pytest_collection_error,1002
106,tests_failed_in_exit0,pytest_collection_error,1293
107,traceback_in_exit0,traceback_only_no_test_failure,1269
107,traceback_in_exit0,traceback_only_no_test_failure,1269
107,traceback_in_exit0,traceback_only_no_test_failure,1269
107,traceback_in_exit0,traceback_only_no_test_failure,1269
107,traceback_in_exit0,traceback_only_no_test_failure,1269
107,traceback_in_exit0,traceback_only_no_test_failure,1269
107,traceback_in_exit0,traceback_only_no_test_failure,1269
107,traceback_in_exit0,traceback_only_no_test_failure,1269
107,traceback_in_exit0,traceback_only_no_test_failure,1273
107,traceback_in_exit0,traceback_only_no_test_failure,1269
107,traceback_in_exit0,traceback_only_no_test_failure,1269
107,traceback_in_exit0,traceback_only_no_test_failure,1269
107,traceback_in_exit0,traceback_only_no_test_failure,1301
107,traceback_in_exit0,traceback_only_no_test_failure,1301
107,traceback_in_exit0,traceback_only_no_test_failure,1269
107,traceback_in_exit0,traceback_only_no_test_failure,1301
107,traceback_in_exit0,traceback_only_no_test_failure,1269
107,traceback_in_exit0,traceback_only_no_test_failure,1269
107,traceback_in_exit0,traceback_only_no_test_failure,1269
107,traceback_in_exit0,traceback_only_no_test_failure,1269
107,traceback_in_exit0,traceback_only_no_test_failure,1269
107,traceback_in_exit0,traceback_only_no_test_failure,1301
107,traceback_in_exit0,traceback_only_no_test_failure,1269
107,traceback_in_exit0,traceback_only_no_test_failure,1273
107,traceback_in_exit0,traceback_only_no_test_failure,640
107,traceback_in_exit0,traceback_only_no_test_failure,924
107,traceback_in_exit0,traceback_only_no_test_failure,841
107,traceback_in_exit0,traceback_only_no_test_failure,851
107,traceback_in_exit0,traceback_only_no_test_failure,426
107,traceback_in_exit0,traceback_only_no_test_failure,731
107,traceback_in_exit0,traceback_only_no_test_failure,1209
107,traceback_in_exit0,traceback_only_no_test_failure,324
107,traceback_in_exit0,traceback_only_no_test_failure,160
107,traceback_in_exit0,traceback_only_no_test_failure,726
107,traceback_in_exit0,traceback_only_no_test_failure,956
108,traceback_in_exit0,traceback_only_no_test_failure,115
108,traceback_in_exit0,traceback_only_no_test_failure,251
108,traceback_in_exit0,traceback_only_no_test_failure,113
108,traceback_in_exit0,traceback_only_no_test_failure,199
108,traceback_in_exit0,traceback_only_no_test_failure,170
108,traceback_in_exit0,traceback_only_no_test_failure,2192
108,traceback_in_exit0,traceback_only_no_test_failure,2089
109,traceback_in_exit0,traceback_only_no_test_failure,228
109,traceback_in_exit0,traceback_only_no_test_failure,247
109,traceback_in_exit0,traceback_only_no_test_failure,307
109,traceback_in_exit0,traceback_only_no_test_failure,441
109,tests_failed_in_exit0,unexplained_exit0_with_test_failure,2230
109,tests_failed_in_exit0,later_pass_supersedes_in_same_segment,3794
109,tests_failed_in_exit0,unexplained_exit0_with_test_failure,29
109,traceback_in_exit0,traceback_only_no_test_failure,596
109,traceback_in_exit0,traceback_only_no_test_failure,1131
109,traceback_in_exit0,traceback_only_no_test_failure,345
109,traceback_in_exit0,traceback_only_no_test_failure,752
109,traceback_in_exit0,traceback_only_no_test_failure,542
109,traceback_in_exit0,traceback_only_no_test_failure,701
109,traceback_in_exit0,traceback_only_no_test_failure,514
109,traceback_in_exit0,traceback_only_no_test_failure,379
109,traceback_in_exit0,traceback_only_no_test_failure,1317
109,traceback_in_exit0,traceback_only_no_test_failure,563
109,traceback_in_exit0,traceback_only_no_test_failure,969
109,traceback_in_exit0,traceback_only_no_test_failure,739
109,traceback_in_exit0,traceback_only_no_test_failure,369
109,traceback_in_exit0,traceback_only_no_test_failure,522
109,traceback_in_exit0,traceback_only_no_test_failure,312
109,traceback_in_exit0,traceback_only_no_test_failure,554
109,traceback_in_exit0,traceback_only_no_test_failure,531
109,traceback_in_exit0,traceback_only_no_test_failure,284
109,traceback_in_exit0,traceback_only_no_test_failure,1518
109,traceback_in_exit0,traceback_only_no_test_failure,1308
109,traceback_in_exit0,traceback_only_no_test_failure,1419
109,traceback_in_exit0,traceback_only_no_test_failure,512
109,traceback_in_exit0,traceback_only_no_test_failure,544
109,traceback_in_exit0,traceback_only_no_test_failure,1110
109,traceback_in_exit0,traceback_only_no_test_failure,1041
109,traceback_in_exit0,traceback_only_no_test_failure,310
109,traceback_in_exit0,traceback_only_no_test_failure,1356
110,traceback_in_exit0,traceback_only_no_test_failure,2035
110,traceback_in_exit0,traceback_only_no_test_failure,604
110,traceback_in_exit0,traceback_only_no_test_failure,2535
110,traceback_in_exit0,traceback_only_no_test_failure,525
110,traceback_in_exit0,traceback_only_no_test_failure,2500
110,traceback_in_exit0,traceback_only_no_test_failure,2938
110,traceback_in_exit0,traceback_only_no_test_failure,524
110,traceback_in_exit0,traceback_only_no_test_failure,1012
110,traceback_in_exit0,traceback_only_no_test_failure,554
110,traceback_in_exit0,traceback_only_no_test_failure,497
110,traceback_in_exit0,traceback_only_no_test_failure,5120
110,traceback_in_exit0,traceback_only_no_test_failure,553
110,traceback_in_exit0,traceback_only_no_test_failure,1174
110,traceback_in_exit0,traceback_only_no_test_failure,1546
110,traceback_in_exit0,traceback_only_no_test_failure,1533
110,traceback_in_exit0,traceback_only_no_test_failure,1267
110,traceback_in_exit0,traceback_only_no_test_failure,498
110,traceback_in_exit0,traceback_only_no_test_failure,2047
110,traceback_in_exit0,traceback_only_no_test_failure,2500
110,traceback_in_exit0,traceback_only_no_test_failure,1297
110,traceback_in_exit0,traceback_only_no_test_failure,1578
110,tests_failed_in_exit0,unexplained_exit0_with_test_failure,557
111,tests_failed_in_exit0,unexplained_exit0_with_test_failure,3214
111,tests_failed_in_exit0,unexplained_exit0_with_test_failure,3564
111,traceback_in_exit0,traceback_only_no_test_failure,1634
111,tests_failed_in_exit0,unexplained_exit0_with_test_failure,1184
111,traceback_in_exit0,traceback_only_no_test_failure,1120
111,traceback_in_exit0,traceback_only_no_test_failure,139
111,traceback_in_exit0,traceback_only_no_test_failure,738
111,traceback_in_exit0,traceback_only_no_test_failure,1444
111,traceback_in_exit0,traceback_only_no_test_failure,156
111,traceback_in_exit0,traceback_only_no_test_failure,768
111,traceback_in_exit0,traceback_only_no_test_failure,159
111,traceback_in_exit0,traceback_only_no_test_failure,243
111,traceback_in_exit0,traceback_only_no_test_failure,382
111,traceback_in_exit0,traceback_only_no_test_failure,157
111,traceback_in_exit0,traceback_only_no_test_failure,196
111,traceback_in_exit0,traceback_only_no_test_failure,1731
111,traceback_in_exit0,traceback_only_no_test_failure,1023
111,traceback_in_exit0,traceback_only_no_test_failure,292
111,traceback_in_exit0,traceback_only_no_test_failure,1517
111,traceback_in_exit0,traceback_only_no_test_failure,512
111,traceback_in_exit0,traceback_only_no_test_failure,127
111,traceback_in_exit0,traceback_only_no_test_failure,131
111,traceback_in_exit0,traceback_only_no_test_failure,278
111,traceback_in_exit0,traceback_only_no_test_failure,289
112,traceback_in_exit0,traceback_only_no_test_failure,327
112,traceback_in_exit0,traceback_only_no_test_failure,890
112,traceback_in_exit0,traceback_only_no_test_failure,888
112,traceback_in_exit0,traceback_only_no_test_failure,385
112,traceback_in_exit0,traceback_only_no_test_failure,156
112,traceback_in_exit0,traceback_only_no_test_failure,133
112,traceback_in_exit0,traceback_only_no_test_failure,339
112,traceback_in_exit0,traceback_only_no_test_failure,337
112,traceback_in_exit0,traceback_only_no_test_failure,687
112,traceback_in_exit0,traceback_only_no_test_failure,145
112,traceback_in_exit0,traceback_only_no_test_failure,470
112,traceback_in_exit0,traceback_only_no_test_failure,273
112,traceback_in_exit0,traceback_only_no_test_failure,1264
112,traceback_in_exit0,traceback_only_no_test_failure,874
112,traceback_in_exit0,traceback_only_no_test_failure,557
112,traceback_in_exit0,traceback_only_no_test_failure,527
112,traceback_in_exit0,traceback_only_no_test_failure,524
112,traceback_in_exit0,traceback_only_no_test_failure,618
112,traceback_in_exit0,traceback_only_no_test_failure,874
112,traceback_in_exit0,traceback_only_no_test_failure,874
113,traceback_in_exit0,traceback_only_no_test_failure,688
113,traceback_in_exit0,traceback_only_no_test_failure,897
113,traceback_in_exit0,traceback_only_no_test_failure,230
113,tests_failed_in_exit0,pytest_collection_error,1231
113,tests_failed_in_exit0,unexplained_exit0_with_test_failure,1627
113,traceback_in_exit0,traceback_only_no_test_failure,176
113,tests_failed_in_exit0,pytest_collection_error,1002
113,traceback_in_exit0,traceback_only_no_test_failure,176
113,tests_failed_in_exit0,pytest_collection_error,1100
113,traceback_in_exit0,traceback_only_no_test_failure,274
113,tests_failed_in_exit0,unexplained_exit0_with_test_failure,1302
113,tests_failed_in_exit0,pytest_collection_error,975
113,traceback_in_exit0,traceback_only_no_test_failure,583
113,traceback_in_exit0,traceback_only_no_test_failure,2736
113,traceback_in_exit0,traceback_only_no_test_failure,527
113,tests_failed_in_exit0,pytest_collection_error,995
115,traceback_in_exit0,traceback_only_no_test_failure,874
115,traceback_in_exit0,traceback_only_no_test_failure,146
115,traceback_in_exit0,traceback_only_no_test_failure,278
115,tests_failed_in_exit0,unexplained_exit0_with_test_failure,2317
115,tests_failed_in_exit0,pytest_collection_error,1016
115,tests_failed_in_exit0,unexplained_exit0_with_test_failure_with_traceback,2499
115,traceback_in_exit0,traceback_only_no_test_failure,254
115,traceback_in_exit0,traceback_only_no_test_failure,256
115,traceback_in_exit0,traceback_only_no_test_failure,360
116,traceback_in_exit0,traceback_only_no_test_failure,139
116,traceback_in_exit0,traceback_only_no_test_failure,169
116,traceback_in_exit0,traceback_only_no_test_failure,144
116,traceback_in_exit0,traceback_only_no_test_failure,258
116,traceback_in_exit0,traceback_only_no_test_failure,145
116,traceback_in_exit0,traceback_only_no_test_failure,165
116,traceback_in_exit0,traceback_only_no_test_failure,779
116,traceback_in_exit0,traceback_only_no_test_failure,274
116,traceback_in_exit0,traceback_only_no_test_failure,133
116,traceback_in_exit0,traceback_only_no_test_failure,549
116,traceback_in_exit0,traceback_only_no_test_failure,139
116,traceback_in_exit0,traceback_only_no_test_failure,113
116,traceback_in_exit0,traceback_only_no_test_failure,393
116,traceback_in_exit0,traceback_only_no_test_failure,512
116,traceback_in_exit0,traceback_only_no_test_failure,207
117,traceback_in_exit0,traceback_only_no_test_failure,319
117,traceback_in_exit0,traceback_only_no_test_failure,1193
117,traceback_in_exit0,traceback_only_no_test_failure,423
117,traceback_in_exit0,traceback_only_no_test_failure,252
117,traceback_in_exit0,traceback_only_no_test_failure,506
117,traceback_in_exit0,traceback_only_no_test_failure,983
117,traceback_in_exit0,traceback_only_no_test_failure,624
117,traceback_in_exit0,traceback_only_no_test_failure,333
117,traceback_in_exit0,traceback_only_no_test_failure,230
117,traceback_in_exit0,traceback_only_no_test_failure,325
117,traceback_in_exit0,traceback_only_no_test_failure,133
118,tests_failed_in_exit0,pytest_collection_error,996
118,tests_failed_in_exit0,unexplained_exit0_with_test_failure,1299
118,tests_failed_in_exit0,pytest_collection_error,957
118,tests_failed_in_exit0,unexplained_exit0_with_test_failure,1206
118,tests_failed_in_exit0,pytest_collection_error,1369
118,tests_failed_in_exit0,unexplained_exit0_with_test_failure,1309
118,tests_failed_in_exit0,unexplained_exit0_with_test_failure,2646
118,tests_failed_in_exit0,unexplained_exit0_with_test_failure,1282
118,tests_failed_in_exit0,unexplained_exit0_with_test_failure,1204
118,tests_failed_in_exit0,unexplained_exit0_with_test_failure,1205
118,tests_failed_in_exit0,unexplained_exit0_with_test_failure,1206
118,tests_failed_in_exit0,pytest_collection_error,964
118,tests_failed_in_exit0,unexplained_exit0_with_test_failure,1204
118,tests_failed_in_exit0,unexplained_exit0_with_test_failure,1204
118,tests_failed_in_exit0,unexplained_exit0_with_test_failure,1206
118,traceback_in_exit0,traceback_only_no_test_failure,423
118,tests_failed_in_exit0,pytest_collection_error,1048
118,tests_failed_in_exit0,unexplained_exit0_with_test_failure,1295
118,tests_failed_in_exit0,unexplained_exit0_with_test_failure,1206
118,tests_failed_in_exit0,pytest_collection_error,1016
119,traceback_in_exit0,traceback_only_no_test_failure,1246
119,traceback_in_exit0,traceback_only_no_test_failure,837
119,traceback_in_exit0,traceback_only_no_test_failure,196
120,traceback_in_exit0,traceback_only_no_test_failure,816
120,traceback_in_exit0,traceback_only_no_test_failure,1651
120,traceback_in_exit0,traceback_only_no_test_failure,380
120,traceback_in_exit0,traceback_only_no_test_failure,544
120,traceback_in_exit0,traceback_only_no_test_failure,991
120,traceback_in_exit0,traceback_only_no_test_failure,951
120,traceback_in_exit0,traceback_only_no_test_failure,817
120,traceback_in_exit0,traceback_only_no_test_failure,830
120,traceback_in_exit0,traceback_only_no_test_failure,1477
120,traceback_in_exit0,traceback_only_no_test_failure,144
120,traceback_in_exit0,traceback_only_no_test_failure,1035
120,traceback_in_exit0,traceback_only_no_test_failure,146
120,traceback_in_exit0,traceback_only_no_test_failure,539
120,traceback_in_exit0,traceback_only_no_test_failure,748
120,traceback_in_exit0,traceback_only_no_test_failure,817
120,traceback_in_exit0,traceback_only_no_test_failure,506
120,traceback_in_exit0,traceback_only_no_test_failure,239
120,traceback_in_exit0,traceback_only_no_test_failure,709
120,traceback_in_exit0,traceback_only_no_test_failure,294
120,traceback_in_exit0,traceback_only_no_test_failure,572
120,traceback_in_exit0,traceback_only_no_test_failure,443
120,traceback_in_exit0,traceback_only_no_test_failure,554
120,traceback_in_exit0,traceback_only_no_test_failure,468
120,traceback_in_exit0,traceback_only_no_test_failure,1212
120,traceback_in_exit0,traceback_only_no_test_failure,182
120,traceback_in_exit0,traceback_only_no_test_failure,136
120,traceback_in_exit0,traceback_only_no_test_failure,189
120,traceback_in_exit0,traceback_only_no_test_failure,3763
120,tests_failed_in_exit0,unexplained_exit0_with_test_failure,597
120,traceback_in_exit0,traceback_only_no_test_failure,145
120,traceback_in_exit0,traceback_only_no_test_failure,138
121,traceback_in_exit0,traceback_only_no_test_failure,276
121,traceback_in_exit0,traceback_only_no_test_failure,217
121,traceback_in_exit0,traceback_only_no_test_failure,217
121,traceback_in_exit0,traceback_only_no_test_failure,817
121,traceback_in_exit0,traceback_only_no_test_failure,134
121,traceback_in_exit0,traceback_only_no_test_failure,174
121,traceback_in_exit0,traceback_only_no_test_failure,270
121,traceback_in_exit0,traceback_only_no_test_failure,1249
121,traceback_in_exit0,traceback_only_no_test_failure,139
121,traceback_in_exit0,traceback_only_no_test_failure,3058
121,traceback_in_exit0,traceback_only_no_test_failure,1315
121,traceback_in_exit0,traceback_only_no_test_failure,2986
122,traceback_in_exit0,traceback_only_no_test_failure,427
123,traceback_in_exit0,traceback_only_no_test_failure,1021
123,traceback_in_exit0,traceback_only_no_test_failure,449
123,traceback_in_exit0,traceback_only_no_test_failure,112
123,traceback_in_exit0,traceback_only_no_test_failure,966
123,traceback_in_exit0,traceback_only_no_test_failure,1090
123,traceback_in_exit0,traceback_only_no_test_failure,950
123,traceback_in_exit0,traceback_only_no_test_failure,499
123,traceback_in_exit0,traceback_only_no_test_failure,904
123,traceback_in_exit0,traceback_only_no_test_failure,939
123,traceback_in_exit0,traceback_only_no_test_failure,323
123,traceback_in_exit0,traceback_only_no_test_failure,920
123,traceback_in_exit0,traceback_only_no_test_failure,434
123,traceback_in_exit0,traceback_only_no_test_failure,991
123,traceback_in_exit0,traceback_only_no_test_failure,904
123,traceback_in_exit0,traceback_only_no_test_failure,514
123,traceback_in_exit0,traceback_only_no_test_failure,920
123,traceback_in_exit0,traceback_only_no_test_failure,923
123,traceback_in_exit0,traceback_only_no_test_failure,940
123,traceback_in_exit0,traceback_only_no_test_failure,904
123,traceback_in_exit0,traceback_only_no_test_failure,904
123,traceback_in_exit0,traceback_only_no_test_failure,904
123,traceback_in_exit0,traceback_only_no_test_failure,983
123,traceback_in_exit0,traceback_only_no_test_failure,904
123,traceback_in_exit0,traceback_only_no_test_failure,904
123,traceback_in_exit0,traceback_only_no_test_failure,948
125,traceback_in_exit0,traceback_only_no_test_failure,128
125,traceback_in_exit0,traceback_only_no_test_failure,925
125,traceback_in_exit0,traceback_only_no_test_failure,1856
125,traceback_in_exit0,traceback_only_no_test_failure,917
125,traceback_in_exit0,traceback_only_no_test_failure,2164
125,traceback_in_exit0,traceback_only_no_test_failure,904
125,traceback_in_exit0,traceback_only_no_test_failure,2009
125,traceback_in_exit0,traceback_only_no_test_failure,2300
125,traceback_in_exit0,traceback_only_no_test_failure,1814
125,traceback_in_exit0,traceback_only_no_test_failure,918
125,traceback_in_exit0,traceback_only_no_test_failure,1860
125,traceback_in_exit0,traceback_only_no_test_failure,918
125,traceback_in_exit0,traceback_only_no_test_failure,904
125,traceback_in_exit0,traceback_only_no_test_failure,1798
126,traceback_in_exit0,traceback_only_no_test_failure,789
126,traceback_in_exit0,traceback_only_no_test_failure,1061
126,traceback_in_exit0,traceback_only_no_test_failure,729
126,traceback_in_exit0,traceback_only_no_test_failure,10542
126,traceback_in_exit0,traceback_only_no_test_failure,517
126,traceback_in_exit0,traceback_only_no_test_failure,282
126,traceback_in_exit0,traceback_only_no_test_failure,2088
126,traceback_in_exit0,traceback_only_no_test_failure,312
126,traceback_in_exit0,traceback_only_no_test_failure,226
126,traceback_in_exit0,traceback_only_no_test_failure,780
126,traceback_in_exit0,traceback_only_no_test_failure,406
126,traceback_in_exit0,traceback_only_no_test_failure,514
126,traceback_in_exit0,traceback_only_no_test_failure,554
126,traceback_in_exit0,traceback_only_no_test_failure,402
126,traceback_in_exit0,traceback_only_no_test_failure,389
126,traceback_in_exit0,traceback_only_no_test_failure,226
126,traceback_in_exit0,traceback_only_no_test_failure,482
126,traceback_in_exit0,traceback_only_no_test_failure,829
126,traceback_in_exit0,traceback_only_no_test_failure,2738
126,traceback_in_exit0,traceback_only_no_test_failure,112
127,tests_failed_in_exit0,pytest_collection_error,1067
127,tests_failed_in_exit0,pytest_collection_error,1067
127,tests_failed_in_exit0,pytest_collection_error,1008
127,tests_failed_in_exit0,pytest_collection_error,1067
127,tests_failed_in_exit0,pytest_collection_error,1067
127,tests_failed_in_exit0,pytest_collection_error,1067
127,tests_failed_in_exit0,pytest_collection_error,1067
127,tests_failed_in_exit0,pytest_collection_error,1067
127,tests_failed_in_exit0,pytest_collection_error,1067
127,tests_failed_in_exit0,pytest_collection_error,1067
127,tests_failed_in_exit0,pytest_collection_error,1067
127,tests_failed_in_exit0,pytest_collection_error,1008
127,tests_failed_in_exit0,pytest_collection_error,835
127,tests_failed_in_exit0,pytest_collection_error,1067
127,tests_failed_in_exit0,unexplained_exit0_with_test_failure,6696
127,tests_failed_in_exit0,pytest_collection_error,1008
127,tests_failed_in_exit0,pytest_collection_error,1008
127,tests_failed_in_exit0,pytest_collection_error,1008
127,traceback_in_exit0,traceback_only_no_test_failure,8091
127,traceback_in_exit0,traceback_only_no_test_failure,148
127,traceback_in_exit0,traceback_only_no_test_failure,424
128,traceback_in_exit0,traceback_only_no_test_failure,193
128,traceback_in_exit0,traceback_only_no_test_failure,153
128,traceback_in_exit0,traceback_only_no_test_failure,432
128,traceback_in_exit0,traceback_only_no_test_failure,394
128,traceback_in_exit0,traceback_only_no_test_failure,429
128,traceback_in_exit0,traceback_only_no_test_failure,507
128,traceback_in_exit0,traceback_only_no_test_failure,424
128,traceback_in_exit0,traceback_only_no_test_failure,412
128,traceback_in_exit0,traceback_only_no_test_failure,431
128,traceback_in_exit0,traceback_only_no_test_failure,451
128,traceback_in_exit0,traceback_only_no_test_failure,423
128,traceback_in_exit0,traceback_only_no_test_failure,410
128,traceback_in_exit0,traceback_only_no_test_failure,419
128,traceback_in_exit0,traceback_only_no_test_failure,493
128,traceback_in_exit0,traceback_only_no_test_failure,3456
128,traceback_in_exit0,traceback_only_no_test_failure,1170
128,traceback_in_exit0,traceback_only_no_test_failure,484
128,traceback_in_exit0,traceback_only_no_test_failure,273
128,traceback_in_exit0,traceback_only_no_test_failure,418
128,traceback_in_exit0,traceback_only_no_test_failure,509
128,traceback_in_exit0,traceback_only_no_test_failure,1178
128,traceback_in_exit0,traceback_only_no_test_failure,226
128,traceback_in_exit0,traceback_only_no_test_failure,410
128,traceback_in_exit0,traceback_only_no_test_failure,429
128,traceback_in_exit0,traceback_only_no_test_failure,432
128,traceback_in_exit0,traceback_only_no_test_failure,1506
128,traceback_in_exit0,traceback_only_no_test_failure,417
128,traceback_in_exit0,traceback_only_no_test_failure,420
128,traceback_in_exit0,traceback_only_no_test_failure,400
128,traceback_in_exit0,traceback_only_no_test_failure,427
128,traceback_in_exit0,traceback_only_no_test_failure,423
128,traceback_in_exit0,traceback_only_no_test_failure,1309
128,traceback_in_exit0,traceback_only_no_test_failure,153
128,traceback_in_exit0,traceback_only_no_test_failure,130
128,traceback_in_exit0,traceback_only_no_test_failure,491
128,traceback_in_exit0,traceback_only_no_test_failure,182
128,traceback_in_exit0,traceback_only_no_test_failure,342
128,traceback_in_exit0,traceback_only_no_test_failure,6245
129,traceback_in_exit0,traceback_only_no_test_failure,7781
129,traceback_in_exit0,traceback_only_no_test_failure,5516
129,traceback_in_exit0,traceback_only_no_test_failure,2781
129,traceback_in_exit0,traceback_only_no_test_failure,2825
129,traceback_in_exit0,traceback_only_no_test_failure,5262
129,traceback_in_exit0,traceback_only_no_test_failure,609
129,traceback_in_exit0,traceback_only_no_test_failure,495
129,traceback_in_exit0,traceback_only_no_test_failure,198
129,traceback_in_exit0,traceback_only_no_test_failure,147
129,traceback_in_exit0,traceback_only_no_test_failure,238
129,traceback_in_exit0,traceback_only_no_test_failure,119
129,traceback_in_exit0,traceback_only_no_test_failure,259
129,traceback_in_exit0,traceback_only_no_test_failure,180
129,traceback_in_exit0,traceback_only_no_test_failure,1615
129,traceback_in_exit0,traceback_only_no_test_failure,119
129,traceback_in_exit0,traceback_only_no_test_failure,568
129,traceback_in_exit0,traceback_only_no_test_failure,479
129,traceback_in_exit0,traceback_only_no_test_failure,445
129,traceback_in_exit0,traceback_only_no_test_failure,3415
129,traceback_in_exit0,traceback_only_no_test_failure,187
129,traceback_in_exit0,traceback_only_no_test_failure,543
129,traceback_in_exit0,traceback_only_no_test_failure,843
129,traceback_in_exit0,traceback_only_no_test_failure,238
129,traceback_in_exit0,traceback_only_no_test_failure,3331
130,traceback_in_exit0,traceback_only_no_test_failure,341
130,traceback_in_exit0,traceback_only_no_test_failure,221
130,traceback_in_exit0,traceback_only_no_test_failure,507
130,traceback_in_exit0,traceback_only_no_test_failure,120
130,traceback_in_exit0,traceback_only_no_test_failure,447
130,traceback_in_exit0,traceback_only_no_test_failure,603
130,traceback_in_exit0,traceback_only_no_test_failure,439
130,traceback_in_exit0,traceback_only_no_test_failure,428
130,traceback_in_exit0,traceback_only_no_test_failure,271
130,traceback_in_exit0,traceback_only_no_test_failure,462
130,traceback_in_exit0,traceback_only_no_test_failure,466
130,traceback_in_exit0,traceback_only_no_test_failure,1732
130,traceback_in_exit0,traceback_only_no_test_failure,971
130,traceback_in_exit0,traceback_only_no_test_failure,506
130,traceback_in_exit0,traceback_only_no_test_failure,120
130,traceback_in_exit0,traceback_only_no_test_failure,466
130,traceback_in_exit0,traceback_only_no_test_failure,234
131,traceback_in_exit0,traceback_only_no_test_failure,213
131,traceback_in_exit0,traceback_only_no_test_failure,135
131,traceback_in_exit0,traceback_only_no_test_failure,570
131,traceback_in_exit0,traceback_only_no_test_failure,570
131,traceback_in_exit0,traceback_only_no_test_failure,118
131,traceback_in_exit0,traceback_only_no_test_failure,2927
132,traceback_in_exit0,traceback_only_no_test_failure,133
132,traceback_in_exit0,traceback_only_no_test_failure,1014
132,traceback_in_exit0,traceback_only_no_test_failure,200
132,traceback_in_exit0,traceback_only_no_test_failure,1112
132,traceback_in_exit0,traceback_only_no_test_failure,162
132,traceback_in_exit0,traceback_only_no_test_failure,1378
132,traceback_in_exit0,traceback_only_no_test_failure,1832
132,traceback_in_exit0,traceback_only_no_test_failure,423
132,traceback_in_exit0,traceback_only_no_test_failure,598
132,traceback_in_exit0,traceback_only_no_test_failure,423
132,traceback_in_exit0,traceback_only_no_test_failure,425
132,traceback_in_exit0,traceback_only_no_test_failure,436
132,traceback_in_exit0,traceback_only_no_test_failure,425
132,traceback_in_exit0,traceback_only_no_test_failure,583
132,traceback_in_exit0,traceback_only_no_test_failure,603
132,traceback_in_exit0,traceback_only_no_test_failure,648
132,traceback_in_exit0,traceback_only_no_test_failure,423
132,traceback_in_exit0,traceback_only_no_test_failure,489
132,traceback_in_exit0,traceback_only_no_test_failure,504
132,traceback_in_exit0,traceback_only_no_test_failure,576
132,traceback_in_exit0,traceback_only_no_test_failure,440
132,traceback_in_exit0,traceback_only_no_test_failure,428
132,traceback_in_exit0,traceback_only_no_test_failure,499
132,traceback_in_exit0,traceback_only_no_test_failure,513
132,traceback_in_exit0,traceback_only_no_test_failure,615
132,traceback_in_exit0,traceback_only_no_test_failure,595
132,traceback_in_exit0,traceback_only_no_test_failure,491
132,traceback_in_exit0,traceback_only_no_test_failure,435
132,traceback_in_exit0,traceback_only_no_test_failure,437
132,traceback_in_exit0,traceback_only_no_test_failure,552
132,traceback_in_exit0,traceback_only_no_test_failure,542
132,traceback_in_exit0,traceback_only_no_test_failure,411
132,traceback_in_exit0,traceback_only_no_test_failure,574
132,traceback_in_exit0,traceback_only_no_test_failure,600
132,traceback_in_exit0,traceback_only_no_test_failure,416
132,traceback_in_exit0,traceback_only_no_test_failure,425
132,traceback_in_exit0,traceback_only_no_test_failure,656
132,traceback_in_exit0,traceback_only_no_test_failure,423
132,traceback_in_exit0,traceback_only_no_test_failure,424
132,traceback_in_exit0,traceback_only_no_test_failure,263
133,traceback_in_exit0,traceback_only_no_test_failure,715
134,traceback_in_exit0,traceback_only_no_test_failure,342
134,traceback_in_exit0,traceback_only_no_test_failure,335
134,traceback_in_exit0,traceback_only_no_test_failure,140
134,traceback_in_exit0,traceback_only_no_test_failure,261
134,traceback_in_exit0,traceback_only_no_test_failure,250
134,traceback_in_exit0,traceback_only_no_test_failure,248
134,traceback_in_exit0,traceback_only_no_test_failure,158
134,traceback_in_exit0,traceback_only_no_test_failure,129
134,traceback_in_exit0,traceback_only_no_test_failure,119
134,traceback_in_exit0,traceback_only_no_test_failure,267
134,traceback_in_exit0,traceback_only_no_test_failure,119
134,traceback_in_exit0,traceback_only_no_test_failure,708
134,traceback_in_exit0,traceback_only_no_test_failure,347
134,traceback_in_exit0,traceback_only_no_test_failure,148
134,traceback_in_exit0,traceback_only_no_test_failure,167
134,traceback_in_exit0,traceback_only_no_test_failure,167
134,traceback_in_exit0,traceback_only_no_test_failure,122
134,traceback_in_exit0,traceback_only_no_test_failure,148
134,traceback_in_exit0,traceback_only_no_test_failure,272
134,traceback_in_exit0,traceback_only_no_test_failure,254
135,traceback_in_exit0,traceback_only_no_test_failure,315
135,traceback_in_exit0,traceback_only_no_test_failure,806
135,traceback_in_exit0,traceback_only_no_test_failure,235
135,traceback_in_exit0,traceback_only_no_test_failure,604
135,traceback_in_exit0,traceback_only_no_test_failure,235
135,traceback_in_exit0,traceback_only_no_test_failure,626
135,traceback_in_exit0,traceback_only_no_test_failure,709
135,traceback_in_exit0,traceback_only_no_test_failure,235
135,traceback_in_exit0,traceback_only_no_test_failure,657
136,traceback_in_exit0,traceback_only_no_test_failure,111
136,traceback_in_exit0,traceback_only_no_test_failure,605
136,traceback_in_exit0,traceback_only_no_test_failure,225
136,traceback_in_exit0,traceback_only_no_test_failure,279
136,traceback_in_exit0,traceback_only_no_test_failure,145
136,traceback_in_exit0,traceback_only_no_test_failure,257
136,traceback_in_exit0,traceback_only_no_test_failure,206
136,traceback_in_exit0,traceback_only_no_test_failure,149
136,traceback_in_exit0,traceback_only_no_test_failure,132
137,traceback_in_exit0,traceback_only_no_test_failure,328
137,traceback_in_exit0,traceback_only_no_test_failure,322
137,traceback_in_exit0,traceback_only_no_test_failure,141
137,traceback_in_exit0,traceback_only_no_test_failure,162
137,traceback_in_exit0,traceback_only_no_test_failure,196
137,traceback_in_exit0,traceback_only_no_test_failure,301
137,traceback_in_exit0,traceback_only_no_test_failure,252
137,traceback_in_exit0,traceback_only_no_test_failure,260
137,traceback_in_exit0,traceback_only_no_test_failure,204
137,traceback_in_exit0,traceback_only_no_test_failure,206
137,traceback_in_exit0,traceback_only_no_test_failure,340
137,traceback_in_exit0,traceback_only_no_test_failure,249
137,traceback_in_exit0,traceback_only_no_test_failure,555
137,traceback_in_exit0,traceback_only_no_test_failure,266
137,traceback_in_exit0,traceback_only_no_test_failure,197
137,traceback_in_exit0,traceback_only_no_test_failure,236
137,traceback_in_exit0,traceback_only_no_test_failure,192
137,traceback_in_exit0,traceback_only_no_test_failure,198
137,traceback_in_exit0,traceback_only_no_test_failure,599
137,traceback_in_exit0,traceback_only_no_test_failure,323
137,traceback_in_exit0,traceback_only_no_test_failure,274
137,traceback_in_exit0,traceback_only_no_test_failure,399
137,traceback_in_exit0,traceback_only_no_test_failure,420
137,traceback_in_exit0,traceback_only_no_test_failure,152
137,traceback_in_exit0,traceback_only_no_test_failure,149
137,traceback_in_exit0,traceback_only_no_test_failure,361
137,traceback_in_exit0,traceback_only_no_test_failure,545
137,traceback_in_exit0,traceback_only_no_test_failure,197
137,traceback_in_exit0,traceback_only_no_test_failure,815
137,traceback_in_exit0,traceback_only_no_test_failure,305
138,traceback_in_exit0,traceback_only_no_test_failure,132
138,traceback_in_exit0,traceback_only_no_test_failure,152
138,tests_failed_in_exit0,later_pass_supersedes_in_same_segment,2983
138,traceback_in_exit0,traceback_only_no_test_failure,421
138,tests_failed_in_exit0,unexplained_exit0_with_test_failure,222
138,traceback_in_exit0,traceback_only_no_test_failure,162
138,tests_failed_in_exit0,unexplained_exit0_with_test_failure,8262
138,traceback_in_exit0,traceback_only_no_test_failure,149
138,traceback_in_exit0,traceback_only_no_test_failure,157
138,traceback_in_exit0,traceback_only_no_test_failure,358
138,traceback_in_exit0,traceback_only_no_test_failure,190
138,traceback_in_exit0,traceback_only_no_test_failure,445
138,traceback_in_exit0,traceback_only_no_test_failure,216
139,traceback_in_exit0,traceback_only_no_test_failure,1677
139,traceback_in_exit0,traceback_only_no_test_failure,707
139,traceback_in_exit0,traceback_only_no_test_failure,2278
139,traceback_in_exit0,traceback_only_no_test_failure,781
139,traceback_in_exit0,traceback_only_no_test_failure,724
139,traceback_in_exit0,traceback_only_no_test_failure,1356
139,traceback_in_exit0,traceback_only_no_test_failure,387
139,traceback_in_exit0,traceback_only_no_test_failure,1459
139,traceback_in_exit0,traceback_only_no_test_failure,619
139,traceback_in_exit0,traceback_only_no_test_failure,930
139,traceback_in_exit0,traceback_only_no_test_failure,3134
139,traceback_in_exit0,traceback_only_no_test_failure,160
139,traceback_in_exit0,traceback_only_no_test_failure,386
139,traceback_in_exit0,traceback_only_no_test_failure,167
139,traceback_in_exit0,traceback_only_no_test_failure,2087
139,traceback_in_exit0,traceback_only_no_test_failure,958
139,traceback_in_exit0,traceback_only_no_test_failure,390
139,traceback_in_exit0,traceback_only_no_test_failure,1060
139,traceback_in_exit0,traceback_only_no_test_failure,190
139,traceback_in_exit0,traceback_only_no_test_failure,589
139,traceback_in_exit0,traceback_only_no_test_failure,138
139,traceback_in_exit0,traceback_only_no_test_failure,271
139,traceback_in_exit0,traceback_only_no_test_failure,235
139,traceback_in_exit0,traceback_only_no_test_failure,469
139,traceback_in_exit0,traceback_only_no_test_failure,390
139,traceback_in_exit0,traceback_only_no_test_failure,426
139,traceback_in_exit0,traceback_only_no_test_failure,1060
139,traceback_in_exit0,traceback_only_no_test_failure,1485
139,traceback_in_exit0,traceback_only_no_test_failure,584
139,traceback_in_exit0,traceback_only_no_test_failure,390
139,traceback_in_exit0,traceback_only_no_test_failure,868
139,traceback_in_exit0,traceback_only_no_test_failure,390
139,traceback_in_exit0,traceback_only_no_test_failure,173
139,traceback_in_exit0,traceback_only_no_test_failure,137
139,traceback_in_exit0,traceback_only_no_test_failure,1400
140,traceback_in_exit0,traceback_only_no_test_failure,323
140,traceback_in_exit0,traceback_only_no_test_failure,403
140,traceback_in_exit0,traceback_only_no_test_failure,415
141,traceback_in_exit0,traceback_only_no_test_failure,258
141,traceback_in_exit0,traceback_only_no_test_failure,137
141,traceback_in_exit0,traceback_only_no_test_failure,257
141,traceback_in_exit0,traceback_only_no_test_failure,160
141,traceback_in_exit0,traceback_only_no_test_failure,169
141,traceback_in_exit0,traceback_only_no_test_failure,143
141,traceback_in_exit0,traceback_only_no_test_failure,151
141,traceback_in_exit0,traceback_only_no_test_failure,151
141,traceback_in_exit0,traceback_only_no_test_failure,150
141,traceback_in_exit0,traceback_only_no_test_failure,1015
141,traceback_in_exit0,traceback_only_no_test_failure,159
141,traceback_in_exit0,traceback_only_no_test_failure,271
142,traceback_in_exit0,traceback_only_no_test_failure,148
142,traceback_in_exit0,traceback_only_no_test_failure,521
142,traceback_in_exit0,traceback_only_no_test_failure,1823
142,traceback_in_exit0,traceback_only_no_test_failure,776
142,traceback_in_exit0,traceback_only_no_test_failure,2228
142,traceback_in_exit0,traceback_only_no_test_failure,525
142,traceback_in_exit0,traceback_only_no_test_failure,1075
142,traceback_in_exit0,traceback_only_no_test_failure,527
142,tests_failed_in_exit0,unexplained_exit0_with_test_failure,483
142,traceback_in_exit0,traceback_only_no_test_failure,741
142,traceback_in_exit0,traceback_only_no_test_failure,1524
142,traceback_in_exit0,traceback_only_no_test_failure,244
142,traceback_in_exit0,traceback_only_no_test_failure,463
142,traceback_in_exit0,traceback_only_no_test_failure,860
142,traceback_in_exit0,traceback_only_no_test_failure,862
142,traceback_in_exit0,traceback_only_no_test_failure,1187
142,traceback_in_exit0,traceback_only_no_test_failure,344
142,traceback_in_exit0,traceback_only_no_test_failure,151
143,traceback_in_exit0,traceback_only_no_test_failure,712
143,traceback_in_exit0,traceback_only_no_test_failure,1603
143,traceback_in_exit0,traceback_only_no_test_failure,410
143,traceback_in_exit0,traceback_only_no_test_failure,410
143,traceback_in_exit0,traceback_only_no_test_failure,464
143,traceback_in_exit0,traceback_only_no_test_failure,303
143,traceback_in_exit0,traceback_only_no_test_failure,388
143,traceback_in_exit0,traceback_only_no_test_failure,441
143,traceback_in_exit0,traceback_only_no_test_failure,441
143,traceback_in_exit0,traceback_only_no_test_failure,464
143,traceback_in_exit0,traceback_only_no_test_failure,456
143,traceback_in_exit0,traceback_only_no_test_failure,130
143,traceback_in_exit0,traceback_only_no_test_failure,464
143,traceback_in_exit0,traceback_only_no_test_failure,587
143,traceback_in_exit0,traceback_only_no_test_failure,585
143,traceback_in_exit0,traceback_only_no_test_failure,464
143,traceback_in_exit0,traceback_only_no_test_failure,464
143,traceback_in_exit0,traceback_only_no_test_failure,410
143,traceback_in_exit0,traceback_only_no_test_failure,441
143,traceback_in_exit0,traceback_only_no_test_failure,464
143,traceback_in_exit0,traceback_only_no_test_failure,1921
143,traceback_in_exit0,traceback_only_no_test_failure,441
143,traceback_in_exit0,traceback_only_no_test_failure,441
143,traceback_in_exit0,traceback_only_no_test_failure,471
143,traceback_in_exit0,traceback_only_no_test_failure,417
143,traceback_in_exit0,traceback_only_no_test_failure,410
143,traceback_in_exit0,traceback_only_no_test_failure,464
143,traceback_in_exit0,traceback_only_no_test_failure,410
143,traceback_in_exit0,traceback_only_no_test_failure,203
143,traceback_in_exit0,traceback_only_no_test_failure,138
143,traceback_in_exit0,traceback_only_no_test_failure,728
144,traceback_in_exit0,traceback_only_no_test_failure,717
144,traceback_in_exit0,traceback_only_no_test_failure,427
144,traceback_in_exit0,traceback_only_no_test_failure,526
144,traceback_in_exit0,traceback_only_no_test_failure,783
145,traceback_in_exit0,traceback_only_no_test_failure,2190
145,traceback_in_exit0,traceback_only_no_test_failure,240
145,traceback_in_exit0,traceback_only_no_test_failure,918
146,traceback_in_exit0,traceback_only_no_test_failure,128
146,traceback_in_exit0,traceback_only_no_test_failure,139
146,traceback_in_exit0,traceback_only_no_test_failure,167
146,traceback_in_exit0,traceback_only_no_test_failure,148
146,traceback_in_exit0,traceback_only_no_test_failure,2914
146,traceback_in_exit0,traceback_only_no_test_failure,2422
146,traceback_in_exit0,traceback_only_no_test_failure,2126
146,traceback_in_exit0,traceback_only_no_test_failure,2235
146,traceback_in_exit0,traceback_only_no_test_failure,2452
146,traceback_in_exit0,traceback_only_no_test_failure,2102
147,traceback_in_exit0,traceback_only_no_test_failure,517
147,traceback_in_exit0,traceback_only_no_test_failure,137
147,traceback_in_exit0,traceback_only_no_test_failure,179
147,traceback_in_exit0,traceback_only_no_test_failure,604
147,traceback_in_exit0,traceback_only_no_test_failure,1460
147,traceback_in_exit0,traceback_only_no_test_failure,158
148,traceback_in_exit0,traceback_only_no_test_failure,675
148,traceback_in_exit0,traceback_only_no_test_failure,1004
148,traceback_in_exit0,traceback_only_no_test_failure,783
148,traceback_in_exit0,traceback_only_no_test_failure,2052
149,traceback_in_exit0,traceback_only_no_test_failure,151
149,traceback_in_exit0,traceback_only_no_test_failure,475
149,traceback_in_exit0,traceback_only_no_test_failure,440
149,traceback_in_exit0,traceback_only_no_test_failure,468
149,traceback_in_exit0,traceback_only_no_test_failure,172
149,traceback_in_exit0,traceback_only_no_test_failure,995
149,traceback_in_exit0,traceback_only_no_test_failure,485
149,traceback_in_exit0,traceback_only_no_test_failure,537
149,traceback_in_exit0,traceback_only_no_test_failure,255
149,traceback_in_exit0,traceback_only_no_test_failure,962
149,traceback_in_exit0,traceback_only_no_test_failure,855
149,traceback_in_exit0,traceback_only_no_test_failure,509
149,traceback_in_exit0,traceback_only_no_test_failure,544
149,traceback_in_exit0,traceback_only_no_test_failure,855
149,traceback_in_exit0,traceback_only_no_test_failure,1186
149,traceback_in_exit0,traceback_only_no_test_failure,1208
149,traceback_in_exit0,traceback_only_no_test_failure,537
149,traceback_in_exit0,traceback_only_no_test_failure,509
149,traceback_in_exit0,traceback_only_no_test_failure,537
149,traceback_in_exit0,traceback_only_no_test_failure,509
149,traceback_in_exit0,traceback_only_no_test_failure,509
149,traceback_in_exit0,traceback_only_no_test_failure,870
149,traceback_in_exit0,traceback_only_no_test_failure,1256
149,traceback_in_exit0,traceback_only_no_test_failure,509
149,traceback_in_exit0,traceback_only_no_test_failure,1247
149,traceback_in_exit0,traceback_only_no_test_failure,509
149,traceback_in_exit0,traceback_only_no_test_failure,513
149,traceback_in_exit0,traceback_only_no_test_failure,827
149,traceback_in_exit0,traceback_only_no_test_failure,1195
149,traceback_in_exit0,traceback_only_no_test_failure,539
149,traceback_in_exit0,traceback_only_no_test_failure,1189
149,traceback_in_exit0,traceback_only_no_test_failure,439
149,traceback_in_exit0,traceback_only_no_test_failure,827
149,traceback_in_exit0,traceback_only_no_test_failure,467
149,traceback_in_exit0,traceback_only_no_test_failure,1167
149,traceback_in_exit0,traceback_only_no_test_failure,439
149,traceback_in_exit0,traceback_only_no_test_failure,1240
149,traceback_in_exit0,traceback_only_no_test_failure,1119
149,traceback_in_exit0,traceback_only_no_test_failure,509
149,traceback_in_exit0,traceback_only_no_test_failure,163
149,traceback_in_exit0,traceback_only_no_test_failure,250
149,traceback_in_exit0,traceback_only_no_test_failure,122
149,traceback_in_exit0,traceback_only_no_test_failure,442
149,traceback_in_exit0,traceback_only_no_test_failure,168
149,traceback_in_exit0,traceback_only_no_test_failure,653
149,traceback_in_exit0,traceback_only_no_test_failure,260
149,traceback_in_exit0,traceback_only_no_test_failure,250
150,traceback_in_exit0,traceback_only_no_test_failure,859
150,traceback_in_exit0,traceback_only_no_test_failure,408
150,traceback_in_exit0,traceback_only_no_test_failure,859
150,traceback_in_exit0,traceback_only_no_test_failure,1086
150,traceback_in_exit0,traceback_only_no_test_failure,395
150,traceback_in_exit0,traceback_only_no_test_failure,1274
150,traceback_in_exit0,traceback_only_no_test_failure,844
150,traceback_in_exit0,traceback_only_no_test_failure,926
150,traceback_in_exit0,traceback_only_no_test_failure,872
150,traceback_in_exit0,traceback_only_no_test_failure,303
150,traceback_in_exit0,traceback_only_no_test_failure,457
150,traceback_in_exit0,traceback_only_no_test_failure,1128
151,traceback_in_exit0,traceback_only_no_test_failure,412
151,traceback_in_exit0,traceback_only_no_test_failure,178
151,traceback_in_exit0,traceback_only_no_test_failure,153
151,traceback_in_exit0,traceback_only_no_test_failure,153
151,traceback_in_exit0,traceback_only_no_test_failure,153
151,traceback_in_exit0,traceback_only_no_test_failure,153
151,traceback_in_exit0,traceback_only_no_test_failure,273
151,traceback_in_exit0,traceback_only_no_test_failure,148
151,traceback_in_exit0,traceback_only_no_test_failure,137
151,traceback_in_exit0,traceback_only_no_test_failure,140
151,traceback_in_exit0,traceback_only_no_test_failure,272
151,traceback_in_exit0,traceback_only_no_test_failure,154
151,traceback_in_exit0,traceback_only_no_test_failure,137
151,traceback_in_exit0,traceback_only_no_test_failure,212
151,traceback_in_exit0,traceback_only_no_test_failure,240
151,traceback_in_exit0,traceback_only_no_test_failure,119
151,traceback_in_exit0,traceback_only_no_test_failure,137
151,traceback_in_exit0,traceback_only_no_test_failure,323
151,traceback_in_exit0,traceback_only_no_test_failure,217
151,traceback_in_exit0,traceback_only_no_test_failure,152
151,traceback_in_exit0,traceback_only_no_test_failure,148
151,traceback_in_exit0,traceback_only_no_test_failure,119
152,traceback_in_exit0,traceback_only_no_test_failure,113
152,traceback_in_exit0,traceback_only_no_test_failure,259
152,traceback_in_exit0,traceback_only_no_test_failure,583
152,traceback_in_exit0,traceback_only_no_test_failure,191
152,traceback_in_exit0,traceback_only_no_test_failure,186
152,traceback_in_exit0,traceback_only_no_test_failure,192
152,traceback_in_exit0,traceback_only_no_test_failure,286
152,traceback_in_exit0,traceback_only_no_test_failure,217
152,traceback_in_exit0,traceback_only_no_test_failure,1186
153,traceback_in_exit0,traceback_only_no_test_failure,1447
153,traceback_in_exit0,traceback_only_no_test_failure,147
153,traceback_in_exit0,traceback_only_no_test_failure,234
153,traceback_in_exit0,traceback_only_no_test_failure,138
153,traceback_in_exit0,traceback_only_no_test_failure,409
153,traceback_in_exit0,traceback_only_no_test_failure,281
153,traceback_in_exit0,traceback_only_no_test_failure,391
153,traceback_in_exit0,traceback_only_no_test_failure,289
153,traceback_in_exit0,traceback_only_no_test_failure,271
153,traceback_in_exit0,traceback_only_no_test_failure,286
153,traceback_in_exit0,traceback_only_no_test_failure,144
153,traceback_in_exit0,traceback_only_no_test_failure,296
153,traceback_in_exit0,traceback_only_no_test_failure,679
153,traceback_in_exit0,traceback_only_no_test_failure,290
153,traceback_in_exit0,traceback_only_no_test_failure,10540
153,traceback_in_exit0,traceback_only_no_test_failure,783
153,traceback_in_exit0,traceback_only_no_test_failure,162
153,traceback_in_exit0,traceback_only_no_test_failure,259
153,traceback_in_exit0,traceback_only_no_test_failure,136
153,traceback_in_exit0,traceback_only_no_test_failure,385
153,traceback_in_exit0,traceback_only_no_test_failure,263
153,traceback_in_exit0,traceback_only_no_test_failure,135
153,traceback_in_exit0,traceback_only_no_test_failure,148
153,traceback_in_exit0,traceback_only_no_test_failure,276
153,traceback_in_exit0,traceback_only_no_test_failure,167
153,traceback_in_exit0,traceback_only_no_test_failure,141
153,traceback_in_exit0,traceback_only_no_test_failure,541
153,traceback_in_exit0,traceback_only_no_test_failure,289
153,traceback_in_exit0,traceback_only_no_test_failure,359
153,traceback_in_exit0,traceback_only_no_test_failure,167
153,traceback_in_exit0,traceback_only_no_test_failure,142
153,traceback_in_exit0,traceback_only_no_test_failure,550
153,traceback_in_exit0,traceback_only_no_test_failure,592
153,traceback_in_exit0,traceback_only_no_test_failure,574
153,traceback_in_exit0,traceback_only_no_test_failure,288
153,traceback_in_exit0,traceback_only_no_test_failure,237
153,traceback_in_exit0,traceback_only_no_test_failure,283
153,traceback_in_exit0,traceback_only_no_test_failure,374
153,traceback_in_exit0,traceback_only_no_test_failure,146
154,traceback_in_exit0,traceback_only_no_test_failure,2585
154,traceback_in_exit0,traceback_only_no_test_failure,982
154,traceback_in_exit0,traceback_only_no_test_failure,625
154,traceback_in_exit0,traceback_only_no_test_failure,1558
154,traceback_in_exit0,traceback_only_no_test_failure,328
154,traceback_in_exit0,traceback_only_no_test_failure,122
154,traceback_in_exit0,traceback_only_no_test_failure,202
154,traceback_in_exit0,traceback_only_no_test_failure,152
154,traceback_in_exit0,traceback_only_no_test_failure,158
154,traceback_in_exit0,traceback_only_no_test_failure,521
154,traceback_in_exit0,traceback_only_no_test_failure,167
154,traceback_in_exit0,traceback_only_no_test_failure,140
154,traceback_in_exit0,traceback_only_no_test_failure,625
154,traceback_in_exit0,traceback_only_no_test_failure,128
154,traceback_in_exit0,traceback_only_no_test_failure,157
155,traceback_in_exit0,traceback_only_no_test_failure,699
155,traceback_in_exit0,traceback_only_no_test_failure,699
155,traceback_in_exit0,traceback_only_no_test_failure,699
155,traceback_in_exit0,traceback_only_no_test_failure,699
155,traceback_in_exit0,traceback_only_no_test_failure,699
155,traceback_in_exit0,traceback_only_no_test_failure,699
155,traceback_in_exit0,traceback_only_no_test_failure,699
155,traceback_in_exit0,traceback_only_no_test_failure,699
155,traceback_in_exit0,traceback_only_no_test_failure,699
155,traceback_in_exit0,traceback_only_no_test_failure,699
155,traceback_in_exit0,traceback_only_no_test_failure,699
155,traceback_in_exit0,traceback_only_no_test_failure,699
155,traceback_in_exit0,traceback_only_no_test_failure,699
155,traceback_in_exit0,traceback_only_no_test_failure,699
155,traceback_in_exit0,traceback_only_no_test_failure,699
155,traceback_in_exit0,traceback_only_no_test_failure,699
155,traceback_in_exit0,traceback_only_no_test_failure,699
155,traceback_in_exit0,traceback_only_no_test_failure,699
155,traceback_in_exit0,traceback_only_no_test_failure,699
155,traceback_in_exit0,traceback_only_no_test_failure,699
155,traceback_in_exit0,traceback_only_no_test_failure,699
155,traceback_in_exit0,traceback_only_no_test_failure,699
155,traceback_in_exit0,traceback_only_no_test_failure,699
155,traceback_in_exit0,traceback_only_no_test_failure,699
155,traceback_in_exit0,traceback_only_no_test_failure,699
155,traceback_in_exit0,traceback_only_no_test_failure,699
155,traceback_in_exit0,traceback_only_no_test_failure,699
155,traceback_in_exit0,traceback_only_no_test_failure,699
155,traceback_in_exit0,traceback_only_no_test_failure,699
155,traceback_in_exit0,traceback_only_no_test_failure,699
155,traceback_in_exit0,traceback_only_no_test_failure,699
155,traceback_in_exit0,traceback_only_no_test_failure,699
155,traceback_in_exit0,traceback_only_no_test_failure,546
155,traceback_in_exit0,traceback_only_no_test_failure,531
155,traceback_in_exit0,traceback_only_no_test_failure,1197
155,traceback_in_exit0,traceback_only_no_test_failure,693
155,traceback_in_exit0,traceback_only_no_test_failure,455
155,traceback_in_exit0,traceback_only_no_test_failure,407
155,traceback_in_exit0,traceback_only_no_test_failure,586
155,traceback_in_exit0,traceback_only_no_test_failure,567
155,traceback_in_exit0,traceback_only_no_test_failure,653
155,traceback_in_exit0,traceback_only_no_test_failure,532
155,traceback_in_exit0,traceback_only_no_test_failure,290
155,traceback_in_exit0,traceback_only_no_test_failure,575
155,traceback_in_exit0,traceback_only_no_test_failure,559
155,traceback_in_exit0,traceback_only_no_test_failure,850
155,traceback_in_exit0,traceback_only_no_test_failure,557
155,traceback_in_exit0,traceback_only_no_test_failure,433
155,traceback_in_exit0,traceback_only_no_test_failure,587
155,traceback_in_exit0,traceback_only_no_test_failure,405
155,traceback_in_exit0,traceback_only_no_test_failure,510
155,traceback_in_exit0,traceback_only_no_test_failure,579
155,traceback_in_exit0,traceback_only_no_test_failure,403
155,traceback_in_exit0,traceback_only_no_test_failure,503
155,traceback_in_exit0,traceback_only_no_test_failure,515
155,traceback_in_exit0,traceback_only_no_test_failure,175
155,traceback_in_exit0,traceback_only_no_test_failure,638
155,traceback_in_exit0,traceback_only_no_test_failure,1117
155,traceback_in_exit0,traceback_only_no_test_failure,610
155,traceback_in_exit0,traceback_only_no_test_failure,434
155,traceback_in_exit0,traceback_only_no_test_failure,327
155,traceback_in_exit0,traceback_only_no_test_failure,784
155,traceback_in_exit0,traceback_only_no_test_failure,925
155,traceback_in_exit0,traceback_only_no_test_failure,904
155,traceback_in_exit0,traceback_only_no_test_failure,1066
155,traceback_in_exit0,traceback_only_no_test_failure,438
155,traceback_in_exit0,traceback_only_no_test_failure,1505
155,traceback_in_exit0,traceback_only_no_test_failure,324
155,traceback_in_exit0,traceback_only_no_test_failure,904
155,traceback_in_exit0,traceback_only_no_test_failure,932
155,traceback_in_exit0,traceback_only_no_test_failure,324
155,traceback_in_exit0,traceback_only_no_test_failure,153
155,traceback_in_exit0,traceback_only_no_test_failure,931
155,traceback_in_exit0,traceback_only_no_test_failure,1737
155,traceback_in_exit0,traceback_only_no_test_failure,1625
155,traceback_in_exit0,traceback_only_no_test_failure,948
155,traceback_in_exit0,traceback_only_no_test_failure,904
155,traceback_in_exit0,traceback_only_no_test_failure,1177
155,traceback_in_exit0,traceback_only_no_test_failure,931
155,traceback_in_exit0,traceback_only_no_test_failure,932
155,traceback_in_exit0,traceback_only_no_test_failure,920
155,traceback_in_exit0,traceback_only_no_test_failure,948
155,traceback_in_exit0,traceback_only_no_test_failure,904
155,traceback_in_exit0,traceback_only_no_test_failure,904
155,traceback_in_exit0,traceback_only_no_test_failure,904
155,traceback_in_exit0,traceback_only_no_test_failure,1067
155,traceback_in_exit0,traceback_only_no_test_failure,904
155,traceback_in_exit0,traceback_only_no_test_failure,904
155,traceback_in_exit0,traceback_only_no_test_failure,512
156,traceback_in_exit0,traceback_only_no_test_failure,155
156,traceback_in_exit0,traceback_only_no_test_failure,2416
156,traceback_in_exit0,traceback_only_no_test_failure,185
156,traceback_in_exit0,traceback_only_no_test_failure,305
156,traceback_in_exit0,traceback_only_no_test_failure,292
156,tests_failed_in_exit0,unexplained_exit0_with_test_failure,123
156,traceback_in_exit0,traceback_only_no_test_failure,128
156,traceback_in_exit0,traceback_only_no_test_failure,609
156,traceback_in_exit0,traceback_only_no_test_failure,145
156,traceback_in_exit0,traceback_only_no_test_failure,162
156,traceback_in_exit0,traceback_only_no_test_failure,161
156,traceback_in_exit0,traceback_only_no_test_failure,148
156,traceback_in_exit0,traceback_only_no_test_failure,171
156,traceback_in_exit0,traceback_only_no_test_failure,162
156,traceback_in_exit0,traceback_only_no_test_failure,145
156,traceback_in_exit0,traceback_only_no_test_failure,916
156,traceback_in_exit0,traceback_only_no_test_failure,190
156,traceback_in_exit0,traceback_only_no_test_failure,189
156,traceback_in_exit0,traceback_only_no_test_failure,1259
156,traceback_in_exit0,traceback_only_no_test_failure,319
157,traceback_in_exit0,traceback_only_no_test_failure,145
157,traceback_in_exit0,traceback_only_no_test_failure,162
157,traceback_in_exit0,traceback_only_no_test_failure,162
157,traceback_in_exit0,traceback_only_no_test_failure,521
157,traceback_in_exit0,traceback_only_no_test_failure,140
157,traceback_in_exit0,traceback_only_no_test_failure,167
157,traceback_in_exit0,traceback_only_no_test_failure,117
158,traceback_in_exit0,traceback_only_no_test_failure,596
158,traceback_in_exit0,traceback_only_no_test_failure,294
158,traceback_in_exit0,traceback_only_no_test_failure,444
158,traceback_in_exit0,traceback_only_no_test_failure,269
158,traceback_in_exit0,traceback_only_no_test_failure,930
158,traceback_in_exit0,traceback_only_no_test_failure,817
158,traceback_in_exit0,traceback_only_no_test_failure,723
158,traceback_in_exit0,traceback_only_no_test_failure,335
158,traceback_in_exit0,traceback_only_no_test_failure,168
158,traceback_in_exit0,traceback_only_no_test_failure,337
158,traceback_in_exit0,traceback_only_no_test_failure,300
158,traceback_in_exit0,traceback_only_no_test_failure,229
158,traceback_in_exit0,traceback_only_no_test_failure,260
158,traceback_in_exit0,traceback_only_no_test_failure,370
158,traceback_in_exit0,traceback_only_no_test_failure,217
158,traceback_in_exit0,traceback_only_no_test_failure,345
158,traceback_in_exit0,traceback_only_no_test_failure,124
158,traceback_in_exit0,traceback_only_no_test_failure,1057
158,traceback_in_exit0,traceback_only_no_test_failure,597
158,traceback_in_exit0,traceback_only_no_test_failure,464
158,traceback_in_exit0,traceback_only_no_test_failure,644
158,traceback_in_exit0,traceback_only_no_test_failure,291
158,traceback_in_exit0,traceback_only_no_test_failure,370
158,traceback_in_exit0,traceback_only_no_test_failure,285
158,traceback_in_exit0,traceback_only_no_test_failure,430
158,traceback_in_exit0,traceback_only_no_test_failure,275
158,traceback_in_exit0,traceback_only_no_test_failure,3534
158,traceback_in_exit0,traceback_only_no_test_failure,159
158,tests_failed_in_exit0,unexplained_exit0_with_test_failure,33
158,tests_failed_in_exit0,unexplained_exit0_with_test_failure,169
158,traceback_in_exit0,traceback_only_no_test_failure,915
159,traceback_in_exit0,traceback_only_no_test_failure,936
159,traceback_in_exit0,traceback_only_no_test_failure,930
159,traceback_in_exit0,traceback_only_no_test_failure,835
159,traceback_in_exit0,traceback_only_no_test_failure,934
159,traceback_in_exit0,traceback_only_no_test_failure,913
159,traceback_in_exit0,traceback_only_no_test_failure,942
159,traceback_in_exit0,traceback_only_no_test_failure,909
159,traceback_in_exit0,traceback_only_no_test_failure,928
159,traceback_in_exit0,traceback_only_no_test_failure,917
159,traceback_in_exit0,traceback_only_no_test_failure,368
159,traceback_in_exit0,traceback_only_no_test_failure,136
159,traceback_in_exit0,traceback_only_no_test_failure,139
159,traceback_in_exit0,traceback_only_no_test_failure,139
159,traceback_in_exit0,traceback_only_no_test_failure,4657
159,traceback_in_exit0,traceback_only_no_test_failure,1187
159,traceback_in_exit0,traceback_only_no_test_failure,231
159,traceback_in_exit0,traceback_only_no_test_failure,978
159,traceback_in_exit0,traceback_only_no_test_failure,572
159,traceback_in_exit0,traceback_only_no_test_failure,914
160,traceback_in_exit0,traceback_only_no_test_failure,150
160,tests_failed_in_exit0,unexplained_exit0_with_test_failure,1834
160,tests_failed_in_exit0,pytest_collection_error,1009
160,tests_failed_in_exit0,pytest_collection_error,958
160,tests_failed_in_exit0,unexplained_exit0_with_test_failure,5497
160,tests_failed_in_exit0,pytest_collection_error,1116
160,tests_failed_in_exit0,unexplained_exit0_with_test_failure_with_traceback,2232
160,tests_failed_in_exit0,pytest_collection_error,1103
160,tests_failed_in_exit0,unexplained_exit0_with_test_failure_with_traceback,4549
160,traceback_in_exit0,traceback_only_no_test_failure,2779
160,tests_failed_in_exit0,unexplained_exit0_with_test_failure_with_traceback,2239
160,traceback_in_exit0,traceback_only_no_test_failure,261
160,tests_failed_in_exit0,pytest_collection_error,1079
160,tests_failed_in_exit0,pytest_collection_error,953
160,tests_failed_in_exit0,unexplained_exit0_with_test_failure_with_traceback,2317
160,tests_failed_in_exit0,unexplained_exit0_with_test_failure,1375
160,tests_failed_in_exit0,unexplained_exit0_with_test_failure,3775
160,tests_failed_in_exit0,unexplained_exit0_with_test_failure,1141
160,tests_failed_in_exit0,unexplained_exit0_with_test_failure_with_traceback,8505
160,tests_failed_in_exit0,unexplained_exit0_with_test_failure,1355
160,tests_failed_in_exit0,unexplained_exit0_with_test_failure,1998
160,tests_failed_in_exit0,pytest_collection_error,979
160,tests_failed_in_exit0,unexplained_exit0_with_test_failure_with_traceback,2644
160,tests_failed_in_exit0,unexplained_exit0_with_test_failure,1250
160,tests_failed_in_exit0,pytest_collection_error,1009
160,tests_failed_in_exit0,unexplained_exit0_with_test_failure,1216
161,traceback_in_exit0,traceback_only_no_test_failure,375
161,traceback_in_exit0,traceback_only_no_test_failure,182
161,traceback_in_exit0,traceback_only_no_test_failure,461
161,traceback_in_exit0,traceback_only_no_test_failure,196
161,traceback_in_exit0,traceback_only_no_test_failure,381
161,traceback_in_exit0,traceback_only_no_test_failure,369
161,traceback_in_exit0,traceback_only_no_test_failure,256
161,traceback_in_exit0,traceback_only_no_test_failure,181
161,traceback_in_exit0,traceback_only_no_test_failure,2534
161,traceback_in_exit0,traceback_only_no_test_failure,915
161,traceback_in_exit0,traceback_only_no_test_failure,701
161,traceback_in_exit0,traceback_only_no_test_failure,136
161,traceback_in_exit0,traceback_only_no_test_failure,475
161,traceback_in_exit0,traceback_only_no_test_failure,324
161,traceback_in_exit0,traceback_only_no_test_failure,585
161,traceback_in_exit0,traceback_only_no_test_failure,282
162,traceback_in_exit0,traceback_only_no_test_failure,1686
162,traceback_in_exit0,traceback_only_no_test_failure,361
162,traceback_in_exit0,traceback_only_no_test_failure,443
162,traceback_in_exit0,traceback_only_no_test_failure,1147
162,traceback_in_exit0,traceback_only_no_test_failure,287
162,traceback_in_exit0,traceback_only_no_test_failure,793
162,traceback_in_exit0,traceback_only_no_test_failure,449
162,traceback_in_exit0,traceback_only_no_test_failure,145
162,traceback_in_exit0,traceback_only_no_test_failure,153
162,traceback_in_exit0,traceback_only_no_test_failure,266
162,traceback_in_exit0,traceback_only_no_test_failure,160
162,traceback_in_exit0,traceback_only_no_test_failure,192
162,traceback_in_exit0,traceback_only_no_test_failure,372
162,traceback_in_exit0,traceback_only_no_test_failure,1118
162,traceback_in_exit0,traceback_only_no_test_failure,666
162,traceback_in_exit0,traceback_only_no_test_failure,145
162,traceback_in_exit0,traceback_only_no_test_failure,297
162,traceback_in_exit0,traceback_only_no_test_failure,352
163,traceback_in_exit0,traceback_only_no_test_failure,194
163,traceback_in_exit0,traceback_only_no_test_failure,348
163,traceback_in_exit0,traceback_only_no_test_failure,472
163,traceback_in_exit0,traceback_only_no_test_failure,417
163,traceback_in_exit0,traceback_only_no_test_failure,401
163,traceback_in_exit0,traceback_only_no_test_failure,418
163,traceback_in_exit0,traceback_only_no_test_failure,465
163,traceback_in_exit0,traceback_only_no_test_failure,401
163,traceback_in_exit0,traceback_only_no_test_failure,500
163,traceback_in_exit0,traceback_only_no_test_failure,401
163,traceback_in_exit0,traceback_only_no_test_failure,353
164,traceback_in_exit0,traceback_only_no_test_failure,1451
164,traceback_in_exit0,traceback_only_no_test_failure,651
164,traceback_in_exit0,traceback_only_no_test_failure,2192
164,tests_failed_in_exit0,unexplained_exit0_with_test_failure,62
164,traceback_in_exit0,traceback_only_no_test_failure,1210
164,traceback_in_exit0,traceback_only_no_test_failure,1928
164,traceback_in_exit0,traceback_only_no_test_failure,826
164,traceback_in_exit0,traceback_only_no_test_failure,1567
164,traceback_in_exit0,traceback_only_no_test_failure,842
164,traceback_in_exit0,traceback_only_no_test_failure,233
164,traceback_in_exit0,traceback_only_no_test_failure,592
164,traceback_in_exit0,traceback_only_no_test_failure,137
164,traceback_in_exit0,traceback_only_no_test_failure,140
164,traceback_in_exit0,traceback_only_no_test_failure,604
164,traceback_in_exit0,traceback_only_no_test_failure,157
165,traceback_in_exit0,traceback_only_no_test_failure,270
165,traceback_in_exit0,traceback_only_no_test_failure,340
165,traceback_in_exit0,traceback_only_no_test_failure,530
165,traceback_in_exit0,traceback_only_no_test_failure,121
165,traceback_in_exit0,traceback_only_no_test_failure,354
165,traceback_in_exit0,traceback_only_no_test_failure,324
165,traceback_in_exit0,traceback_only_no_test_failure,387
165,traceback_in_exit0,traceback_only_no_test_failure,324
165,traceback_in_exit0,traceback_only_no_test_failure,429
165,traceback_in_exit0,traceback_only_no_test_failure,1610
165,traceback_in_exit0,traceback_only_no_test_failure,443
165,traceback_in_exit0,traceback_only_no_test_failure,454
165,traceback_in_exit0,traceback_only_no_test_failure,349
165,traceback_in_exit0,traceback_only_no_test_failure,148
165,traceback_in_exit0,traceback_only_no_test_failure,340
165,traceback_in_exit0,traceback_only_no_test_failure,180
165,traceback_in_exit0,traceback_only_no_test_failure,439
165,traceback_in_exit0,traceback_only_no_test_failure,570
165,traceback_in_exit0,traceback_only_no_test_failure,350
165,traceback_in_exit0,traceback_only_no_test_failure,202
165,traceback_in_exit0,traceback_only_no_test_failure,352
165,traceback_in_exit0,traceback_only_no_test_failure,343
165,traceback_in_exit0,traceback_only_no_test_failure,271
165,traceback_in_exit0,traceback_only_no_test_failure,428
165,traceback_in_exit0,traceback_only_no_test_failure,323
165,traceback_in_exit0,traceback_only_no_test_failure,415
165,traceback_in_exit0,traceback_only_no_test_failure,323
165,traceback_in_exit0,traceback_only_no_test_failure,377
165,traceback_in_exit0,traceback_only_no_test_failure,184
165,traceback_in_exit0,traceback_only_no_test_failure,398
165,traceback_in_exit0,traceback_only_no_test_failure,211
165,traceback_in_exit0,traceback_only_no_test_failure,143
166,traceback_in_exit0,traceback_only_no_test_failure,206
166,traceback_in_exit0,traceback_only_no_test_failure,1681
166,traceback_in_exit0,traceback_only_no_test_failure,281
166,traceback_in_exit0,traceback_only_no_test_failure,310
166,traceback_in_exit0,traceback_only_no_test_failure,723
166,traceback_in_exit0,traceback_only_no_test_failure,884
167,traceback_in_exit0,traceback_only_no_test_failure,126
167,traceback_in_exit0,traceback_only_no_test_failure,137
167,traceback_in_exit0,traceback_only_no_test_failure,119
167,traceback_in_exit0,traceback_only_no_test_failure,136
167,traceback_in_exit0,traceback_only_no_test_failure,269
168,traceback_in_exit0,traceback_only_no_test_failure,134
168,traceback_in_exit0,traceback_only_no_test_failure,712
168,traceback_in_exit0,traceback_only_no_test_failure,585
168,traceback_in_exit0,traceback_only_no_test_failure,171
168,traceback_in_exit0,traceback_only_no_test_failure,345
168,traceback_in_exit0,traceback_only_no_test_failure,10542
168,traceback_in_exit0,traceback_only_no_test_failure,144
168,traceback_in_exit0,traceback_only_no_test_failure,132
168,traceback_in_exit0,traceback_only_no_test_failure,470
168,traceback_in_exit0,traceback_only_no_test_failure,765
168,traceback_in_exit0,traceback_only_no_test_failure,143
168,traceback_in_exit0,traceback_only_no_test_failure,145
168,traceback_in_exit0,traceback_only_no_test_failure,684
168,traceback_in_exit0,traceback_only_no_test_failure,111
168,traceback_in_exit0,traceback_only_no_test_failure,419
168,traceback_in_exit0,traceback_only_no_test_failure,497
168,traceback_in_exit0,traceback_only_no_test_failure,431
168,traceback_in_exit0,traceback_only_no_test_failure,190
168,traceback_in_exit0,traceback_only_no_test_failure,405
168,traceback_in_exit0,traceback_only_no_test_failure,185
168,tests_failed_in_exit0,unexplained_exit0_with_test_failure,9743
168,traceback_in_exit0,traceback_only_no_test_failure,116
168,traceback_in_exit0,traceback_only_no_test_failure,1295
168,traceback_in_exit0,traceback_only_no_test_failure,933
168,traceback_in_exit0,traceback_only_no_test_failure,625
168,traceback_in_exit0,traceback_only_no_test_failure,848
168,traceback_in_exit0,traceback_only_no_test_failure,771
168,traceback_in_exit0,traceback_only_no_test_failure,877
168,traceback_in_exit0,traceback_only_no_test_failure,666
168,traceback_in_exit0,traceback_only_no_test_failure,839
169,traceback_in_exit0,traceback_only_no_test_failure,166
169,traceback_in_exit0,traceback_only_no_test_failure,1074
169,traceback_in_exit0,traceback_only_no_test_failure,929
169,traceback_in_exit0,traceback_only_no_test_failure,1115
169,traceback_in_exit0,traceback_only_no_test_failure,904
170,traceback_in_exit0,traceback_only_no_test_failure,628
170,traceback_in_exit0,traceback_only_no_test_failure,312
170,traceback_in_exit0,traceback_only_no_test_failure,513
170,traceback_in_exit0,traceback_only_no_test_failure,391
170,traceback_in_exit0,traceback_only_no_test_failure,370
170,traceback_in_exit0,traceback_only_no_test_failure,409
170,traceback_in_exit0,traceback_only_no_test_failure,532
170,traceback_in_exit0,traceback_only_no_test_failure,420
170,traceback_in_exit0,traceback_only_no_test_failure,817
170,traceback_in_exit0,traceback_only_no_test_failure,289
170,traceback_in_exit0,traceback_only_no_test_failure,202
170,traceback_in_exit0,traceback_only_no_test_failure,417
170,traceback_in_exit0,traceback_only_no_test_failure,255
170,traceback_in_exit0,traceback_only_no_test_failure,672
170,traceback_in_exit0,traceback_only_no_test_failure,347
170,traceback_in_exit0,traceback_only_no_test_failure,404
170,traceback_in_exit0,traceback_only_no_test_failure,769
170,traceback_in_exit0,traceback_only_no_test_failure,574
171,traceback_in_exit0,traceback_only_no_test_failure,254
171,traceback_in_exit0,traceback_only_no_test_failure,145
171,traceback_in_exit0,traceback_only_no_test_failure,781
171,traceback_in_exit0,traceback_only_no_test_failure,326
171,traceback_in_exit0,traceback_only_no_test_failure,1260
171,traceback_in_exit0,traceback_only_no_test_failure,293
171,traceback_in_exit0,traceback_only_no_test_failure,239
171,traceback_in_exit0,traceback_only_no_test_failure,262
171,traceback_in_exit0,traceback_only_no_test_failure,137
171,traceback_in_exit0,traceback_only_no_test_failure,271
171,traceback_in_exit0,traceback_only_no_test_failure,1362
171,traceback_in_exit0,traceback_only_no_test_failure,348
171,traceback_in_exit0,traceback_only_no_test_failure,156
171,traceback_in_exit0,traceback_only_no_test_failure,162
171,traceback_in_exit0,traceback_only_no_test_failure,518
172,traceback_in_exit0,traceback_only_no_test_failure,637
172,traceback_in_exit0,traceback_only_no_test_failure,190
172,traceback_in_exit0,traceback_only_no_test_failure,592
172,traceback_in_exit0,traceback_only_no_test_failure,940
172,traceback_in_exit0,traceback_only_no_test_failure,659
172,traceback_in_exit0,traceback_only_no_test_failure,540
172,traceback_in_exit0,traceback_only_no_test_failure,841
172,traceback_in_exit0,traceback_only_no_test_failure,526
172,traceback_in_exit0,traceback_only_no_test_failure,803
172,traceback_in_exit0,traceback_only_no_test_failure,1436
172,traceback_in_exit0,traceback_only_no_test_failure,790
172,traceback_in_exit0,traceback_only_no_test_failure,244
172,traceback_in_exit0,traceback_only_no_test_failure,553
172,traceback_in_exit0,traceback_only_no_test_failure,610
172,traceback_in_exit0,traceback_only_no_test_failure,539
172,traceback_in_exit0,traceback_only_no_test_failure,354
172,traceback_in_exit0,traceback_only_no_test_failure,533
172,traceback_in_exit0,traceback_only_no_test_failure,1081
172,traceback_in_exit0,traceback_only_no_test_failure,527
172,traceback_in_exit0,traceback_only_no_test_failure,1157
172,traceback_in_exit0,traceback_only_no_test_failure,4288
172,traceback_in_exit0,traceback_only_no_test_failure,452
172,traceback_in_exit0,traceback_only_no_test_failure,197
172,traceback_in_exit0,traceback_only_no_test_failure,177
172,traceback_in_exit0,traceback_only_no_test_failure,226
172,traceback_in_exit0,traceback_only_no_test_failure,415
172,traceback_in_exit0,traceback_only_no_test_failure,134
172,traceback_in_exit0,traceback_only_no_test_failure,136
172,traceback_in_exit0,traceback_only_no_test_failure,1070
172,traceback_in_exit0,traceback_only_no_test_failure,145
173,traceback_in_exit0,traceback_only_no_test_failure,7814
173,traceback_in_exit0,traceback_only_no_test_failure,427
173,traceback_in_exit0,traceback_only_no_test_failure,5373
173,traceback_in_exit0,traceback_only_no_test_failure,589
173,traceback_in_exit0,traceback_only_no_test_failure,130
173,traceback_in_exit0,traceback_only_no_test_failure,133
173,traceback_in_exit0,traceback_only_no_test_failure,416
173,traceback_in_exit0,traceback_only_no_test_failure,141
174,traceback_in_exit0,traceback_only_no_test_failure,250
174,traceback_in_exit0,traceback_only_no_test_failure,722
174,traceback_in_exit0,traceback_only_no_test_failure,153
174,traceback_in_exit0,traceback_only_no_test_failure,167
174,traceback_in_exit0,traceback_only_no_test_failure,145
174,traceback_in_exit0,traceback_only_no_test_failure,234
174,traceback_in_exit0,traceback_only_no_test_failure,128
174,traceback_in_exit0,traceback_only_no_test_failure,141
174,traceback_in_exit0,traceback_only_no_test_failure,299
174,traceback_in_exit0,traceback_only_no_test_failure,603
174,traceback_in_exit0,traceback_only_no_test_failure,569
174,traceback_in_exit0,traceback_only_no_test_failure,298
174,traceback_in_exit0,traceback_only_no_test_failure,448
174,traceback_in_exit0,traceback_only_no_test_failure,293
174,traceback_in_exit0,traceback_only_no_test_failure,298
174,traceback_in_exit0,traceback_only_no_test_failure,378
174,traceback_in_exit0,traceback_only_no_test_failure,546
174,traceback_in_exit0,traceback_only_no_test_failure,358
174,traceback_in_exit0,traceback_only_no_test_failure,900
174,traceback_in_exit0,traceback_only_no_test_failure,219
174,traceback_in_exit0,traceback_only_no_test_failure,1070
174,traceback_in_exit0,traceback_only_no_test_failure,617
174,traceback_in_exit0,traceback_only_no_test_failure,155
174,traceback_in_exit0,traceback_only_no_test_failure,418
174,traceback_in_exit0,traceback_only_no_test_failure,1347
174,traceback_in_exit0,traceback_only_no_test_failure,895
174,traceback_in_exit0,traceback_only_no_test_failure,890
174,traceback_in_exit0,traceback_only_no_test_failure,536
174,traceback_in_exit0,traceback_only_no_test_failure,287
174,tests_failed_in_exit0,unexplained_exit0_with_test_failure,151
174,traceback_in_exit0,traceback_only_no_test_failure,452
174,traceback_in_exit0,traceback_only_no_test_failure,690
174,traceback_in_exit0,traceback_only_no_test_failure,873
174,traceback_in_exit0,traceback_only_no_test_failure,382
174,traceback_in_exit0,traceback_only_no_test_failure,229
174,traceback_in_exit0,traceback_only_no_test_failure,342
174,traceback_in_exit0,traceback_only_no_test_failure,836
174,traceback_in_exit0,traceback_only_no_test_failure,853
174,traceback_in_exit0,traceback_only_no_test_failure,158
174,traceback_in_exit0,traceback_only_no_test_failure,836
174,traceback_in_exit0,traceback_only_no_test_failure,139
174,traceback_in_exit0,traceback_only_no_test_failure,853
174,traceback_in_exit0,traceback_only_no_test_failure,139
174,traceback_in_exit0,traceback_only_no_test_failure,149
174,traceback_in_exit0,traceback_only_no_test_failure,864
174,traceback_in_exit0,traceback_only_no_test_failure,853
174,traceback_in_exit0,traceback_only_no_test_failure,852
174,traceback_in_exit0,traceback_only_no_test_failure,853
174,traceback_in_exit0,traceback_only_no_test_failure,149
174,traceback_in_exit0,traceback_only_no_test_failure,836
174,traceback_in_exit0,traceback_only_no_test_failure,149
174,traceback_in_exit0,traceback_only_no_test_failure,315
175,traceback_in_exit0,traceback_only_no_test_failure,163
175,tests_failed_in_exit0,unexplained_exit0_with_test_failure,870
175,tests_failed_in_exit0,unexplained_exit0_with_test_failure,583
175,tests_failed_in_exit0,unexplained_exit0_with_test_failure,571
175,traceback_in_exit0,traceback_only_no_test_failure,137
175,traceback_in_exit0,traceback_only_no_test_failure,744
175,traceback_in_exit0,traceback_only_no_test_failure,137
175,tests_failed_in_exit0,unexplained_exit0_with_test_failure,1976
175,traceback_in_exit0,traceback_only_no_test_failure,137
175,traceback_in_exit0,traceback_only_no_test_failure,1783
175,traceback_in_exit0,traceback_only_no_test_failure,677
175,traceback_in_exit0,traceback_only_no_test_failure,434
175,traceback_in_exit0,traceback_only_no_test_failure,410
175,traceback_in_exit0,traceback_only_no_test_failure,410
175,traceback_in_exit0,traceback_only_no_test_failure,2100
175,traceback_in_exit0,traceback_only_no_test_failure,410
175,traceback_in_exit0,traceback_only_no_test_failure,474
175,traceback_in_exit0,traceback_only_no_test_failure,503
175,traceback_in_exit0,traceback_only_no_test_failure,474
175,traceback_in_exit0,traceback_only_no_test_failure,419
175,traceback_in_exit0,traceback_only_no_test_failure,527
175,traceback_in_exit0,traceback_only_no_test_failure,443
175,traceback_in_exit0,traceback_only_no_test_failure,441
175,traceback_in_exit0,traceback_only_no_test_failure,438
175,traceback_in_exit0,traceback_only_no_test_failure,441
175,traceback_in_exit0,traceback_only_no_test_failure,441
175,traceback_in_exit0,traceback_only_no_test_failure,411
175,traceback_in_exit0,traceback_only_no_test_failure,281
175,traceback_in_exit0,traceback_only_no_test_failure,441
175,traceback_in_exit0,traceback_only_no_test_failure,441
175,traceback_in_exit0,traceback_only_no_test_failure,441
175,traceback_in_exit0,traceback_only_no_test_failure,441
175,traceback_in_exit0,traceback_only_no_test_failure,441
175,traceback_in_exit0,traceback_only_no_test_failure,464
175,traceback_in_exit0,traceback_only_no_test_failure,464
175,traceback_in_exit0,traceback_only_no_test_failure,459
175,traceback_in_exit0,traceback_only_no_test_failure,175
175,traceback_in_exit0,traceback_only_no_test_failure,320
175,traceback_in_exit0,traceback_only_no_test_failure,464
175,traceback_in_exit0,traceback_only_no_test_failure,462
175,traceback_in_exit0,traceback_only_no_test_failure,441
175,traceback_in_exit0,traceback_only_no_test_failure,441
175,traceback_in_exit0,traceback_only_no_test_failure,1827
176,traceback_in_exit0,traceback_only_no_test_failure,145
176,traceback_in_exit0,traceback_only_no_test_failure,2781
176,traceback_in_exit0,traceback_only_no_test_failure,145
176,traceback_in_exit0,traceback_only_no_test_failure,363
176,traceback_in_exit0,traceback_only_no_test_failure,145
176,traceback_in_exit0,traceback_only_no_test_failure,162
176,traceback_in_exit0,traceback_only_no_test_failure,162
176,traceback_in_exit0,traceback_only_no_test_failure,128
176,traceback_in_exit0,traceback_only_no_test_failure,162
176,traceback_in_exit0,traceback_only_no_test_failure,162
176,traceback_in_exit0,traceback_only_no_test_failure,147
176,traceback_in_exit0,traceback_only_no_test_failure,216
176,traceback_in_exit0,traceback_only_no_test_failure,312
176,traceback_in_exit0,traceback_only_no_test_failure,130
176,traceback_in_exit0,traceback_only_no_test_failure,246
176,traceback_in_exit0,traceback_only_no_test_failure,406
176,traceback_in_exit0,traceback_only_no_test_failure,464
176,traceback_in_exit0,traceback_only_no_test_failure,441
176,traceback_in_exit0,traceback_only_no_test_failure,464
176,traceback_in_exit0,traceback_only_no_test_failure,473
176,traceback_in_exit0,traceback_only_no_test_failure,459
176,traceback_in_exit0,traceback_only_no_test_failure,464
176,traceback_in_exit0,traceback_only_no_test_failure,459
176,traceback_in_exit0,traceback_only_no_test_failure,503
176,traceback_in_exit0,traceback_only_no_test_failure,280
176,traceback_in_exit0,traceback_only_no_test_failure,464
176,traceback_in_exit0,traceback_only_no_test_failure,1231
176,traceback_in_exit0,traceback_only_no_test_failure,388
176,traceback_in_exit0,traceback_only_no_test_failure,442
176,traceback_in_exit0,traceback_only_no_test_failure,388
176,traceback_in_exit0,traceback_only_no_test_failure,421
176,traceback_in_exit0,traceback_only_no_test_failure,305
176,traceback_in_exit0,traceback_only_no_test_failure,464
176,traceback_in_exit0,traceback_only_no_test_failure,441
176,traceback_in_exit0,traceback_only_no_test_failure,10542
177,traceback_in_exit0,traceback_only_no_test_failure,387
177,traceback_in_exit0,traceback_only_no_test_failure,137
177,traceback_in_exit0,traceback_only_no_test_failure,604
178,traceback_in_exit0,traceback_only_no_test_failure,672
178,traceback_in_exit0,traceback_only_no_test_failure,1003
178,traceback_in_exit0,traceback_only_no_test_failure,726
178,traceback_in_exit0,traceback_only_no_test_failure,167
178,traceback_in_exit0,traceback_only_no_test_failure,140
178,traceback_in_exit0,traceback_only_no_test_failure,167
178,traceback_in_exit0,traceback_only_no_test_failure,280
178,traceback_in_exit0,traceback_only_no_test_failure,167
178,traceback_in_exit0,traceback_only_no_test_failure,148
178,traceback_in_exit0,traceback_only_no_test_failure,680
178,traceback_in_exit0,traceback_only_no_test_failure,248
178,traceback_in_exit0,traceback_only_no_test_failure,135
178,traceback_in_exit0,traceback_only_no_test_failure,2705
178,traceback_in_exit0,traceback_only_no_test_failure,673
178,traceback_in_exit0,traceback_only_no_test_failure,866
178,traceback_in_exit0,traceback_only_no_test_failure,603
178,traceback_in_exit0,traceback_only_no_test_failure,842
178,traceback_in_exit0,traceback_only_no_test_failure,1196
178,traceback_in_exit0,traceback_only_no_test_failure,1491
178,traceback_in_exit0,traceback_only_no_test_failure,260
178,traceback_in_exit0,traceback_only_no_test_failure,803
178,traceback_in_exit0,traceback_only_no_test_failure,364
178,traceback_in_exit0,traceback_only_no_test_failure,775
178,traceback_in_exit0,traceback_only_no_test_failure,468
178,traceback_in_exit0,traceback_only_no_test_failure,545
178,traceback_in_exit0,traceback_only_no_test_failure,358
178,traceback_in_exit0,traceback_only_no_test_failure,256
178,traceback_in_exit0,traceback_only_no_test_failure,624
178,traceback_in_exit0,traceback_only_no_test_failure,168
178,traceback_in_exit0,traceback_only_no_test_failure,536
178,traceback_in_exit0,traceback_only_no_test_failure,452
178,traceback_in_exit0,traceback_only_no_test_failure,137
179,traceback_in_exit0,traceback_only_no_test_failure,3141
179,traceback_in_exit0,traceback_only_no_test_failure,586
180,traceback_in_exit0,traceback_only_no_test_failure,481
180,traceback_in_exit0,traceback_only_no_test_failure,845
180,traceback_in_exit0,traceback_only_no_test_failure,375
180,traceback_in_exit0,traceback_only_no_test_failure,797
180,traceback_in_exit0,traceback_only_no_test_failure,485
180,traceback_in_exit0,traceback_only_no_test_failure,358
180,tests_failed_in_exit0,unexplained_exit0_with_test_failure,346
180,traceback_in_exit0,traceback_only_no_test_failure,6550
180,traceback_in_exit0,traceback_only_no_test_failure,353
180,tests_failed_in_exit0,unexplained_exit0_with_test_failure,327
181,traceback_in_exit0,traceback_only_no_test_failure,112
181,tests_failed_in_exit0,unexplained_exit0_with_test_failure,342
181,traceback_in_exit0,traceback_only_no_test_failure,112
181,tests_failed_in_exit0,unexplained_exit0_with_test_failure,421
181,traceback_in_exit0,traceback_only_no_test_failure,202
181,traceback_in_exit0,traceback_only_no_test_failure,288
181,traceback_in_exit0,traceback_only_no_test_failure,177
181,traceback_in_exit0,traceback_only_no_test_failure,231
181,traceback_in_exit0,traceback_only_no_test_failure,142
181,traceback_in_exit0,traceback_only_no_test_failure,182
181,traceback_in_exit0,traceback_only_no_test_failure,162
181,traceback_in_exit0,traceback_only_no_test_failure,587
181,traceback_in_exit0,traceback_only_no_test_failure,294
181,traceback_in_exit0,traceback_only_no_test_failure,427
181,traceback_in_exit0,traceback_only_no_test_failure,389
181,traceback_in_exit0,traceback_only_no_test_failure,226
181,traceback_in_exit0,traceback_only_no_test_failure,266
181,traceback_in_exit0,traceback_only_no_test_failure,260
181,traceback_in_exit0,traceback_only_no_test_failure,290
181,traceback_in_exit0,traceback_only_no_test_failure,399
181,traceback_in_exit0,traceback_only_no_test_failure,302
181,traceback_in_exit0,traceback_only_no_test_failure,233
181,traceback_in_exit0,traceback_only_no_test_failure,356
181,traceback_in_exit0,traceback_only_no_test_failure,314
181,traceback_in_exit0,traceback_only_no_test_failure,288
181,traceback_in_exit0,traceback_only_no_test_failure,1839
181,traceback_in_exit0,traceback_only_no_test_failure,228
181,traceback_in_exit0,traceback_only_no_test_failure,317
181,traceback_in_exit0,traceback_only_no_test_failure,313
181,traceback_in_exit0,traceback_only_no_test_failure,364
181,traceback_in_exit0,traceback_only_no_test_failure,256
181,traceback_in_exit0,traceback_only_no_test_failure,1243
181,traceback_in_exit0,traceback_only_no_test_failure,1878
181,traceback_in_exit0,traceback_only_no_test_failure,285
181,traceback_in_exit0,traceback_only_no_test_failure,1773
181,traceback_in_exit0,traceback_only_no_test_failure,259
181,traceback_in_exit0,traceback_only_no_test_failure,2719
181,traceback_in_exit0,traceback_only_no_test_failure,184
181,traceback_in_exit0,traceback_only_no_test_failure,167
181,traceback_in_exit0,traceback_only_no_test_failure,145
181,traceback_in_exit0,traceback_only_no_test_failure,456
181,traceback_in_exit0,traceback_only_no_test_failure,192
181,traceback_in_exit0,traceback_only_no_test_failure,128
181,traceback_in_exit0,traceback_only_no_test_failure,167
181,traceback_in_exit0,traceback_only_no_test_failure,145
181,traceback_in_exit0,traceback_only_no_test_failure,240
181,traceback_in_exit0,traceback_only_no_test_failure,319
181,traceback_in_exit0,traceback_only_no_test_failure,148
181,traceback_in_exit0,traceback_only_no_test_failure,541
181,traceback_in_exit0,traceback_only_no_test_failure,128
181,traceback_in_exit0,traceback_only_no_test_failure,175
181,traceback_in_exit0,traceback_only_no_test_failure,153
181,traceback_in_exit0,traceback_only_no_test_failure,148
181,traceback_in_exit0,traceback_only_no_test_failure,363
182,traceback_in_exit0,traceback_only_no_test_failure,4137
182,traceback_in_exit0,traceback_only_no_test_failure,145
182,tests_failed_in_exit0,unexplained_exit0_with_test_failure,1077
182,traceback_in_exit0,traceback_only_no_test_failure,800
182,traceback_in_exit0,traceback_only_no_test_failure,240
182,traceback_in_exit0,traceback_only_no_test_failure,413
182,traceback_in_exit0,traceback_only_no_test_failure,136
182,traceback_in_exit0,traceback_only_no_test_failure,295
182,traceback_in_exit0,traceback_only_no_test_failure,2002
182,traceback_in_exit0,traceback_only_no_test_failure,658
183,traceback_in_exit0,traceback_only_no_test_failure,1468
183,traceback_in_exit0,traceback_only_no_test_failure,245
183,traceback_in_exit0,traceback_only_no_test_failure,1252
183,traceback_in_exit0,traceback_only_no_test_failure,1105
184,traceback_in_exit0,traceback_only_no_test_failure,166
184,traceback_in_exit0,traceback_only_no_test_failure,149
184,traceback_in_exit0,traceback_only_no_test_failure,186
184,traceback_in_exit0,traceback_only_no_test_failure,148
184,traceback_in_exit0,traceback_only_no_test_failure,143
185,traceback_in_exit0,traceback_only_no_test_failure,139
185,traceback_in_exit0,traceback_only_no_test_failure,251
185,traceback_in_exit0,traceback_only_no_test_failure,745
185,traceback_in_exit0,traceback_only_no_test_failure,158
185,traceback_in_exit0,traceback_only_no_test_failure,145
185,traceback_in_exit0,traceback_only_no_test_failure,1746
185,traceback_in_exit0,traceback_only_no_test_failure,299
185,traceback_in_exit0,traceback_only_no_test_failure,3255
185,traceback_in_exit0,traceback_only_no_test_failure,137
186,traceback_in_exit0,traceback_only_no_test_failure,561
186,traceback_in_exit0,traceback_only_no_test_failure,845
186,traceback_in_exit0,traceback_only_no_test_failure,458
186,traceback_in_exit0,traceback_only_no_test_failure,2121
186,traceback_in_exit0,traceback_only_no_test_failure,293
186,traceback_in_exit0,traceback_only_no_test_failure,722
186,traceback_in_exit0,traceback_only_no_test_failure,1448
186,traceback_in_exit0,traceback_only_no_test_failure,590
186,traceback_in_exit0,traceback_only_no_test_failure,544
186,traceback_in_exit0,traceback_only_no_test_failure,549
186,traceback_in_exit0,traceback_only_no_test_failure,551
186,traceback_in_exit0,traceback_only_no_test_failure,541
186,traceback_in_exit0,traceback_only_no_test_failure,544
186,traceback_in_exit0,traceback_only_no_test_failure,2898
186,traceback_in_exit0,traceback_only_no_test_failure,547
186,traceback_in_exit0,traceback_only_no_test_failure,590
186,traceback_in_exit0,traceback_only_no_test_failure,2447
186,traceback_in_exit0,traceback_only_no_test_failure,135
186,traceback_in_exit0,traceback_only_no_test_failure,590
186,traceback_in_exit0,traceback_only_no_test_failure,544
186,traceback_in_exit0,traceback_only_no_test_failure,544
186,traceback_in_exit0,traceback_only_no_test_failure,1563
186,traceback_in_exit0,traceback_only_no_test_failure,537
186,traceback_in_exit0,traceback_only_no_test_failure,2423
186,traceback_in_exit0,traceback_only_no_test_failure,1263
186,traceback_in_exit0,traceback_only_no_test_failure,1636
186,traceback_in_exit0,traceback_only_no_test_failure,1588
186,traceback_in_exit0,traceback_only_no_test_failure,454
186,traceback_in_exit0,traceback_only_no_test_failure,741
186,traceback_in_exit0,traceback_only_no_test_failure,1303
186,traceback_in_exit0,traceback_only_no_test_failure,1335
186,traceback_in_exit0,traceback_only_no_test_failure,588
186,traceback_in_exit0,traceback_only_no_test_failure,1269
186,traceback_in_exit0,traceback_only_no_test_failure,529
186,traceback_in_exit0,traceback_only_no_test_failure,1271
186,traceback_in_exit0,traceback_only_no_test_failure,533
186,traceback_in_exit0,traceback_only_no_test_failure,1289
186,traceback_in_exit0,traceback_only_no_test_failure,1263
186,traceback_in_exit0,traceback_only_no_test_failure,602
186,traceback_in_exit0,traceback_only_no_test_failure,561
186,traceback_in_exit0,traceback_only_no_test_failure,1289
186,traceback_in_exit0,traceback_only_no_test_failure,560
186,traceback_in_exit0,traceback_only_no_test_failure,139
186,traceback_in_exit0,traceback_only_no_test_failure,582
186,traceback_in_exit0,traceback_only_no_test_failure,524
186,traceback_in_exit0,traceback_only_no_test_failure,1231
186,traceback_in_exit0,traceback_only_no_test_failure,282
186,traceback_in_exit0,traceback_only_no_test_failure,137
186,traceback_in_exit0,traceback_only_no_test_failure,174
186,traceback_in_exit0,traceback_only_no_test_failure,705
186,traceback_in_exit0,traceback_only_no_test_failure,370
186,traceback_in_exit0,traceback_only_no_test_failure,908
186,traceback_in_exit0,traceback_only_no_test_failure,1077
186,traceback_in_exit0,traceback_only_no_test_failure,3572
187,traceback_in_exit0,traceback_only_no_test_failure,343
187,traceback_in_exit0,traceback_only_no_test_failure,457
187,traceback_in_exit0,traceback_only_no_test_failure,379
187,traceback_in_exit0,traceback_only_no_test_failure,458
187,traceback_in_exit0,traceback_only_no_test_failure,295
187,traceback_in_exit0,traceback_only_no_test_failure,10541
187,traceback_in_exit0,traceback_only_no_test_failure,137
187,traceback_in_exit0,traceback_only_no_test_failure,140
188,traceback_in_exit0,traceback_only_no_test_failure,190
188,traceback_in_exit0,traceback_only_no_test_failure,922
188,traceback_in_exit0,traceback_only_no_test_failure,908
188,traceback_in_exit0,traceback_only_no_test_failure,931
188,traceback_in_exit0,traceback_only_no_test_failure,924
188,traceback_in_exit0,traceback_only_no_test_failure,1489
188,traceback_in_exit0,traceback_only_no_test_failure,438
188,traceback_in_exit0,traceback_only_no_test_failure,908
188,traceback_in_exit0,traceback_only_no_test_failure,367
188,traceback_in_exit0,traceback_only_no_test_failure,322
189,traceback_in_exit0,traceback_only_no_test_failure,278
189,traceback_in_exit0,traceback_only_no_test_failure,142
189,traceback_in_exit0,traceback_only_no_test_failure,772
189,traceback_in_exit0,traceback_only_no_test_failure,773
189,traceback_in_exit0,traceback_only_no_test_failure,221
189,tests_failed_in_exit0,unexplained_exit0_with_test_failure,3807
189,traceback_in_exit0,traceback_only_no_test_failure,262
190,traceback_in_exit0,traceback_only_no_test_failure,151
190,traceback_in_exit0,traceback_only_no_test_failure,151
190,traceback_in_exit0,traceback_only_no_test_failure,6178
190,traceback_in_exit0,traceback_only_no_test_failure,6197
190,traceback_in_exit0,traceback_only_no_test_failure,6170
190,traceback_in_exit0,traceback_only_no_test_failure,158
190,traceback_in_exit0,traceback_only_no_test_failure,6168
190,traceback_in_exit0,traceback_only_no_test_failure,6140
190,traceback_in_exit0,traceback_only_no_test_failure,6173
190,traceback_in_exit0,traceback_only_no_test_failure,6181
190,traceback_in_exit0,traceback_only_no_test_failure,10541
190,traceback_in_exit0,traceback_only_no_test_failure,6141
190,traceback_in_exit0,traceback_only_no_test_failure,6167
190,traceback_in_exit0,traceback_only_no_test_failure,296
190,traceback_in_exit0,traceback_only_no_test_failure,388
190,traceback_in_exit0,traceback_only_no_test_failure,334
190,traceback_in_exit0,traceback_only_no_test_failure,182
190,traceback_in_exit0,traceback_only_no_test_failure,295
190,traceback_in_exit0,traceback_only_no_test_failure,8408
190,traceback_in_exit0,traceback_only_no_test_failure,239
190,traceback_in_exit0,traceback_only_no_test_failure,297
191,traceback_in_exit0,traceback_only_no_test_failure,681
191,traceback_in_exit0,traceback_only_no_test_failure,414
191,traceback_in_exit0,traceback_only_no_test_failure,540
191,traceback_in_exit0,traceback_only_no_test_failure,823
191,traceback_in_exit0,traceback_only_no_test_failure,361
191,traceback_in_exit0,traceback_only_no_test_failure,271
191,traceback_in_exit0,traceback_only_no_test_failure,151
191,traceback_in_exit0,traceback_only_no_test_failure,1756
191,traceback_in_exit0,traceback_only_no_test_failure,421
191,traceback_in_exit0,traceback_only_no_test_failure,151
191,traceback_in_exit0,traceback_only_no_test_failure,177
191,traceback_in_exit0,traceback_only_no_test_failure,599
191,traceback_in_exit0,traceback_only_no_test_failure,5970
191,traceback_in_exit0,traceback_only_no_test_failure,151
191,traceback_in_exit0,traceback_only_no_test_failure,441
191,traceback_in_exit0,traceback_only_no_test_failure,264
191,traceback_in_exit0,traceback_only_no_test_failure,1232
191,traceback_in_exit0,traceback_only_no_test_failure,528
191,traceback_in_exit0,traceback_only_no_test_failure,212
191,traceback_in_exit0,traceback_only_no_test_failure,251
191,traceback_in_exit0,traceback_only_no_test_failure,206
191,traceback_in_exit0,traceback_only_no_test_failure,197
191,traceback_in_exit0,traceback_only_no_test_failure,507
191,traceback_in_exit0,traceback_only_no_test_failure,248
191,traceback_in_exit0,traceback_only_no_test_failure,317
191,traceback_in_exit0,traceback_only_no_test_failure,343
191,traceback_in_exit0,traceback_only_no_test_failure,541
191,traceback_in_exit0,traceback_only_no_test_failure,986
191,traceback_in_exit0,traceback_only_no_test_failure,374
191,traceback_in_exit0,traceback_only_no_test_failure,221
191,traceback_in_exit0,traceback_only_no_test_failure,243
191,traceback_in_exit0,traceback_only_no_test_failure,447
191,traceback_in_exit0,traceback_only_no_test_failure,324
191,traceback_in_exit0,traceback_only_no_test_failure,970
191,traceback_in_exit0,traceback_only_no_test_failure,226
191,traceback_in_exit0,traceback_only_no_test_failure,339
191,traceback_in_exit0,traceback_only_no_test_failure,454
191,traceback_in_exit0,traceback_only_no_test_failure,366
191,traceback_in_exit0,traceback_only_no_test_failure,489
191,traceback_in_exit0,traceback_only_no_test_failure,141
191,traceback_in_exit0,traceback_only_no_test_failure,478
191,traceback_in_exit0,traceback_only_no_test_failure,267
191,traceback_in_exit0,traceback_only_no_test_failure,1998
191,traceback_in_exit0,traceback_only_no_test_failure,336
191,traceback_in_exit0,traceback_only_no_test_failure,730
191,traceback_in_exit0,traceback_only_no_test_failure,425
191,traceback_in_exit0,traceback_only_no_test_failure,438
191,traceback_in_exit0,traceback_only_no_test_failure,439
191,traceback_in_exit0,traceback_only_no_test_failure,1087
191,traceback_in_exit0,traceback_only_no_test_failure,425
191,traceback_in_exit0,traceback_only_no_test_failure,505
191,traceback_in_exit0,traceback_only_no_test_failure,955
191,traceback_in_exit0,traceback_only_no_test_failure,1089
191,traceback_in_exit0,traceback_only_no_test_failure,406
191,traceback_in_exit0,traceback_only_no_test_failure,576
191,traceback_in_exit0,traceback_only_no_test_failure,1112
191,traceback_in_exit0,traceback_only_no_test_failure,445
191,traceback_in_exit0,traceback_only_no_test_failure,904
191,traceback_in_exit0,traceback_only_no_test_failure,352
191,traceback_in_exit0,traceback_only_no_test_failure,545
191,traceback_in_exit0,traceback_only_no_test_failure,422
191,traceback_in_exit0,traceback_only_no_test_failure,615
191,traceback_in_exit0,traceback_only_no_test_failure,1560
191,traceback_in_exit0,traceback_only_no_test_failure,194
192,traceback_in_exit0,traceback_only_no_test_failure,920
192,traceback_in_exit0,traceback_only_no_test_failure,1435
192,traceback_in_exit0,traceback_only_no_test_failure,123
192,traceback_in_exit0,traceback_only_no_test_failure,188
192,traceback_in_exit0,traceback_only_no_test_failure,189
192,traceback_in_exit0,traceback_only_no_test_failure,1276
193,traceback_in_exit0,traceback_only_no_test_failure,390
193,traceback_in_exit0,traceback_only_no_test_failure,365
193,traceback_in_exit0,traceback_only_no_test_failure,744
193,traceback_in_exit0,traceback_only_no_test_failure,480
193,traceback_in_exit0,traceback_only_no_test_failure,1121
193,traceback_in_exit0,traceback_only_no_test_failure,547
193,traceback_in_exit0,traceback_only_no_test_failure,993
193,traceback_in_exit0,traceback_only_no_test_failure,516
194,traceback_in_exit0,traceback_only_no_test_failure,300
194,traceback_in_exit0,traceback_only_no_test_failure,196
194,traceback_in_exit0,traceback_only_no_test_failure,414
194,traceback_in_exit0,traceback_only_no_test_failure,528
194,traceback_in_exit0,traceback_only_no_test_failure,354
194,traceback_in_exit0,traceback_only_no_test_failure,352
194,traceback_in_exit0,traceback_only_no_test_failure,272
194,traceback_in_exit0,traceback_only_no_test_failure,264
194,traceback_in_exit0,traceback_only_no_test_failure,331
194,traceback_in_exit0,traceback_only_no_test_failure,261
194,traceback_in_exit0,traceback_only_no_test_failure,143
194,traceback_in_exit0,traceback_only_no_test_failure,643
194,traceback_in_exit0,traceback_only_no_test_failure,253
194,traceback_in_exit0,traceback_only_no_test_failure,1335
194,traceback_in_exit0,traceback_only_no_test_failure,1556
195,traceback_in_exit0,traceback_only_no_test_failure,730
195,traceback_in_exit0,traceback_only_no_test_failure,4273
195,traceback_in_exit0,traceback_only_no_test_failure,461
195,traceback_in_exit0,traceback_only_no_test_failure,543
195,traceback_in_exit0,traceback_only_no_test_failure,248
196,traceback_in_exit0,traceback_only_no_test_failure,291
196,traceback_in_exit0,traceback_only_no_test_failure,1535
196,traceback_in_exit0,traceback_only_no_test_failure,143
196,traceback_in_exit0,traceback_only_no_test_failure,1535
196,traceback_in_exit0,traceback_only_no_test_failure,143
196,traceback_in_exit0,traceback_only_no_test_failure,143
196,traceback_in_exit0,traceback_only_no_test_failure,143
196,traceback_in_exit0,traceback_only_no_test_failure,1535
196,traceback_in_exit0,traceback_only_no_test_failure,1535
196,traceback_in_exit0,traceback_only_no_test_failure,2270
196,tests_failed_in_exit0,later_pass_supersedes_in_same_segment,1239
197,traceback_in_exit0,traceback_only_no_test_failure,1392
197,traceback_in_exit0,traceback_only_no_test_failure,393
197,traceback_in_exit0,traceback_only_no_test_failure,227
197,traceback_in_exit0,traceback_only_no_test_failure,1208
197,traceback_in_exit0,traceback_only_no_test_failure,448
197,tests_failed_in_exit0,unexplained_exit0_with_test_failure,682
197,traceback_in_exit0,traceback_only_no_test_failure,122
197,traceback_in_exit0,traceback_only_no_test_failure,181
197,traceback_in_exit0,traceback_only_no_test_failure,646
197,traceback_in_exit0,traceback_only_no_test_failure,144
197,traceback_in_exit0,traceback_only_no_test_failure,859
197,traceback_in_exit0,traceback_only_no_test_failure,156
198,traceback_in_exit0,traceback_only_no_test_failure,1130
198,traceback_in_exit0,traceback_only_no_test_failure,1814
198,traceback_in_exit0,traceback_only_no_test_failure,965
198,traceback_in_exit0,traceback_only_no_test_failure,561
198,traceback_in_exit0,traceback_only_no_test_failure,912
198,traceback_in_exit0,traceback_only_no_test_failure,933
198,traceback_in_exit0,traceback_only_no_test_failure,904
198,traceback_in_exit0,traceback_only_no_test_failure,1421
198,traceback_in_exit0,traceback_only_no_test_failure,290
198,traceback_in_exit0,traceback_only_no_test_failure,957
198,traceback_in_exit0,traceback_only_no_test_failure,577
198,traceback_in_exit0,traceback_only_no_test_failure,1183
198,traceback_in_exit0,traceback_only_no_test_failure,318
198,traceback_in_exit0,traceback_only_no_test_failure,1820
198,traceback_in_exit0,traceback_only_no_test_failure,1270
198,traceback_in_exit0,traceback_only_no_test_failure,920
198,traceback_in_exit0,traceback_only_no_test_failure,1352
198,traceback_in_exit0,traceback_only_no_test_failure,920
198,traceback_in_exit0,traceback_only_no_test_failure,2100
198,traceback_in_exit0,traceback_only_no_test_failure,1140
198,traceback_in_exit0,traceback_only_no_test_failure,1719
198,traceback_in_exit0,traceback_only_no_test_failure,2134
198,traceback_in_exit0,traceback_only_no_test_failure,328
198,traceback_in_exit0,traceback_only_no_test_failure,949
198,traceback_in_exit0,traceback_only_no_test_failure,930
198,traceback_in_exit0,traceback_only_no_test_failure,461
198,traceback_in_exit0,traceback_only_no_test_failure,969
198,traceback_in_exit0,traceback_only_no_test_failure,933
198,traceback_in_exit0,traceback_only_no_test_failure,535
198,traceback_in_exit0,traceback_only_no_test_failure,904
198,traceback_in_exit0,traceback_only_no_test_failure,904
198,traceback_in_exit0,traceback_only_no_test_failure,802
198,traceback_in_exit0,traceback_only_no_test_failure,268
198,traceback_in_exit0,traceback_only_no_test_failure,2871
198,traceback_in_exit0,traceback_only_no_test_failure,140
198,traceback_in_exit0,traceback_only_no_test_failure,119
198,traceback_in_exit0,traceback_only_no_test_failure,127
198,traceback_in_exit0,traceback_only_no_test_failure,119
198,traceback_in_exit0,traceback_only_no_test_failure,145
198,traceback_in_exit0,traceback_only_no_test_failure,627
198,traceback_in_exit0,traceback_only_no_test_failure,128
198,traceback_in_exit0,traceback_only_no_test_failure,255
198,traceback_in_exit0,traceback_only_no_test_failure,198
198,traceback_in_exit0,traceback_only_no_test_failure,959
198,traceback_in_exit0,traceback_only_no_test_failure,256
198,traceback_in_exit0,traceback_only_no_test_failure,994
198,traceback_in_exit0,traceback_only_no_test_failure,127
198,traceback_in_exit0,traceback_only_no_test_failure,198
198,traceback_in_exit0,traceback_only_no_test_failure,252
198,traceback_in_exit0,traceback_only_no_test_failure,191
198,traceback_in_exit0,traceback_only_no_test_failure,137
198,traceback_in_exit0,traceback_only_no_test_failure,417
199,traceback_in_exit0,traceback_only_no_test_failure,2018
199,traceback_in_exit0,traceback_only_no_test_failure,276
199,traceback_in_exit0,traceback_only_no_test_failure,146
199,traceback_in_exit0,traceback_only_no_test_failure,97
199,traceback_in_exit0,traceback_only_no_test_failure,166
200,traceback_in_exit0,traceback_only_no_test_failure,1021
200,traceback_in_exit0,traceback_only_no_test_failure,360
200,traceback_in_exit0,traceback_only_no_test_failure,3120
200,traceback_in_exit0,traceback_only_no_test_failure,583
200,traceback_in_exit0,traceback_only_no_test_failure,184
200,traceback_in_exit0,traceback_only_no_test_failure,148
200,traceback_in_exit0,traceback_only_no_test_failure,1007
200,traceback_in_exit0,traceback_only_no_test_failure,124
200,traceback_in_exit0,traceback_only_no_test_failure,798
200,traceback_in_exit0,traceback_only_no_test_failure,252
200,traceback_in_exit0,traceback_only_no_test_failure,192
200,traceback_in_exit0,traceback_only_no_test_failure,544
200,traceback_in_exit0,traceback_only_no_test_failure,189
200,traceback_in_exit0,traceback_only_no_test_failure,381
200,tests_failed_in_exit0,unexplained_exit0_with_test_failure,516
200,traceback_in_exit0,traceback_only_no_test_failure,433
200,traceback_in_exit0,traceback_only_no_test_failure,953
200,tests_failed_in_exit0,unexplained_exit0_with_test_failure,8807
200,tests_failed_in_exit0,unexplained_exit0_with_test_failure,4597
200,tests_failed_in_exit0,unexplained_exit0_with_test_failure,570
200,tests_failed_in_exit0,unexplained_exit0_with_test_failure,4599
200,tests_failed_in_exit0,unexplained_exit0_with_test_failure,1150
