run,run_id,step_key,training_step,val/avg_group_performance_post_filter,val/avg_group_performance_pre_filter,scores,val/sequence_lengths,tools/aggregate/avg_calls_per_rollout,tools/aggregate/failure_rate,debug/dppo_mask_frac_kept,debug/vllm_vs_local_logprob_diff_mean,debug/vllm_local_reverse_kl,debug/vllm_vs_local_logprob_diff_max,debug/vllm_vs_local_logprob_diff_std
production-dppo,cfb5az1a,training_step,1,0.3802083432674408,0.3802083432674408,0.5703125,12913.5,29.44140625,0.0006633939337916672,0.9999705754703702,0.008355643571121618,0.0001679740460076573,0.4599391594529152,0.021699771983549
production-dppo,cfb5az1a,training_step,2,0.3173076808452606,0.3173076808452606,0.515625,9284.3359375,19.5078125,0.007408890873193741,0.9999693575142106,0.006327288703687373,3.736379434826631e-05,0.5171417221426964,0.02007465361384675
production-dppo,cfb5az1a,training_step,3,0.33906251192092896,0.33906251192092896,0.72265625,8689.15234375,25.94921875,0.000602137588430196,0.9999763768942378,0.0067366329894866794,9.828477840301275e-05,0.3574821949005127,0.01897849456872791
production-dppo,cfb5az1a,training_step,4,0.3671875,0.3671875,0.609375,10651.16796875,25.72265625,0.0004555808554869145,0.9999414009560949,0.00734332567662932,4.917049045616295e-05,0.4623435027897358,0.02160249906592071
production-dppo,cfb5az1a,training_step,5,0.5286458134651184,0.5286458134651184,0.54296875,12362.3671875,22.6328125,0.0017259233864024282,0.9998796719101214,0.007402884133625776,1.991737647166758e-05,0.38191672042012215,0.019601081148721278
production-dppo,cfb5az1a,training_step,6,0.45588234066963196,0.45588234066963196,0.71875,13097.4765625,29.01171875,0.0008078631944954395,0.9999250215573531,0.005821042635943741,0.00011570338418209758,0.46348923444747925,0.018639306304976344
production-dppo,cfb5az1a,training_step,7,0.24835526943206787,0.24835526943206787,0.58984375,16210.04296875,33.60546875,0.0005811926093883812,0.9994730568280764,0.009991232887841761,-1.8681888267479962e-05,0.6111463010311127,0.027060282416641712
production-dppo,cfb5az1a,training_step,8,0.2586805522441864,0.2586805522441864,0.58203125,12725.23828125,32.640625,0.00023934897035360336,0.9995407900195606,0.008048453164519742,-2.655235056181482e-05,0.652480024844408,0.02537894935812801
production-dppo,cfb5az1a,training_step,9,0.19901315867900848,0.19901315867900848,0.34765625,22298.296875,37.83984375,0.003819552017375827,0.9995202672613319,0.008232756110373884,0.00037660258885807707,0.5013670027256012,0.023962538107298315
production-dppo,cfb5az1a,training_step,10,0.453125,0.453125,0.4296875,16968.65625,39.05078125,0.0037011103704571724,0.9996563736401449,0.010871618724195287,0.0003087431771291449,0.7944237440824509,0.02972989424597472
production-dppo,cfb5az1a,training_step,11,0.4756944477558136,0.4756944477558136,0.6953125,12896.64453125,28.69921875,0.0006805498851463199,0.9998884479955672,0.00855434124241583,-8.579731314739547e-06,0.4940982386469841,0.023269290220923722
production-dppo,cfb5az1a,training_step,12,0.3014705777168274,0.3014705777168274,0.640625,16606.69921875,30.734375,0.0034316217061132193,0.9995164882267736,0.011704338219715282,0.00015253341894094774,0.4838339388370514,0.028960372204892337
production-dppo,cfb5az1a,training_step,13,0.4302884638309479,0.4302884638309479,0.69921875,9869.6875,21.55859375,0.0039862291887402534,0.9997811424531389,0.008698791149072349,-0.00018106995298694528,0.5790423452854156,0.027784799225628376
production-dppo,cfb5az1a,training_step,14,0.3920454680919647,0.3920454680919647,0.5390625,15722.953125,32.25,0.0009689922444522381,0.9990455953410518,0.01345407182816416,1.4385338758415855e-05,0.5584627315402031,0.03219408984296024
production-dppo,cfb5az1a,training_step,15,0.4749999940395355,0.4749999940395355,0.59375,8249.73046875,22.6015625,0.003283788450062275,0.9995349320804588,0.010900877852691337,-4.2275800126390095e-05,0.6568700894713402,0.03158720280043781
production-dppo,cfb5az1a,training_step,16,0.29326921701431274,0.29326921701431274,0.4765625,21404.6171875,36.89453125,0.0013763896422460675,0.999569557172704,0.009142098715528846,0.0003762222595184994,0.5979526154696941,0.027496084687300026
production-dppo,cfb5az1a,training_step,17,0.5,0.5,0.625,10375.6875,21.2734375,0.0007344839978031814,0.999482281346278,0.010463299375260249,4.8390418101007526e-05,0.5378593616187572,0.02685395546723157
production-dppo,cfb5az1a,training_step,18,0.5681818127632141,0.5681818127632141,0.6875,15827.3203125,25.0703125,0.0018697413615882397,0.9996429650906358,0.011833527911221609,0.00010175447314964003,0.5332783311605453,0.029106170986779034
production-dppo,cfb5az1a,training_step,19,0.349702388048172,0.349702388048172,0.66796875,13759.86328125,24.62890625,0.006026962772011757,0.9999328884899249,0.010002353898016736,9.586605733602482e-05,0.7781159654259682,0.028771249344572425
production-dppo,cfb5az1a,training_step,20,0.4545454680919647,0.4545454680919647,0.5,20439.5859375,34.859375,0.006275212857872248,0.9999287784372819,0.008690678863786161,0.0001194331844089902,0.523892231285572,0.023113431059755385
production-dppo,cfb5az1a,training_step,21,0.6696428656578064,0.6696428656578064,0.671875,9687.41015625,21.85546875,0.002502234186977148,0.9999188635060969,0.009585925261490047,0.00022362977745160606,0.47415146604180336,0.024837826960720122
production-dppo,cfb5az1a,training_step,22,0.4791666567325592,0.4791666567325592,0.59375,18357.40625,28.43359375,0.0008242890471592546,0.9999305570257082,0.007345486345002428,0.00016652689157581335,0.5873216688632965,0.022667610261123627
production-dppo,cfb5az1a,training_step,23,0.3100961446762085,0.3100961446762085,0.50390625,14270.96875,33.4765625,0.000933488889131695,0.9998848632370341,0.010548189660767093,0.0003445639594019667,0.9298244379460812,0.030363655416294932
production-dppo,cfb5az1a,training_step,24,0.38486841320991516,0.38486841320991516,0.7890625,15592.9609375,24.08203125,0.003081914037466049,0.9998923825196319,0.011598964454606175,0.0004120159246667754,0.50216044485569,0.029195178882218897
production-dppo,cfb5az1a,training_step,25,0.5477941036224365,0.5477941036224365,0.6640625,16805.0859375,32.0859375,0.0012174336006864905,0.999867761393289,0.013651804270921275,0.0006345448764477624,0.6720037385821342,0.03257116989698261
production-dppo,cfb5az1a,training_step,26,0.3258928656578064,0.3258928656578064,0.5703125,19895.48828125,28.5703125,0.0010937927290797234,0.9999009359215457,0.0061923875764478,0.00012608629339183608,0.5295707918703556,0.020863447221927345
production-dppo,cfb5az1a,training_step,27,0.4754464328289032,0.4754464328289032,0.58203125,13350.46875,27.59765625,0.002972399117425084,0.9998830232971103,0.010047308140201494,6.361321482017956e-05,0.7681936360895634,0.02818978892173618
production-dppo,cfb5az1a,training_step,28,0.38701921701431274,0.38701921701431274,0.50390625,20340.55859375,35.25390625,0.003545706393197179,0.9998952385173089,0.00914815577561967,6.44918764862723e-05,0.45243219658732414,0.025205836864188313
production-dppo,cfb5az1a,training_step,29,0.47159090638160706,0.47159090638160706,0.5234375,16358.62109375,22.90625,0.004604365676641464,0.9999178494765547,0.009461042645853013,-1.4919020145498507e-05,0.5035945698618889,0.026083047385327518
production-dppo,cfb5az1a,training_step,30,0.4399038553237915,0.4399038553237915,0.71484375,10488.56640625,19.12109375,0.0010214505018666387,0.9998675214036736,0.009809103852603585,-0.00016881958981684875,0.5048315972089767,0.027277655201032758
production-dppo,cfb5az1a,training_step,31,0.29326921701431274,0.29326921701431274,0.4765625,10492.67578125,23.609375,0.0038054268807172775,0.9998996864660441,0.01083986257435754,2.995699185248668e-05,0.5228016898036003,0.027908811694942415
production-dppo,cfb5az1a,training_step,32,0.3504464328289032,0.3504464328289032,0.61328125,13541.25390625,25.7890625,0.004392608068883419,0.9998802476039177,0.011184969858732074,-0.00015558456152575673,0.8469460494816303,0.033510760054923594
production-dppo,cfb5az1a,training_step,33,0.5028409361839294,0.5028409361839294,0.69140625,7265.2890625,15.79296875,0.002226069802418351,0.9998434730349748,0.009697645320557058,-3.685771571326768e-05,0.5320176109671593,0.026134237181395292
production-dppo,cfb5az1a,training_step,34,0.5833333134651184,0.5833333134651184,0.65625,14706.12109375,27.73828125,0.0011266019428148866,0.9999273699141147,0.009453851671423763,-0.00017607726965707116,0.46643921732902527,0.0233012082753703
production-dppo,cfb5az1a,training_step,35,0.5959821343421936,0.5959821343421936,0.91796875,12529.74609375,27.640625,0.0009892594534903765,0.999925757498448,0.009763217181898654,-0.00014945112114617132,0.7392917275428772,0.027515670051798224
production-dppo,cfb5az1a,training_step,36,0.35624998807907104,0.35624998807907104,0.54296875,21242.91796875,35.18359375,0.0005551237845793366,0.9999149251077494,0.008773249894147739,-0.00028354899114901855,0.43986688554286957,0.023264324059709907
production-dppo,cfb5az1a,training_step,37,0.6057692170143127,0.6057692170143127,0.734375,9832.546875,25.00390625,0.004374316427856684,0.9999150902172013,0.010221742413705215,-0.00025071819715094534,0.37762250006198883,0.02507912612054497
production-dppo,cfb5az1a,training_step,38,0.4801136255264282,0.4801136255264282,0.41015625,17605.3125,27.0078125,0.008388776332139969,0.9999323406893498,0.00900545745389536,-0.0002626304155342041,0.47979268431663513,0.023852501763030887
production-dppo,cfb5az1a,training_step,39,0.5602678656578064,0.5602678656578064,0.73046875,15598.6484375,26.6328125,0.004400117322802544,0.9999121097547472,0.007822663377737626,-0.00014109657945482468,0.5443575829267502,0.024986884789541364
production-dppo,cfb5az1a,training_step,40,0.44951921701431274,0.44951921701431274,0.73046875,17428.5234375,27.90234375,0.0020999580156058073,0.999915548581197,0.008112286479445174,-0.0002302570776464563,0.5522266663610935,0.024244793341495097
production-dppo,cfb5az1a,training_step,41,0.5568181872367859,0.5568181872367859,0.765625,12114.89453125,23.8671875,0.0006546644726768136,0.9999139295747832,0.011881824844749644,-0.0002991394969740213,0.49054572358727455,0.02940946421585977
production-dppo,cfb5az1a,training_step,42,0.4464285671710968,0.4464285671710968,0.65625,14775.23046875,30.13671875,0.0016850291285663843,0.999933767581431,0.009179956978186965,-0.0001576943745931203,0.4185812696814537,0.023034275276586413
production-dppo,cfb5az1a,training_step,43,0.78125,0.78125,0.7265625,14153.234375,26.37109375,0.00014812620065640658,0.9999468741123742,0.010823427350260317,-0.00033255130483667017,0.40897706151008606,0.024959746282547712
production-dppo,cfb5az1a,training_step,44,0.33639705181121826,0.33639705181121826,0.46484375,17458.6796875,31.625,0.002223320072516799,0.9999193126198731,0.008602118556154892,-0.0002581123098934768,0.6253317818045616,0.026461538509465754
production-dppo,cfb5az1a,training_step,45,0.5979166626930237,0.5979166626930237,0.87109375,10146.09765625,22.06640625,0.0014161798171699047,0.9999521896500863,0.010677075013518333,-0.00037569960977634764,0.48802652209997177,0.026270307484082878
production-dppo,cfb5az1a,training_step,46,0.4959239065647125,0.4959239065647125,0.67578125,12512.9765625,26.1171875,0.0035895900800824165,0.9999311638338448,0.011360988457454368,-0.000618193583250104,0.557905912399292,0.029090217663906515
production-dppo,cfb5az1a,training_step,47,0.535937488079071,0.535937488079071,0.71484375,20898.48046875,35.6328125,0.00032887523411773145,0.9999398957240563,0.011317200522171333,-0.00025797152295581327,0.5744432434439659,0.028134155552834272
production-dppo,cfb5az1a,training_step,48,0.43149039149284363,0.43149039149284363,0.52734375,17338.5703125,32,0.0030517578125,0.9999233395056006,0.008374091659788974,-0.0001540942756861341,0.44736555218696594,0.022938653477467597
production-dppo,cfb5az1a,training_step,49,0.6746323704719543,0.6746323704719543,0.80859375,10278.5,22.62890625,0.002416709903627634,0.9999406181463187,0.007559477089671418,-0.00015596002094753203,0.5024799481034279,0.02404291578568518
production-dppo,cfb5az1a,training_step,50,0.345703125,0.345703125,0.56640625,17170.0234375,29.8828125,0.004183006472885609,0.9999315072705279,0.009207792609231547,-0.00028316256953075936,0.4863126650452614,0.02479767974000424
production-dppo,cfb5az1a,training_step,51,0.5,0.5,0.6875,10813.0625,21.42578125,0.0014585232129320502,0.9998821608807834,0.009209167707012966,-0.00022521921698626102,0.6133125498890877,0.026058778748847544
production-dppo,cfb5az1a,training_step,52,0.3333333432674408,0.3333333432674408,0.75,8499.30859375,19.4375,0.0010048231342807412,0.9999052161596568,0.010202203033259138,-9.89614511581749e-06,0.43634231202304363,0.025519526680000126
production-dppo,cfb5az1a,training_step,53,0.3020833432674408,0.3020833432674408,0.453125,9818.3515625,17.52734375,0.00824604369699955,0.9999196199259536,0.011931417946470901,-2.2362675906606455e-05,0.6142831966280937,0.029196670278906822
production-dppo,cfb5az1a,training_step,54,0.4869791567325592,0.4869791567325592,0.73046875,14202.421875,24.18359375,0.000161524789291434,0.9999004437951136,0.007564718835055828,2.967668290665415e-06,0.4165031909942627,0.02255917328875512
production-dppo,cfb5az1a,training_step,55,0.4079861044883728,0.4079861044883728,0.66796875,12853.94140625,27.98046875,0.0002792126324493438,0.9999260128440153,0.011219217733014375,-8.643074068004353e-05,0.4503968581557274,0.028800509753637016
production-dppo,cfb5az1a,training_step,56,0.3854166567325592,0.3854166567325592,0.4921875,17248.81640625,30.078125,0.0031168831046670675,0.9999249969789508,0.008197030052542686,5.298731731784301e-05,0.474541999399662,0.022989889374002814
production-dppo,cfb5az1a,training_step,57,0.4348958432674408,0.4348958432674408,0.52734375,17464.45703125,32.421875,0.0030120480805635452,0.9999289735558085,0.007023990954621695,0.00012554115022567203,0.46805625408887863,0.020308817154727876
production-dppo,cfb5az1a,training_step,58,0.5520833134651184,0.5520833134651184,0.578125,18012.6640625,25.4140625,0.003381493967026472,0.9998997369014151,0.00847219384741038,0.00023480640948037035,0.598310224711895,0.024655503570102155
production-dppo,cfb5az1a,training_step,59,0.26953125,0.26953125,0.4140625,18822.84765625,36.8203125,0.0058349245227873325,0.9999033174174149,0.00892709571053274,0.000285325847016793,0.5383340492844582,0.023725071572698653
production-dppo,cfb5az1a,training_step,60,0.29567307233810425,0.29567307233810425,0.48046875,15393.2109375,25.76953125,0.002728512976318598,0.9998954621346449,0.009111171326367185,0.00027888936801900854,0.5384606495499611,0.024950083694420755
production-dppo,cfb5az1a,training_step,61,0.503125011920929,0.503125011920929,0.62890625,12261.48046875,22.921875,0.0022154056932777166,0.9999068189166387,0.008827171695884317,0.00028279451180424076,0.5033200532197952,0.024033620255067945
production-dppo,cfb5az1a,training_step,62,0.4635416567325592,0.4635416567325592,0.6953125,14315.76171875,23.64453125,0.0019824879709631205,0.9999217406547566,0.007160616834880784,0.00024197787524826708,0.43775153160095215,0.020873942878097296
production-dppo,cfb5az1a,training_step,63,0.4196428656578064,0.4196428656578064,0.734375,10186.52734375,25.39453125,0.00015382248966488987,0.9998667442626019,0.009007576067233458,0.00033007319098032895,0.456631351262331,0.02470114396419376
production-dppo,cfb5az1a,training_step,64,0.5892857313156128,0.5892857313156128,0.65625,12300.74609375,25.8125,0.0010593220358714461,0.9998766281190381,0.011239144107094035,0.0005217901707510464,0.7080203592777252,0.029661972541362047
production-dppo,cfb5az1a,training_step,65,0.1672794073820114,0.1672794073820114,0.35546875,12802.27734375,29.46875,0.004639448598027229,0.9998734495425841,0.013373522378969938,0.000659005807392532,0.48049668222665787,0.030140050337649882
production-dppo,cfb5az1a,training_step,66,0.71875,0.71875,0.73828125,9959.9375,18.1640625,0.0021505376789718866,0.9998817838942484,0.010873384861042723,0.0005539881603908725,0.5624333843588829,0.02682274451944977
production-dppo,cfb5az1a,training_step,67,0.5895833373069763,0.5895833373069763,0.60546875,13248.265625,24.6953125,0,0.9999299356154867,0.010834269603947178,0.00047126964545896044,0.5101089775562286,0.027490655309520662
production-dppo,cfb5az1a,training_step,68,0.5697115659713745,0.5697115659713745,0.67578125,16994.38671875,26.7734375,0.0027721039950847626,0.9999168797651202,0.007764325622702017,0.0003750896657948033,0.40199117362499237,0.02029522869270295
production-dppo,cfb5az1a,training_step,69,0.6484375,0.6484375,0.6484375,11283.93359375,23.4453125,0.002332555828616023,0.9998889740152707,0.011205217684619129,0.0004359492399998999,0.5517522767186165,0.029014045954681933
production-dppo,cfb5az1a,training_step,70,0.5198863744735718,0.5198863744735718,0.71484375,14867.82421875,24.16796875,0.0017779214540496469,0.999890374504872,0.009998035500757396,0.0003648051970230881,0.5115987546741962,0.02730610128492117
production-dppo,cfb5az1a,training_step,71,0.2879464328289032,0.2879464328289032,0.37890625,15089.859375,26.4765625,0.0008852168684825301,0.9998226439151161,0.013252763426862657,0.0003628850718087051,0.5572768934071064,0.03112654748838395
production-dppo,cfb5az1a,training_step,72,0.5426136255264282,0.5426136255264282,0.74609375,13062.63671875,22.46875,0.0022600835654884577,0.9997900922736671,0.012408263544784859,0.00033004103909206606,0.5616979598999023,0.03110596991609782
production-dppo,cfb5az1a,training_step,73,0.4166666567325592,0.4166666567325592,0.65625,16215.55078125,23.078125,0.0038930263835936785,0.9999033096966081,0.0111172417527996,0.00019417211024119752,0.540361575782299,0.02758786070626229
production-dppo,cfb5az1a,training_step,74,0.5104166865348816,0.5104166865348816,0.6484375,12902.08984375,25.796875,0.0021199272014200687,0.9999029266200691,0.009307440530392341,0.0002069899846901535,0.48655278980731964,0.023518666857853532
production-dppo,cfb5az1a,training_step,75,0.55027174949646,0.55027174949646,0.70703125,12332.4296875,26.09765625,0.000748390972148627,0.9999340596429721,0.011551195580977947,0.00042886466439995274,0.534574780613184,0.02779322536662221
production-dppo,cfb5az1a,training_step,76,0.4359374940395355,0.4359374940395355,0.58984375,13723.36328125,26.23046875,0.00223380490206182,0.9998952770432571,0.010140701109776273,0.000326592970168349,0.46878066286444664,0.026804906083270907
production-dppo,cfb5az1a,training_step,77,0.5753676295280457,0.5753676295280457,0.72265625,14513.75,26.66796875,0.004980225581675768,0.9998900114171391,0.008497690956573933,0.00015398852758607973,0.4866471514105797,0.022270308225415647
production-dppo,cfb5az1a,training_step,78,0.5602678656578064,0.5602678656578064,0.73046875,16466.92578125,29.31640625,0.0005329780397005379,0.9999152630254241,0.009704826079541817,0.00027998034749998624,0.5411999598145485,0.02559059695340693
production-dppo,cfb5az1a,training_step,79,0.537109375,0.537109375,0.69921875,13362.265625,25.23046875,0.0012385818408802152,0.9999259941583043,0.010659542138455436,4.9695214386247244e-05,0.5057707577943802,0.02741226542275399
production-dppo,cfb5az1a,training_step,80,0.4209558963775635,0.4209558963775635,0.39453125,15325.3828125,26.265625,0.0034205829724669456,0.9999383924901889,0.007434310973621905,8.63971944795594e-05,0.44180067628622055,0.020894963527098298
production-dppo,cfb5az1a,training_step,81,0.337890625,0.337890625,0.55078125,11579.05078125,24.2734375,0.0053105889819562435,0.9999260733914381,0.010084468580316752,0.0002510047452233266,0.4176255725324154,0.02501637872774154
production-dppo,cfb5az1a,training_step,82,0.5200892686843872,0.5200892686843872,0.66015625,12979.64453125,20.2421875,0.007912003435194492,0.999910964114967,0.011557281628483906,0.0001916200585583283,0.6828597113490105,0.029544747434556484
production-dppo,cfb5az1a,training_step,83,0.47265625,0.47265625,0.6953125,14745.6640625,20.52734375,0.004757374059408903,0.999884100330057,0.01266341147129424,-0.0001994047820517153,0.7148272320628166,0.029111492331139743
production-dppo,cfb5az1a,training_step,84,0.63671875,0.63671875,0.63671875,10915.92578125,18.765625,0.00020815986499655992,0.9997855760927131,0.010614419996272773,-0.0004492829175433144,0.7086194381117821,0.03058141504880041
production-dppo,cfb5az1a,training_step,85,0.6302083134651184,0.6302083134651184,0.6953125,13388.4140625,21.48046875,0.0010911074932664633,0.9998933161141168,0.008217683818656951,-0.0004630069570339401,0.4085478335618973,0.022205803194083273
production-dppo,cfb5az1a,training_step,86,0.6383928656578064,0.6383928656578064,0.7421875,11501.76171875,23.6875,0.0019788919016718864,0.9999168674032869,0.011595826712436974,-0.0006064140115995542,0.534502424299717,0.0287508083274588
production-dppo,cfb5az1a,training_step,87,0.6160714030265808,0.6160714030265808,0.6171875,16591.12890625,24.22265625,0.0012901144800707698,0.9999072999542722,0.010742274345830083,-0.00037148707633605227,0.5891969874501228,0.025588619173504412
production-dppo,cfb5az1a,training_step,88,0.451171875,0.451171875,0.52734375,14617.05078125,24.4140625,0.0009599999757483602,0.9999203014835403,0.011481370020192116,-9.57492514430669e-05,0.4444063976407051,0.026005409890785813
production-dppo,cfb5az1a,training_step,89,0.5953124761581421,0.5953124761581421,0.61328125,22419.03125,32.16015625,0.003036560257896781,0.9999294536927675,0.012176683667348698,-7.737629958626258e-05,0.49613965302705765,0.027693982585333288
production-dppo,cfb5az1a,training_step,90,0.5406249761581421,0.5406249761581421,0.7265625,19074.2421875,25.2421875,0.0038687712512910366,0.9999211522459515,0.01137130503775552,4.4770865137877536e-05,0.48596668243408203,0.027449662215076387
production-dppo,cfb5az1a,training_step,91,0.5817307829856873,0.5817307829856873,0.765625,15221.8203125,25.5234375,0.0032139576505869627,0.9999246059603978,0.010718470497522503,-0.00022617736379970665,0.4310987964272499,0.025241202674806118
production-dppo,cfb5az1a,training_step,92,0.5625,0.5625,0.578125,17612.2578125,30.5703125,0.0005111168138682842,0.9998990287121264,0.00900037624523975,-0.0002823288996296469,0.46755703911185265,0.022820633137598634
production-dppo,cfb5az1a,training_step,93,0.6672794222831726,0.6672794222831726,0.79296875,13173.4453125,21.31640625,0.0003665017429739237,0.9998923931566374,0.011590890091611072,-0.0003559723863872932,0.49087123945355415,0.02794229530263692
production-dppo,cfb5az1a,training_step,94,0.809374988079071,0.809374988079071,0.76171875,12011.6328125,19.65234375,0.00019876763690263033,0.9998950591557285,0.011881759157404304,-0.0006624611432926031,0.5688285008072853,0.030043167411349714
production-dppo,cfb5az1a,training_step,95,0.564338207244873,0.564338207244873,0.57421875,15744.0625,26.69921875,0.0007315289112739265,0.9998764239902832,0.010259381786454469,-0.0004713140656349424,0.5343068391084671,0.02889204560779035
production-dppo,cfb5az1a,training_step,96,0.3975694477558136,0.3975694477558136,0.64453125,18041.41796875,26.6171875,0.0005870267050340772,0.9998765400489069,0.010989682748913765,-0.00012090772429473873,0.5067624822258949,0.027534735156223178
production-dppo,cfb5az1a,training_step,97,0.6333333253860474,0.6333333253860474,0.6875,14058.6015625,21.31640625,0.0012827561004087329,0.9999265903007587,0.009902238962240517,4.602488758109757e-06,0.5028127506375313,0.02510262036230415
production-dppo,cfb5az1a,training_step,98,0.59765625,0.59765625,0.5703125,18135.2578125,28.54296875,0.001915970933623612,0.999908711963578,0.012129353068303317,-0.00017422668673816588,0.47125014662742615,0.027386339264921844
production-dppo,cfb5az1a,training_step,99,0.5708333253860474,0.5708333253860474,0.8203125,16251.3359375,25.0546875,0.0006236357730813324,0.9999229021239474,0.008613554644398391,-0.0003136466314686004,0.4152143970131874,0.023936184821650386
production-dppo,cfb5az1a,training_step,100,0.5833333134651184,0.5833333134651184,0.59375,20266.4609375,29.23828125,0.0018704074900597334,0.9999018206293419,0.012401594198308885,-0.0007644753027307161,0.517135351896286,0.029256012989208102
production-dppo,cfb5az1a,training_step,101,0.5145833492279053,0.5145833492279053,0.71484375,17383.16015625,24.4609375,0.0023954007774591446,0.9998915993058699,0.01121253689052537,-0.0006771793136977067,0.6108622401952744,0.029550658422522247
production-dppo,cfb5az1a,training_step,102,0.539402186870575,0.539402186870575,0.55078125,14863.03125,21.2734375,0.000918105011805892,0.9998839327206195,0.0110000359127298,-0.0004815886388769286,0.5291060209274292,0.027566003263927996
production-dppo,cfb5az1a,training_step,103,0.5504807829856873,0.5504807829856873,0.76953125,16809.44140625,26.53125,0.0020612485241144896,0.999798288916873,0.01243930184864439,-0.00036628840780394967,0.496958963572979,0.029053088859654963
production-dppo,cfb5az1a,training_step,104,0.6604166626930237,0.6604166626930237,0.61328125,14342.5546875,22.0234375,0.003369989339262247,0.9999013068111343,0.008845986594678834,-2.4086303028525435e-05,0.5553727895021439,0.026065202546305954
production-dppo,cfb5az1a,training_step,105,0.6036184430122375,0.6036184430122375,0.68359375,15947.9140625,27.70703125,0.0012688565766438842,0.9998539762629156,0.01105875252687838,0.00048323592091037426,0.6011672727763653,0.027954334393143654
production-dppo,cfb5az1a,training_step,106,0.8083333373069763,0.8083333373069763,0.765625,13586.46484375,18.140625,0.0015073212562128901,0.9998518695233247,0.009296447213273495,0.0006421609577955678,0.5382086858153343,0.026526952628046274
production-dppo,cfb5az1a,training_step,107,0.6850961446762085,0.6850961446762085,0.73828125,16955.13671875,27.8671875,0.001121390494517982,0.999891590370149,0.010554324893746525,0.0003983151104876015,0.49668680131435394,0.02694024797528982
production-dppo,cfb5az1a,training_step,108,0.6026785969734192,0.6026785969734192,0.70703125,17048.625,27.4765625,0.001279499614611268,0.9999088339447904,0.009269685135222971,-3.688744584451342e-05,0.4798467457294464,0.024658514303155243
production-dppo,cfb5az1a,training_step,109,0.6778846383094788,0.6778846383094788,0.828125,14381.9296875,19.98828125,0.0015634160954505205,0.9998941074786221,0.0071871775144245476,0.00013917152570286362,0.3799046501517296,0.021505796466954052
production-dppo,cfb5az1a,training_step,110,0.6378676295280457,0.6378676295280457,0.60546875,16497.69921875,28.890625,0.0016224986175075173,0.9998837884444214,0.011892656213603914,0.00047098919276322704,0.42836877703666687,0.025406633270904422
production-dppo,cfb5az1a,training_step,111,0.5531250238418579,0.5531250238418579,0.5078125,22125.94921875,27.5,0.0025568180717527866,0.9999040117205121,0.010632543795509264,0.0006465054830187,0.5153256859630346,0.025932767312042415
production-dppo,cfb5az1a,training_step,112,0.47265625,0.47265625,0.6953125,18451.9453125,25.921875,0.0031645570416003466,0.9998965633997922,0.010147292137844488,0.0005228896179687581,0.69926418364048,0.029714494361542165
production-dppo,cfb5az1a,training_step,113,0.5024999976158142,0.5024999976158142,0.5703125,20763.06640625,29.42578125,0.0031859816517680883,0.9998887295320805,0.009380729024996981,0.00031307299377658637,0.4544202387332916,0.023560759029351175
production-dppo,cfb5az1a,training_step,114,0.6145833134651184,0.6145833134651184,0.7578125,17754.3046875,23.73046875,0.003950617276132107,0.9999342709473709,0.009526485489914194,0.00041649811282695737,0.5759037863463163,0.02529199724085629
production-dppo,cfb5az1a,training_step,115,0.6237980723381042,0.6237980723381042,0.52734375,20068.08203125,29.3828125,0.005317734554409981,0.9999041041744569,0.011093791690655053,0.00046237346850830363,0.552816953510046,0.026234361343085766
production-dppo,cfb5az1a,training_step,116,0.5553977489471436,0.5553977489471436,0.65234375,23993.640625,30.35546875,0.0011581521248444915,0.9999075441524432,0.009923423087457195,0.0004822633297933976,0.538498230278492,0.024692383711226285
production-dppo,cfb5az1a,training_step,117,0.4670138955116272,0.4670138955116272,0.55078125,18799.98046875,26.5703125,0.002793296007439494,0.99992564672608,0.012838211201597005,0.0003388363531939831,0.490633487701416,0.027478576288558543
production-dppo,cfb5az1a,training_step,118,0.5104166865348816,0.5104166865348816,0.70703125,18886.59765625,30.06640625,0.0010393660049885511,0.9998911904302688,0.012698077014647424,-6.822395614136667e-05,0.5742945298552513,0.0278843455016613
production-dppo,cfb5az1a,training_step,119,0.6069079041481018,0.6069079041481018,0.69140625,16255.86328125,23.66015625,0.0013207858428359032,0.999873885362384,0.007638319279067218,0.00010850001024209632,0.3650891184806824,0.02097648219205439
production-dppo,cfb5az1a,training_step,120,0.5104166865348816,0.5104166865348816,0.58984375,19882.5078125,26.46484375,0.0020664206240326166,0.9999075939192574,0.012864726479165256,0.0003999332220132601,0.5418994128704071,0.028920338139869273
production-dppo,cfb5az1a,training_step,121,0.4958333373069763,0.4958333373069763,0.4296875,20411.453125,27.4453125,0.004554511979222298,0.999888980179064,0.013395065849181265,0.0007081818057486089,0.4951525405049324,0.029582503135316074
production-dppo,cfb5az1a,training_step,122,0.38749998807907104,0.38749998807907104,0.59375,22895.34375,38.26953125,0.0024497294798493385,0.9998975577710133,0.012373422272503376,0.00045038346638648363,0.5217087045311928,0.02777519845403731
production-dppo,cfb5az1a,training_step,123,0.6971153616905212,0.6971153616905212,0.6328125,15027.0546875,17.84765625,0.0037207265850156546,0.9998955697817318,0.007454538834281266,0.0002624982178076607,0.5118879787623882,0.023949489113874733
production-dppo,cfb5az1a,training_step,124,0.6470588445663452,0.6470588445663452,0.75,13425.8984375,19.15234375,0.002243524417281151,0.9999009655714155,0.010697815392632037,0.00031606317111965154,0.4979899227619171,0.028280557482503355
production-dppo,cfb5az1a,training_step,125,0.6916666626930237,0.6916666626930237,0.796875,20416.6640625,27.36328125,0.000856531027238816,0.9998882957451588,0.01029237563489005,-7.317296547171281e-05,0.5583592280745506,0.027897213818505406
production-dppo,cfb5az1a,training_step,126,0.4319852888584137,0.4319852888584137,0.66796875,19286.6484375,24.71875,0.0011061946861445904,0.9998948278823073,0.01509205246111378,-0.0006850570316601079,0.639705378562212,0.03441691899206489
production-dppo,cfb5az1a,training_step,127,0.419921875,0.419921875,0.58984375,17050.1484375,26.19140625,0.0023862789385020733,0.9998974598601342,0.011213284567929804,-0.0004485219442358357,0.48571982234716415,0.026311404071748257
production-dppo,cfb5az1a,training_step,128,0.53125,0.53125,0.64453125,14889.17578125,21.84765625,0.0048274630680680275,0.9998099223475834,0.01268330414313823,-0.0005202806805755245,0.7635334879159927,0.031549806939437985
production-dppo,cfb5az1a,training_step,129,0.7157257795333862,0.7157257795333862,0.7734375,19630.03125,30.31640625,0.0016750418581068516,0.9998516863759255,0.016463560867123306,-0.0010144545522052795,0.7136338502168655,0.03816162166185677
production-dppo,cfb5az1a,training_step,130,0.5482954382896423,0.5482954382896423,0.62890625,22661.765625,36.07421875,0.0005414184997789562,0.9998739617000578,0.01274955552071333,-0.0003178556952434519,0.4907438922673464,0.030727814650163054
production-dppo,cfb5az1a,training_step,131,0.5520833134651184,0.5520833134651184,0.578125,20414.234375,23.59765625,0.0008276775479316711,0.9998222388149405,0.011284054489806294,3.092886953481866e-05,0.555531270802021,0.02923954778816551
production-dppo,cfb5az1a,training_step,132,0.6145833134651184,0.6145833134651184,0.546875,23532.109375,33.57421875,0.000581733591388911,0.9997938237881384,0.013120180636178702,-0.00027145729819721964,0.5051155500113964,0.029852349311113358
production-dppo,cfb5az1a,training_step,133,0.5848214030265808,0.5848214030265808,0.6484375,15456.98046875,22.6796875,0.0024112986866384745,0.9996942793671693,0.01386687412741594,-0.0005600666481768712,0.6338893100619316,0.03690172918140888
production-dppo,cfb5az1a,training_step,134,0.65625,0.65625,0.88671875,10886.69140625,22.11328125,0.00017664724146015942,0.9996632240500746,0.01520520297344774,-0.0008342414494109107,0.609113771468401,0.03784392599482089
production-dppo,cfb5az1a,training_step,135,0.6517857313156128,0.6517857313156128,0.65625,12450.171875,18.00390625,0.00021696680050808936,0.9998169750878512,0.013210594246629626,-0.0007629634546901798,0.6225912347435951,0.034627761924639344
production-dppo,cfb5az1a,training_step,136,0.7784090638160706,0.7784090638160706,0.765625,15491.6171875,23.875,0.001308900536969304,0.9998461538856357,0.013029893540078774,-0.0008061214466579258,0.7080459669232368,0.03281903173774481
production-dppo,cfb5az1a,training_step,137,0.7250000238418579,0.7250000238418579,0.734375,11605.90625,17.78125,0.0013181018875911832,0.999890699084669,0.012288990430533886,-0.0005299025115164113,0.6257523521780968,0.031446173903532326
production-dppo,cfb5az1a,training_step,138,0.7150735259056091,0.7150735259056091,0.64453125,16698.40234375,20.50390625,0.0026671746745705605,0.999904764487189,0.011881674407050014,-0.0006731391513312701,0.4668917879462242,0.028993787826038897
production-dppo,cfb5az1a,training_step,139,0.581845223903656,0.581845223903656,0.65234375,15905.4453125,20.81640625,0.002251829719170928,0.9998758365938486,0.011719651432940736,-0.0008502948439854663,0.5479843318462372,0.030164268566295505
production-dppo,cfb5az1a,training_step,140,0.5347222089767456,0.5347222089767456,0.703125,14007.41796875,19.67578125,0.0009926543571054935,0.9998555258855644,0.013570792158134282,-0.0009119277310674079,0.6253327392041683,0.033248924068175256
production-dppo,cfb5az1a,training_step,141,0.5379464030265808,0.5379464030265808,0.69140625,19976.98046875,24.609375,0.003809523768723011,0.9997139866284509,0.014652317913714796,-0.0013550309995480347,0.7616535574197769,0.03919009305536747
production-dppo,cfb5az1a,training_step,142,0.5855262875556946,0.5855262875556946,0.640625,17532.16015625,24.94140625,0.0025058730971068144,0.9997154119194088,0.011987568461336195,-0.0009337081710327766,0.7251492068171501,0.03457877703476697
production-dppo,cfb5az1a,training_step,143,0.5349264740943909,0.5349264740943909,0.63671875,19996.11328125,16.9453125,0.0016136468620970845,0.9997245292187866,0.015219393419101834,-0.0013180048663343769,0.6019031032919884,0.03620283619966358
production-dppo,cfb5az1a,training_step,144,0.490234375,0.490234375,0.73046875,13936.44921875,17.0390625,0.0018340210663154721,0.9998087345556181,0.012856358400313184,-0.000740778606314052,0.5725909024477005,0.03396709181834012
production-dppo,cfb5az1a,training_step,145,0.5089285969734192,0.5089285969734192,0.640625,19517.7734375,26.59375,0.0022032903507351875,0.9997355788180052,0.01353973988443613,-0.001061450615452486,0.7132302224636078,0.035640013637021184
production-dppo,cfb5az1a,training_step,146,0.4854166805744171,0.4854166805744171,0.66015625,18807.15625,25.484375,0.000766401004511863,0.9995256033231632,0.01695812027901411,-0.001413691286188623,0.7340739667415619,0.04163319570943713
production-dppo,cfb5az1a,training_step,147,0.515625,0.515625,0.65625,15077.8515625,23.0546875,0.004913588520139456,0.9996253980412918,0.014215161965694278,-0.0017600193714315537,0.7528194338083267,0.03766970266588032
production-dppo,cfb5az1a,training_step,148,0.5989583134651184,0.5989583134651184,0.5234375,14038.57421875,22.33203125,0.004547839984297752,0.9996660119421927,0.016177305078599602,-0.0022184407207532786,0.7691662013530731,0.04247130244038999
production-dppo,cfb5az1a,training_step,149,0.3232758641242981,0.3232758641242981,0.421875,14507.90234375,19.51171875,0.007007007021456957,0.9996800079847575,0.01194872209453024,-0.0010157029009860707,0.6434600502252579,0.03360838652588427
production-dppo,cfb5az1a,training_step,150,0.609375,0.609375,0.87109375,13196.75,20.46875,0.0005725190858356655,0.9998377459470349,0.008870115474564955,-0.0003582172944334161,0.608927896246314,0.028672612737864256
production-dppo,cfb5az1a,training_step,151,0.6380208134651184,0.6380208134651184,0.58203125,19329.6484375,24.1953125,0.004681950435042381,0.9996830416517126,0.010548322054091841,-0.0001775073823182538,0.5614569932222366,0.030019232188351452
production-dppo,cfb5az1a,training_step,152,0.45913460850715637,0.45913460850715637,0.62109375,23000.3515625,24.4609375,0.0015969339292496443,0.9995563213874876,0.013927021471317858,0.0003006070440960684,0.7097076624631882,0.035711921635083854
production-dppo,cfb5az1a,training_step,153,0.5805920958518982,0.5805920958518982,0.62890625,22385.984375,25.4453125,0.001995701575651765,0.9996825413453797,0.01337973098270595,0.0008819856520858593,0.6109103187918663,0.03449836059007794
production-dppo,cfb5az1a,training_step,154,0.6194853186607361,0.6194853186607361,0.81640625,15789.05859375,22.7578125,0.0012015104293823242,0.9997182147561525,0.013713157793972641,0.0012168741959612817,0.6527682691812515,0.03544280841015279
production-dppo,cfb5az1a,training_step,155,0.510869562625885,0.510869562625885,0.59375,15562.46484375,21.89453125,0.005709188058972359,0.999677066819472,0.011851326911710203,0.001370339286950184,0.5841302946209908,0.0314355333102867
production-dppo,cfb5az1a,training_step,156,0.5340909361839294,0.5340909361839294,0.59375,20539.4296875,27.14453125,0.0046049789525568485,0.9996249847192576,0.014577895461115986,0.0021876620303373784,0.5995828062295914,0.035481841303408146
production-dppo,cfb5az1a,training_step,157,0.4895833432674408,0.4895833432674408,0.59375,22783.23046875,24.1328125,0.003075429005548358,0.999800640698405,0.010239103256026283,0.0007084578496687755,0.5178364664316177,0.026873669237829745
production-dppo,cfb5az1a,training_step,158,0.6475694179534912,0.6475694179534912,0.83203125,14172.140625,18.6328125,0.003144653979688883,0.999873479789136,0.011005512875271961,0.00036247485388685163,0.46990604884922504,0.027798159630037844
production-dppo,cfb5az1a,training_step,159,0.6705729365348816,0.6705729365348816,0.76171875,21166.64453125,25.38671875,0.0007693491061218083,0.9998235004606826,0.010369232972152531,0.0007880902321630856,0.5519358441233635,0.027814913191832602
production-dppo,cfb5az1a,training_step,160,0.5669642686843872,0.5669642686843872,0.73828125,22708.359375,27.59765625,0.0019815994892269373,0.9998156040078291,0.012517601775471121,0.001036831468809396,0.6409085169434547,0.032431284547783434
production-dppo,cfb5az1a,training_step,161,0.4828124940395355,0.4828124940395355,0.58203125,18653.20703125,25.00390625,0.0014060302637517452,0.9997632825806128,0.011820592102594674,0.0012487911717471434,0.5100692566484213,0.03064462507609278
production-dppo,cfb5az1a,training_step,162,0.5497685074806213,0.5497685074806213,0.60546875,21507.2578125,22.5703125,0.00017307026428170502,0.9998090776354663,0.008817701484076679,0.0007453513171640225,0.39811649918556213,0.022215193253941834
production-dppo,cfb5az1a,training_step,163,0.4513888955116272,0.4513888955116272,0.640625,19138.703125,24.98828125,0.002970142289996147,0.99981660224999,0.009997591201681644,0.000708569366906886,0.603388100862503,0.027398395002819598
production-dppo,cfb5az1a,training_step,164,0.5888158082962036,0.5888158082962036,0.6484375,21376.2734375,25.00390625,0.0028120605275034904,0.9997340885686099,0.012399243016261607,0.0006922248903720174,0.7433883920311928,0.03314773191232234
production-dppo,cfb5az1a,training_step,165,0.66847825050354,0.66847825050354,0.671875,16753.18359375,25.046875,0.0015595757868140936,0.999778969265632,0.012611184676643461,0.00021833625854128513,0.6739564575254917,0.030843826243653893
production-dppo,cfb5az1a,training_step,166,0.626358687877655,0.626358687877655,0.55078125,21642.09375,27.1640625,0.003307448932901025,0.9997074753306159,0.013085163402138278,0.0003855949968283312,0.5825368575751781,0.03426262561697513
production-dppo,cfb5az1a,training_step,167,0.39780405163764954,0.39780405163764954,0.33984375,20976.20703125,24.4921875,0.0057416269555687904,0.9997913077526336,0.012238900904776528,0.0004810299981272692,0.7173009514808655,0.032049453468061984
production-dppo,cfb5az1a,training_step,168,0.7529761791229248,0.7529761791229248,0.8515625,15973.6484375,21.86328125,0.00017866714915726334,0.9998720157848251,0.01076083947555162,0.0004616082305801683,0.684424601495266,0.029933404293842614
production-dppo,cfb5az1a,training_step,169,0.4149305522441864,0.4149305522441864,0.55859375,19465.16796875,31.84375,0.0031894014682620764,0.9997326100580975,0.013849187002051622,0.0001129540229385384,0.8631910234689713,0.03424774657469243
production-dppo,cfb5az1a,training_step,170,0.846875011920929,0.846875011920929,0.80859375,15382.46484375,20.0703125,0.00233553908765316,0.9996594051784655,0.01455168763641268,-0.00012870624323113589,0.6503536254167557,0.03565394214820117
production-dppo,cfb5az1a,training_step,171,0.6156250238418579,0.6156250238418579,0.5390625,20846,26.2578125,0.001636417699046433,0.9995887241233454,0.013999800314195454,-0.000904156422620872,0.8054535239934921,0.03789579449221492
production-dppo,cfb5az1a,training_step,172,0.5290178656578064,0.5290178656578064,0.67578125,18747.4140625,23.2109375,0.0011780544882640243,0.9998042697559052,0.01057948629022576,-0.0010429969515826087,0.5969306230545044,0.029983223299495876
production-dppo,cfb5az1a,training_step,173,0.625,0.625,0.8125,21656.64453125,22.92578125,0.0015334810595959425,0.9996962890403347,0.012166218424681574,-0.001103044214687543,0.7426993772387505,0.03344712103717029
production-dppo,cfb5az1a,training_step,174,0.6551339030265808,0.6551339030265808,0.66796875,16555.0625,22.453125,0.0029575503431260586,0.9997914118354654,0.010836523259058595,-0.00047508658508377266,0.4498453512787819,0.02579423040151596
production-dppo,cfb5az1a,training_step,175,0.6840277910232544,0.6840277910232544,0.80859375,21443.3046875,29.7109375,0.000657375727314502,0.9997236291608447,0.010403102380223572,6.652390766248573e-05,0.5199068449437618,0.02881147467996925
production-dppo,cfb5az1a,training_step,176,0.5252976417541504,0.5252976417541504,0.62890625,23108.765625,34.58984375,0.0021456803660839796,0.9997831434482787,0.010986225970555097,0.00024248642830571043,0.5922106504440308,0.02926258323714137
production-dppo,cfb5az1a,training_step,177,0.5128676295280457,0.5128676295280457,0.58984375,18279.54296875,24.8203125,0.0020459552761167288,0.9997656906724601,0.0147110344551038,0.0004229341388963803,0.6277563497424126,0.035334467655047774
production-dppo,cfb5az1a,training_step,178,0.585597813129425,0.585597813129425,0.68359375,21161.3828125,24.81640625,0.0031481189653277397,0.9996750002919523,0.013869881426217034,0.0006273100389080355,0.883461594581604,0.035988689633086324
production-dppo,cfb5az1a,training_step,179,0.6000000238418579,0.6000000238418579,0.625,18178.37890625,25.078125,0.0031152646988630295,0.9996935389778318,0.012900641595479101,0.0005189571720620734,0.5982309095561504,0.031925322371535
production-dppo,cfb5az1a,training_step,180,0.612500011920929,0.612500011920929,0.65625,20722.01953125,28.42578125,0.0016490311827510595,0.9997613338981199,0.013066200539469719,0.00030894835242634144,0.5494169779121876,0.03381439368240535
production-dppo,cfb5az1a,training_step,181,0.49531251192092896,0.49531251192092896,0.61328125,15591.73828125,26.9453125,0.0033342998940497637,0.9998011552478935,0.010523918259423226,-0.00014224804415985393,0.6253400854766369,0.02977079025004059
production-dppo,cfb5az1a,training_step,182,0.5921875238418579,0.5921875238418579,0.48046875,17973.6953125,24.09765625,0.0024315123446285725,0.9997490877772839,0.012531380809377879,0.00015369396717801465,0.5578211918473244,0.030331460176967084
production-dppo,cfb5az1a,training_step,183,0.5698529481887817,0.5698529481887817,0.5859375,18298.2890625,25.9765625,0.004661654122173786,0.999651611246715,0.011865568201756105,-7.550553890212086e-05,0.9086085185408592,0.03524705127347261
production-dppo,cfb5az1a,training_step,184,0.4359374940395355,0.4359374940395355,0.58984375,16277.0078125,27.07421875,0.0010099553037434816,0.9997660323088778,0.011666397447697818,-0.0002305041261365659,0.539533369243145,0.030890565481968224
production-dppo,cfb5az1a,training_step,185,0.7095588445663452,0.7095588445663452,0.6328125,19357.60546875,27.515625,0.0026973311323672533,0.9996944009912353,0.012167668784968555,-0.0003363982687005773,0.6398895047605038,0.03372492699418217
production-dppo,cfb5az1a,training_step,186,0.6785714030265808,0.6785714030265808,0.5625,16757.8828125,23.76171875,0.005918132606893778,0.9995980725247671,0.013215738697908819,-0.0003915051911462797,0.7557519413530827,0.03744263853877783
production-dppo,cfb5az1a,training_step,187,0.6183035969734192,0.6183035969734192,0.58203125,17655.93359375,22.26953125,0.001578670460730791,0.9991786187734638,0.01721915596863255,-0.0002752795012384013,0.7868127524852753,0.04474149248562753
production-dppo,cfb5az1a,training_step,188,0.5833333134651184,0.5833333134651184,0.8125,16925.12890625,26.40625,0.000739644980058074,0.9995782225664144,0.014451790193561465,-0.0006519981579913292,0.7538322508335114,0.03884576307609677
production-dppo,cfb5az1a,training_step,189,0.7467105388641357,0.7467105388641357,0.7734375,17286.52734375,26.26171875,0.001041201874613762,0.9994826482849328,0.015007709851488471,-0.0009413964216946624,0.774907186627388,0.04165820009075105
production-dppo,cfb5az1a,training_step,190,0.5756579041481018,0.5756579041481018,0.4921875,16313.9921875,24.54296875,0.0022282348945736885,0.99972288155316,0.008980755024822429,-0.00025439079763600603,0.6197758093476295,0.027183434111066163
production-dppo,cfb5az1a,training_step,191,0.5817307829856873,0.5817307829856873,0.4453125,25562.9765625,30.85546875,0.0017723762430250645,0.9996352438274072,0.01342327453312464,-0.00025627234975900137,0.6302333921194077,0.03357663645874709
production-dppo,cfb5az1a,training_step,192,0.6895833611488342,0.6895833611488342,0.79296875,14374.19921875,23.1484375,0.0010124873369932175,0.9996863649481691,0.01402922801207751,-0.00019610252229540492,0.6598653346300125,0.03486238268669695
production-dppo,cfb5az1a,training_step,193,0.6586538553237915,0.6586538553237915,0.4453125,19258.63671875,27.37890625,0.0024254529271274805,0.9995757562137233,0.015000073064584285,-0.00046744139869758783,0.8019145168364048,0.038843195885419846
production-dppo,cfb5az1a,training_step,194,0.5277777910232544,0.5277777910232544,0.6875,18601.63671875,24.82421875,0.0023603462614119053,0.9995761631272068,0.013469483179505914,-0.0007768032883177511,0.6425086781382561,0.03484185412526131
production-dppo,cfb5az1a,training_step,195,0.6754807829856873,0.6754807829856873,0.72265625,20337.2890625,24.70703125,0.0009486165945418179,0.9996730280176754,0.01660866674501449,-0.0007145411036617588,0.7272117473185062,0.04008408891968429
production-dppo,cfb5az1a,training_step,196,0.5057565569877625,0.5057565569877625,0.65234375,19774.15625,30.26171875,0.0015489866491407156,0.9997329186520951,0.011897763644810766,0.000520481050671151,0.5833672992885113,0.03174672368913889
production-dppo,cfb5az1a,training_step,197,0.5895833373069763,0.5895833373069763,0.60546875,19855.08203125,24.65234375,0.004278244450688362,0.9995971906168772,0.012468905770219862,0.000984342283118167,0.6401175409555435,0.033419659826904535
production-dppo,cfb5az1a,training_step,198,0.4522058963775635,0.4522058963775635,0.7109375,20714.05859375,22.30078125,0.0012261341325938702,0.9994428650195388,0.014368994627147913,0.000820747773104813,0.6615437269210815,0.036206928198225796
production-dppo,cfb5az1a,training_step,199,0.5348557829856873,0.5348557829856873,0.61328125,18433.7109375,28.921875,0.0025661804247647524,0.9993920717273665,0.014810699969530106,0.0006933294361033404,0.890304684638977,0.039616506663151085
production-dppo,cfb5az1a,training_step,200,0.43359375,0.43359375,0.4921875,19598.703125,26.46484375,0.0010332103120163083,0.9995901967372862,0.013505079201422632,0.0009585972784407204,0.633153636008501,0.03621021762955934
production-dppo,cfb5az1a,training_step,201,0.501838207244873,0.501838207244873,0.56640625,19699.57421875,27.87890625,0.004343561828136444,0.9995505578000028,0.013541186111979187,0.0007126623095246032,0.6630328819155693,0.03678359685000032
production-dppo,cfb5az1a,training_step,202,0.634765625,0.634765625,0.51953125,22360.38671875,28.01171875,0.0016734068049117923,0.9996206621409521,0.011392432934371755,0.000886877369339345,0.6524021290242672,0.03220321820117533
production-dppo,cfb5az1a,training_step,203,0.4955357015132904,0.4955357015132904,0.6171875,22697.92578125,22.15625,0.0038787024095654488,0.9996236656514377,0.014070419012568891,0.0019513863589963876,0.7360528036952019,0.035456369863823056
production-dppo,cfb5az1a,training_step,204,0.6067708134651184,0.6067708134651184,0.66015625,18516.09375,23.79296875,0.005417829379439354,0.9995903658246837,0.01352186017902568,0.0023508154226874467,0.7736238241195679,0.03778484440408647
production-dppo,cfb5az1a,training_step,205,0.66796875,0.66796875,0.7109375,17000.05078125,24.25390625,0.003221130697056651,0.9991490819140469,0.016101087094284594,0.003531569760525599,0.8043901287019253,0.04201554460451007
production-dppo,cfb5az1a,training_step,206,0.7270833253860474,0.7270833253860474,0.73828125,18239.50390625,21.35546875,0.0003658313653431833,0.9997724144564792,0.010224245255813003,0.0008689507103554206,0.6400026828050613,0.029008387704379857
production-dppo,cfb5az1a,training_step,207,0.7291666865348816,0.7291666865348816,0.734375,15045.76953125,23.4296875,0.002667555818334222,0.999396800757802,0.012846627156250179,-0.0004464332585030206,0.6634598076343536,0.03462225361727178
production-dppo,cfb5az1a,training_step,208,0.7692307829856873,0.7692307829856873,0.75,17355.82421875,32.1953125,0.0014559573028236628,0.9987082485412306,0.020318870549090207,-0.0019797923605437973,1.1142594888806343,0.05356589239090681
production-dppo,cfb5az1a,training_step,209,0.6654411554336548,0.6654411554336548,0.6640625,17385.09375,23.23046875,0.0001681520079728216,0.9997719794297801,0.012082830653525889,0.0006148649295028008,0.5726536139845848,0.0312608681851998
production-dppo,cfb5az1a,training_step,210,0.46875,0.46875,0.51171875,19081.66015625,25.6171875,0.001524855149909854,0.999779603809115,0.011854791140649468,0.0010729448549682274,0.5189671739935875,0.030673915171064436
production-dppo,cfb5az1a,training_step,211,0.5551470518112183,0.5551470518112183,0.5546875,19633.109375,28.22265625,0.002629757858812809,0.9996080547811245,0.01353965315502137,0.0013067053878330626,0.7074148431420326,0.03538112202659249
production-dppo,cfb5az1a,training_step,212,0.46562498807907104,0.46562498807907104,0.6640625,21077.32421875,25.58984375,0,0.999852002700463,0.01137184802792035,0.0010302782866347115,0.5401473119854927,0.029593780520372093
production-dppo,cfb5az1a,training_step,213,0.5625,0.5625,0.578125,23563.63671875,31.96484375,0.0015886593610048294,0.9998484685686491,0.010270695900544524,0.0010683297223295085,0.49810582399368286,0.025624125730246305
production-dppo,cfb5az1a,training_step,214,0.48557692766189575,0.48557692766189575,0.6640625,17799.9375,21.98828125,0.002664771629497409,0.9998962460401316,0.008089995011687279,0.0008390051916649099,0.437665618956089,0.023663558764383197
production-dppo,cfb5az1a,training_step,215,0.6139705777168274,0.6139705777168274,0.8046875,18916.08984375,27.453125,0.0017074558418244123,0.9998793781793546,0.00975915155140683,0.0008753543515922502,0.5027450621128082,0.02641428099013865
production-dppo,cfb5az1a,training_step,216,0.6852678656578064,0.6852678656578064,0.69921875,16281.51953125,20.953125,0.002796420594677329,0.999846362659996,0.011392962449463084,0.0009529206363367848,0.6169234737753868,0.030799721251241863
production-dppo,cfb5az1a,training_step,217,0.521484375,0.521484375,0.66796875,23383.44140625,25.47265625,0.0016868578968569636,0.9997738323526182,0.009780099440831691,0.0006648674971074797,0.6086036115884781,0.026665576733648777
production-dppo,cfb5az1a,training_step,218,0.703125,0.703125,0.65625,17161.34765625,21.0859375,0.0016672841738909483,0.999773107715236,0.00980819805408828,0.0007618480376549996,0.7094588354229927,0.03039605193771422
production-dppo,cfb5az1a,training_step,219,0.675000011920929,0.675000011920929,0.6875,14289.2421875,23.56640625,0.0008287750533781946,0.9998468128056639,0.012421200633980334,0.0008319265416503185,1.017683681100607,0.034261665190570056
production-dppo,cfb5az1a,training_step,220,0.59375,0.59375,0.7109375,15162.01171875,22.703125,0.006194081157445908,0.9998480702949503,0.011598599114222452,0.0005789824635940022,0.589227482676506,0.030066239298321307
production-dppo,cfb5az1a,training_step,221,0.6319444179534912,0.6319444179534912,0.6328125,19391.17578125,25.76953125,0.0019705926533788443,0.999882598886544,0.009605962957721204,0.00038101370591903105,0.458822563290596,0.026394535438157618
production-dppo,cfb5az1a,training_step,222,0.4754464328289032,0.4754464328289032,0.45703125,16091.390625,24.515625,0.00669216038659215,0.9998456960591562,0.010033811267931014,0.00042995403782697394,0.48779257386922836,0.027203822392039
production-dppo,cfb5az1a,training_step,223,0.667187511920929,0.667187511920929,0.66796875,20597.80078125,22.08203125,0.0033610472455620766,0.9998441030636022,0.011547179368790239,0.000615964519965928,0.48201414942741394,0.02978241548407823
production-dppo,cfb5az1a,training_step,224,0.42527174949645996,0.42527174949645996,0.59765625,18040.46875,25.0625,0.004987531341612339,0.9998869573599288,0.011466346157249063,0.000711922048139968,0.7039140611886978,0.031022014212794602
production-dppo,cfb5az1a,training_step,225,0.7265625,0.7265625,0.828125,17859.46484375,23.640625,0.0006609385600313544,0.9998727436579656,0.010416049335617572,0.0007108113295544172,0.6485988795757294,0.02823953959159553
production-dppo,cfb5az1a,training_step,226,0.5718749761581421,0.5718749761581421,0.5546875,17227.7890625,21.48046875,0.0030914712697267532,0.9998768312740853,0.014435575401876122,0.0010744424180302303,0.6152330338954926,0.03257840033620596
production-dppo,cfb5az1a,training_step,227,0.637499988079071,0.637499988079071,0.6171875,17499.30859375,21.53515625,0.0036277889739722013,0.9998313882761752,0.012209883250761777,0.0011690835381159559,0.5964145734906197,0.030896411160938442
production-dppo,cfb5az1a,training_step,228,0.6807065010070801,0.6807065010070801,0.83203125,15728.875,21.7421875,0.0017966222949326038,0.9999146467991317,0.010332469391869381,0.000757430245357682,0.6079778783023357,0.027941086562350392
production-dppo,cfb5az1a,training_step,229,0.5625,0.5625,0.578125,21634.5390625,23.37109375,0.001504262094385922,0.9997414839093284,0.0124619510024786,0.000884923865669407,0.5810347609221935,0.029947979608550668
production-dppo,cfb5az1a,training_step,230,0.6150568127632141,0.6150568127632141,0.69140625,18672.04296875,26.26953125,0.0013382899342104793,0.9998589082808035,0.011599737918004394,0.0007792100113874767,0.6876080892980099,0.030096405767835677
production-dppo,cfb5az1a,training_step,231,0.44972825050354004,0.44972825050354004,0.66796875,17669.36328125,24.0859375,0.002757054753601551,0.9999108136045973,0.011180420406162739,0.00046500182997988304,0.4205631613731384,0.026314535760320723
production-dppo,cfb5az1a,training_step,232,0.6634615659713745,0.6634615659713745,0.703125,15632.89453125,23.7421875,0.004606778733432293,0.9999172026776199,0.009837638586759567,0.0004608169319908484,0.5141493603587151,0.025635547121055424
production-dppo,cfb5az1a,training_step,233,0.5267857313156128,0.5267857313156128,0.546875,19116.1171875,23.37890625,0.0028404344338923693,0.9998970547823014,0.011124310491140932,0.0005340362658898812,0.6044775694608688,0.02761233935598284
production-dppo,cfb5az1a,training_step,234,0.5127840638160706,0.5127840638160706,0.53515625,19925.140625,24.71484375,0.001422475092113018,0.9998891817781828,0.011805326241301373,0.0007039786578388885,0.4731922149658203,0.029023483279161155
production-dppo,cfb5az1a,training_step,235,0.5390625,0.5390625,0.578125,18933.9921875,26.921875,0.0005803830572403967,0.9998654375383755,0.011586720123887062,0.0008409919719269965,0.5435581207275391,0.02871908212546259
production-dppo,cfb5az1a,training_step,236,0.5024999976158142,0.5024999976158142,0.6953125,18516.53515625,25.12109375,0.0015549680683761835,0.9998796667988947,0.01100490806857124,0.0006445581902880804,0.5243102703243494,0.027320271474309266
production-dppo,cfb5az1a,training_step,237,0.5390625,0.5390625,0.76171875,20059.6171875,25.0546875,0.003429996781051159,0.999922456548869,0.00896613675286062,0.0006314154945812334,0.6368251368403435,0.025205476908013225
production-dppo,cfb5az1a,training_step,238,0.528124988079071,0.528124988079071,0.5703125,22184.8125,26.47265625,0.0013280212879180908,0.9999254838139552,0.010388208756921813,0.0005819049747515237,0.579267218708992,0.02619176311418414
production-dppo,cfb5az1a,training_step,239,0.31066176295280457,0.31066176295280457,0.53515625,18103.3671875,21.7265625,0.013484357856214046,0.99992032902471,0.0105693832738325,0.0006401991668099072,0.4331801272928715,0.025073342490941286
production-dppo,cfb5az1a,training_step,240,0.6625000238418579,0.6625000238418579,0.703125,10578.8359375,16.18359375,0.01641322672367096,0.9999006070104743,0.01104357690201141,0.0007406867252939264,0.4721100777387619,0.02800059341825545
production-dppo,cfb5az1a,training_step,241,0.5065789222717285,0.5065789222717285,0.578125,15063.31640625,23.01953125,0.004412014037370682,0.999824630941231,0.014029165788087994,0.0011400966468499973,0.6394258290529251,0.03372287412639707
production-dppo,cfb5az1a,training_step,242,0.5874999761581421,0.5874999761581421,0.7109375,18870.7578125,24.1015625,0.003565640188753605,0.9998565904155751,0.013147286546882242,0.0007734021273790859,0.5675121024250984,0.03141927206888795
production-dppo,cfb5az1a,training_step,243,0.591911792755127,0.591911792755127,0.7578125,16754.79296875,23.4453125,0.000833055644761771,0.9999168370807543,0.011501592700369656,0.000552639581655967,0.6769687458872795,0.03004870575387031
production-dppo,cfb5az1a,training_step,244,0.7023026347160339,0.7023026347160339,0.66796875,22203.453125,26.4375,0.0013297871919348836,0.999896426027951,0.01026230922434479,0.00026180673205544736,0.5954267829656601,0.026603857753798366
production-dppo,cfb5az1a,training_step,245,0.625,0.625,0.640625,20852.25,27.30859375,0.005292518995702267,0.9998929836366961,0.013661065662745386,0.0002392896394667332,0.6648427993059158,0.03245459741447121
production-dppo,cfb5az1a,training_step,246,0.6238839030265808,0.6238839030265808,0.55859375,20801.46875,25.203125,0.0029448233544826508,0.9998766599821072,0.013304177613463253,0.00013733571799434685,0.595831848680973,0.030879060621373355
production-dppo,cfb5az1a,training_step,247,0.5454545617103577,0.5454545617103577,0.625,19137.875,24.28125,0.000965250947047025,0.9998525407543294,0.009877141244942322,2.9528134746215073e-05,0.6028870046138763,0.028212083503603935
production-dppo,cfb5az1a,training_step,248,0.7796875238418579,0.7796875238418579,0.82421875,19014.765625,27.23046875,0.0010041601490229368,0.9998785545230772,0.010975651501212269,-0.00010568228103124966,0.6194098144769669,0.028439637157134712
production-dppo,cfb5az1a,training_step,249,0.4732142984867096,0.4732142984867096,0.578125,16489.2890625,21.6953125,0.0027007563039660454,0.9998534277843611,0.011721671500708908,-6.29589254685925e-05,0.5935290455818176,0.029173547285608947
production-dppo,cfb5az1a,training_step,250,0.7610294222831726,0.7610294222831726,0.7421875,14381.92578125,23.72265625,0.004939897917211056,0.9998716705575805,0.013894351432099938,-3.991470077835402e-05,0.5698670670390129,0.03187495400197804
production-dppo,cfb5az1a,training_step,251,0.4742647111415863,0.4742647111415863,0.7578125,16899.51171875,24.3359375,0.0004815409192815423,0.9999142387514166,0.011009127483703196,-0.00010669571901189556,0.6416387408971786,0.028621461940929294
production-dppo,cfb5az1a,training_step,252,0.5833333134651184,0.5833333134651184,0.59375,21155.296875,26.98828125,0.0015921262092888355,0.9998856937798375,0.011426243814639747,8.378112710261121e-05,0.6195342019200325,0.028693472733721137
production-dppo,cfb5az1a,training_step,253,0.6961805820465088,0.6961805820465088,0.81640625,19309.9140625,24.4140625,0.0009599999757483602,0.9999316161484355,0.011595768039114773,0.0003171144953739713,0.6312104314565659,0.028571875882335007
production-dppo,cfb5az1a,training_step,254,0.5535714030265808,0.5535714030265808,0.59375,21534.5390625,29.4765625,0.0011926848674193025,0.9999110323996427,0.01264064508723095,0.0003004476648129639,0.5943883657455444,0.029836998553946614
production-dppo,cfb5az1a,training_step,255,0.5892857313156128,0.5892857313156128,0.546875,24866.45703125,28.890625,0.0006760411197319627,0.9998850775549453,0.01083406645921059,0.0003386266935194726,0.43047355115413666,0.026679776492528617
production-dppo,cfb5az1a,training_step,256,0.5171874761581421,0.5171874761581421,0.54296875,19328.296875,23.203125,0.0013468012912198901,0.9999211305664859,0.010703068692237139,0.00025589813259330185,0.5061482340097427,0.027457420830614865
production-dppo,cfb5az1a,training_step,257,0.6651785969734192,0.6651785969734192,0.62109375,18730.078125,24.390625,0.0027226137463003397,0.9998990642726326,0.009595834620995447,0.00020244985171302687,0.4465942271053791,0.024821137660183012
production-dppo,cfb5az1a,training_step,258,0.5899999737739563,0.5899999737739563,0.59375,19121.38671875,26.4375,0.00044326239731162786,0.9999259988796944,0.010408984904643148,0.00015318054181534535,0.4625399298965931,0.026780801126733422
production-dppo,cfb5az1a,training_step,259,0.6024305820465088,0.6024305820465088,0.60546875,20965.33984375,27.0078125,0.0031819497235119343,0.9999098331306789,0.010470083565451205,0.00015540773665634333,0.4626823216676712,0.025366165093146265
production-dppo,cfb5az1a,training_step,260,0.5476973652839661,0.5476973652839661,0.55078125,21310.0625,30.66796875,0.0022927015088498592,0.9998835377839581,0.012128315749578178,0.00011343131518515293,0.5801433995366096,0.030500487657263875
production-dppo,cfb5az1a,training_step,261,0.5178571343421936,0.5178571343421936,0.53125,24312.38671875,27.65625,0.0015536723658442497,0.9998784907699725,0.013136693567503244,0.00010615226619847817,0.768033180385828,0.03143073432147503
production-dppo,cfb5az1a,training_step,262,0.5598958134651184,0.5598958134651184,0.58984375,21475.91015625,31.75390625,0.0015992126427590847,0.9998819109488417,0.01075717806816101,0.0001344955715580909,0.6502051502466202,0.02743665035814047
production-dppo,cfb5az1a,training_step,263,0.550000011920929,0.550000011920929,0.65625,19634.78125,24.5234375,0.0019114367896690965,0.9998678072166369,0.014574291941244155,0.0004225077673254418,0.6012881472706795,0.03186763927806169
production-dppo,cfb5az1a,training_step,264,0.5062500238418579,0.5062500238418579,0.57421875,19082.94140625,25.08984375,0.0004670714552048594,0.9997854618172509,0.011371918342774734,0.00018396691336874937,0.8124851733446121,0.03128487674985081
production-dppo,cfb5az1a,training_step,265,0.6949999928474426,0.6949999928474426,0.796875,16985.01171875,26.6171875,0.0032286469358950853,0.9998220641497078,0.013142577809048817,0.00033238012053971033,0.6297481954097748,0.032223915914073586
production-dppo,cfb5az1a,training_step,266,0.4889705777168274,0.4889705777168274,0.7890625,19035.97265625,24.65234375,0.00047536048805341125,0.9998608058744027,0.011758895416278392,0.00018834487582353177,0.6812815740704536,0.032395834219641984
production-dppo,cfb5az1a,training_step,267,0.6682692170143127,0.6682692170143127,0.7109375,17940.6171875,24.52734375,0.00812231283634901,0.9998819851518199,0.011340986529830843,0.00027018094624509104,1.0591738149523735,0.0319985905662179
production-dppo,cfb5az1a,training_step,268,0.6953125,0.6953125,0.79296875,17045.015625,20.79296875,0.001878639915958047,0.999861626461307,0.010374607460107654,0.0001662986574046954,0.6828654184937477,0.029553863685578108
production-dppo,cfb5az1a,training_step,269,0.7647058963775635,0.7647058963775635,0.75,15543.81640625,23.546875,0.0016589249717071652,0.9999223272144048,0.01117686228826642,0.000162859953888983,0.5924155935645103,0.02812713070306927
production-dppo,cfb5az1a,training_step,270,0.875,0.875,0.75,16851.69140625,24.37109375,0.00048084629816003144,0.999885032226035,0.010478939162567258,0.00020000759923277656,0.6670322939753532,0.029128060210496187
production-dppo,cfb5az1a,training_step,271,0.628125011920929,0.628125011920929,0.6953125,15427.046875,22.421875,0.007491289172321558,0.999897566816071,0.010215962072834373,0.0002502075672055071,0.6182895079255104,0.028531774412840605
production-dppo,cfb5az1a,training_step,272,0.8125,0.8125,0.9296875,16457.546875,21.34375,0.0016471449052914977,0.9999133287080362,0.009411740786163136,0.000186477658644435,0.6572836227715015,0.026884022285230458
production-dppo,cfb5az1a,training_step,273,0.5208333134651184,0.5208333134651184,0.6015625,21097.80078125,24.5078125,0.0007969397702254355,0.9999243047236739,0.011099255381850526,0.00030116473590169335,0.5725386589765549,0.027977298479527235
production-dppo,cfb5az1a,training_step,274,0.6284722089767456,0.6284722089767456,0.74609375,24545.4453125,28.39453125,0.0006878525018692017,0.999906045159366,0.009471286262851208,0.0004087156994501129,0.45201487094163895,0.024865435785613954
production-dppo,cfb5az1a,training_step,275,0.6603260636329651,0.6603260636329651,0.7734375,21241.7109375,28.15625,0.0012486126506701112,0.9999205982176028,0.010522006021346897,0.0004181003550911555,0.43016111478209496,0.025120462174527347
production-dppo,cfb5az1a,training_step,276,0.5145833492279053,0.5145833492279053,0.58984375,17784.765625,26.875,0.0040697674266994,0.999912523853687,0.009320544282672927,0.00035591441110227606,0.5489251390099525,0.026816823985427618
production-dppo,cfb5az1a,training_step,277,0.5920138955116272,0.5920138955116272,0.58203125,20809.67578125,27.1953125,0.00014363689115270972,0.9998790425551239,0.01114146108739078,0.0005237476179900113,0.6132142394781113,0.02959782921243459
production-dppo,cfb5az1a,training_step,278,0.6473214030265808,0.6473214030265808,0.82421875,15978.62890625,25.33203125,0.00431765615940094,0.9999099538570243,0.0110057084239088,0.0004684041764448921,0.42226679250597954,0.025949067319743335
production-dppo,cfb5az1a,training_step,279,0.5552884340286255,0.5552884340286255,0.65234375,14111.8046875,23.94921875,0.0016310552600771189,0.9998806303698691,0.01184429501881823,0.0006443713609769475,0.7548536658287048,0.030413413303904235
production-dppo,cfb5az1a,training_step,280,0.515625,0.515625,0.66015625,18329.29296875,25.671875,0.0019780888687819242,0.9998869179845782,0.009974013664759696,0.0004634357028407976,0.5309655927121639,0.026930455933324993
production-dppo,cfb5az1a,training_step,281,0.6066176295280457,0.6066176295280457,0.7890625,17846.80859375,28.99609375,0.0012124477652832866,0.9999284539784283,0.010918733576545492,0.0006160034790809732,0.5958955027163029,0.02783789485692978
production-dppo,cfb5az1a,training_step,282,0.572265625,0.572265625,0.7890625,18610.9140625,27.6328125,0.0012722646351903677,0.9999277940995471,0.010427782020997256,0.0005305251052050153,0.6578851342201233,0.026371062267571688
production-dppo,cfb5az1a,training_step,283,0.3467261791229248,0.3467261791229248,0.53515625,18082.6328125,23.5390625,0.007135745137929916,0.9999308795712812,0.009805350186070427,0.00032321800017598434,0.5031681284308434,0.02578953094780445
production-dppo,cfb5az1a,training_step,284,0.75,0.75,0.84375,16051.6171875,25.640625,0.0019804995972663164,0.9999177227466407,0.011105914949439466,0.0005515211596502922,0.5369918271899223,0.028386510093696415
production-dppo,cfb5az1a,training_step,285,0.7088815569877625,0.7088815569877625,0.93359375,15033.51953125,26.1640625,0.00014929829922039062,0.9998427098975792,0.012131887313444167,0.0008718145627426566,0.5963764637708664,0.03193776006810367
production-dppo,cfb5az1a,training_step,286,0.5422794222831726,0.5422794222831726,0.65234375,18567.296875,25.67578125,0.00441198842599988,0.9997898774044252,0.010941840941086411,0.0004632410109479679,0.5582701601088047,0.02893409610260278
production-dppo,cfb5az1a,training_step,287,0.6138392686843872,0.6138392686843872,0.82421875,14237.3515625,21.203125,0.002394988900050521,0.9997977972869833,0.012243984267115593,0.00040378147338060444,0.8008301071822643,0.03389219648670405
production-dppo,cfb5az1a,training_step,288,0.5230262875556946,0.5230262875556946,0.6171875,17866.28515625,27.24609375,0.003870967775583267,0.9998116116979174,0.011421980772865936,0.00019315829183597089,0.5311642810702324,0.02848112676292658
production-dppo,cfb5az1a,training_step,289,0.6845238208770752,0.6845238208770752,0.546875,25893.125,37.625,0.0021802326664328575,0.9998916265375071,0.012301540817134082,-5.727046072934172e-07,0.6338011659681797,0.029509790940210223
production-dppo,cfb5az1a,training_step,290,0.4583333432674408,0.4583333432674408,0.453125,26883.03515625,34.79296875,0.001908611156977713,0.9999108198003082,0.007829203037545085,0.00016211907438901108,0.4522404670715332,0.021262830938212574
production-dppo,cfb5az1a,training_step,291,0.5752840638160706,0.5752840638160706,0.83203125,20648.4296875,28.24609375,0.00027658691396936774,0.9999419576714027,0.011653881869278848,8.58535632062285e-05,0.6174324080348015,0.02773618942592293
production-dppo,cfb5az1a,training_step,292,0.4520833194255829,0.4520833194255829,0.59765625,17345.98046875,29.14453125,0.001608363469131291,0.999946980684317,0.011089668201748282,7.231016610376173e-05,0.5192901715636253,0.028011047514155507
production-dppo,cfb5az1a,training_step,293,0.5852272510528564,0.5852272510528564,0.4296875,24584.12890625,32.4921875,0.0032459725625813007,0.9999249386331494,0.010800595337059349,-2.099099319252673e-05,0.49289553612470627,0.02597557147964835
production-dppo,cfb5az1a,training_step,294,0.574999988079071,0.574999988079071,0.578125,21084.953125,29.19921875,0.006956521887332201,0.9999061506915549,0.012826988124288619,-1.1781368868923892e-05,0.6022681891918182,0.0297379755647853
production-dppo,cfb5az1a,training_step,295,0.5178571343421936,0.5178571343421936,0.65625,22668.17578125,28.265625,0.0006909894873388112,0.999911117537268,0.009024153375321475,0.00020793872317881323,0.5273305037990212,0.02401628370353137
production-dppo,cfb5az1a,training_step,296,0.5104166865348816,0.5104166865348816,0.58984375,24476.24609375,30.29296875,0.0038684720639139414,0.9998841227061013,0.011604571773204952,0.0005508047652256209,0.6542690135538578,0.03014955937396735
production-dppo,cfb5az1a,training_step,297,0.6073369383811951,0.6073369383811951,0.74609375,21948.6015625,29.34765625,0.0002662052575033158,0.9999332939316956,0.011495267855934799,0.0005980267360428115,0.9541334733366966,0.03123715764377266
production-dppo,cfb5az1a,training_step,298,0.6041666865348816,0.6041666865348816,0.5078125,22470.03125,29.12890625,0.004827678669244051,0.9999103170568897,0.011373394750989974,0.0007182838580774842,0.6610462591052055,0.029351680306717753
production-dppo,cfb5az1a,training_step,299,0.6041666865348816,0.6041666865348816,0.734375,20954.6171875,30.26953125,0.0005161956651136279,0.9999281122291744,0.012585510266944766,0.0007327514067583252,0.6291657909750938,0.02915481454692781
production-dppo,cfb5az1a,training_step,300,0.4921875,0.4921875,0.48046875,23430.37109375,30.17578125,0.003624595468863845,0.9998909337278749,0.012271136627532542,0.000995358161162585,0.5092929005622864,0.02918000193312764
production-dppo,cfb5az1a,training_step,301,0.480654776096344,0.480654776096344,0.63671875,18046.875,27.2578125,0.0015763828996568918,0.9999052617119433,0.012601011898368597,0.001109640819777269,0.5231850817799568,0.02936992689501494
production-dppo,cfb5az1a,training_step,302,0.6617646813392639,0.6617646813392639,0.65625,23218.3828125,28.61328125,0.0030034128576517105,0.9998927164512558,0.011345755774527788,0.0009965903864213033,0.5549846515059471,0.0292208562605083
production-dppo,cfb5az1a,training_step,303,0.5694444179534912,0.5694444179534912,0.53125,20915.1484375,24.54296875,0.003501512110233307,0.9998926240288211,0.012059684551786631,0.0010546518660703441,0.6437995806336403,0.029226038954220712
production-dppo,cfb5az1a,training_step,304,0.4797794222831726,0.4797794222831726,0.51953125,21222.05078125,27.26953125,0.003008164931088686,0.9999152545862011,0.011544438864802942,0.0007927883652882883,0.5038225911557674,0.028375762281939387
production-dppo,cfb5az1a,training_step,305,0.5789473652839661,0.5789473652839661,0.75,22015.4765625,26.7578125,0.0013138685608282685,0.9998965537776425,0.011178621731232852,0.0005371606088147018,0.5481545832008123,0.0281409015879035
production-dppo,cfb5az1a,training_step,306,0.4662500023841858,0.4662500023841858,0.70703125,20965.09765625,21.0703125,0.0055617354810237885,0.9999070355475803,0.00854951998917386,0.00038179581770236837,0.5326358675956726,0.022847226704470813
production-dppo,cfb5az1a,training_step,307,0.65625,0.65625,0.6875,18936.6875,24.953125,0.0062617408111691475,0.9999314288600338,0.010692578158341348,0.0003083048295593471,0.4589587152004242,0.02569109364412725
production-dppo,cfb5az1a,training_step,308,0.5032894611358643,0.5032894611358643,0.5703125,21266.67578125,27.4609375,0.0018492176895961165,0.9999301354447916,0.01344759576022625,0.00044605069706449285,0.7478064298629761,0.03135002590715885
production-dppo,cfb5az1a,training_step,309,0.7786458134651184,0.7786458134651184,0.79296875,19722.58203125,24.84375,0.0003144654037896544,0.9999388594261946,0.010255240893457085,0.00015628016683422175,0.8718032687902451,0.028749454068019986
production-dppo,cfb5az1a,training_step,310,0.557692289352417,0.557692289352417,0.65625,20868.01171875,26.5078125,0.0011788976844400167,0.9998907758824652,0.011179210036061704,0.00014131022561514328,0.42546986788511276,0.02636081725358963
production-dppo,cfb5az1a,training_step,311,0.6000000238418579,0.6000000238418579,0.875,18438.61328125,24.0703125,0,0.9999053389508031,0.010325396520784125,-1.4181026131154795e-06,0.6594169363379478,0.029277995927259326
production-dppo,cfb5az1a,training_step,312,0.6674107313156128,0.6674107313156128,0.66796875,19946.765625,22.7109375,0.004127967171370983,0.9999106624845342,0.010162438615225255,8.166738189174794e-05,0.49463144689798355,0.02567867178004235
production-dppo,cfb5az1a,training_step,313,0.536057710647583,0.536057710647583,0.49609375,21087.28125,25.56640625,0.0033613445702940226,0.999867973973367,0.011566768167540431,0.00035501829552231357,0.6152380220592022,0.029371694079600275
production-dppo,cfb5az1a,training_step,314,0.4540441036224365,0.4540441036224365,0.46484375,16576.68359375,24.7578125,0.0020511201582849026,0.9998929684121508,0.011445706244558096,0.0002871955211958266,0.5094886124134064,0.027702877880074084
production-dppo,cfb5az1a,training_step,315,0.671875,0.671875,0.76171875,17228.28515625,22.2109375,0.0014069644967094064,0.9999302227449158,0.009420058457180858,0.00023557018926112505,0.550251767039299,0.026433866005390882
production-dppo,cfb5az1a,training_step,316,0.6233552694320679,0.6233552694320679,0.73046875,18183.8125,25.46875,0.000613496929872781,0.9999099461306836,0.010341288230847567,0.00046553375887015136,0.47787538915872574,0.02509006136097014
production-dppo,cfb5az1a,training_step,317,0.5364583134651184,0.5364583134651184,0.859375,15155.0859375,20.5,0.00019054877338930964,0.9999320493619106,0.01205507863778621,0.0005191293566895183,0.578544557094574,0.029541515512391925
production-dppo,cfb5az1a,training_step,318,0.7265625,0.7265625,0.703125,20795.9765625,25.328125,0.0009253547177650034,0.9999233784172705,0.014745774707989767,0.0002494260508001389,0.6343928426504135,0.03208790230564773
production-dppo,cfb5az1a,training_step,319,0.5625,0.5625,0.5625,15432.15625,19.95703125,0.0005871990579180419,0.9999190807806014,0.011819255480077118,-0.00046505554291798035,0.6792532354593277,0.03100784297566861
production-dppo,cfb5az1a,training_step,320,0.7124999761581421,0.7124999761581421,0.8359375,16450.8125,22.48828125,0.00138961267657578,0.9999121852335425,0.01078956329729408,-0.0006686120909762394,0.5747374705970287,0.029849094920791686
production-dppo,cfb5az1a,training_step,321,0.65234375,0.65234375,0.6796875,17406.0625,21.24609375,0.0009192866273224354,0.9999101661259533,0.010920985892880708,-0.0006172656212584116,0.5482525527477264,0.027278139838017523
production-dppo,cfb5az1a,training_step,322,0.550000011920929,0.550000011920929,0.59375,19381.40625,25.08984375,0.0014012143947184086,0.9998907299198933,0.012762817554175854,-0.000514893146828399,0.7484455481171608,0.031915882136672735
production-dppo,cfb5az1a,training_step,323,0.5982142686843872,0.5982142686843872,0.421875,18544.93359375,24.51953125,0.0012744942214339972,0.99989802111015,0.012012591410893947,-0.0003274128109751473,0.5834319293498993,0.029802233446389437
production-dppo,cfb5az1a,training_step,324,0.5708333253860474,0.5708333253860474,0.6953125,16235.22265625,21.5546875,0.0018122508190572262,0.999894339876664,0.010899647604674101,-0.0003265747479019865,0.5285445749759674,0.029005139716900885
production-dppo,cfb5az1a,training_step,325,0.7386363744735718,0.7386363744735718,0.640625,18843.71484375,23.3359375,0.0033478406257927418,0.9998084046954601,0.013690911058802158,-0.00015934949885831884,0.6226063966751099,0.035609566257335246
production-dppo,cfb5az1a,training_step,326,0.4029017984867096,0.4029017984867096,0.53515625,14503.015625,19.55859375,0.0009986018994823098,0.9998443925043304,0.011684156605042517,1.5243889961880086e-05,0.6751922182738781,0.031029980746097863
production-dppo,cfb5az1a,training_step,327,0.6682692170143127,0.6682692170143127,0.5859375,16205.71484375,20.625,0.00018939393339678645,0.9998616578615293,0.012505159509601071,-0.00016300457826901038,0.6002598851919174,0.032030642265453935
production-dppo,cfb5az1a,training_step,328,0.6012499928474426,0.6012499928474426,0.62890625,18178.60546875,21,0.00037202381645329297,0.9998924946882056,0.01177258463576436,-0.00028335994039707657,0.5216483175754547,0.029296791763044894
production-dppo,cfb5az1a,training_step,329,0.7039473652839661,0.7039473652839661,0.796875,13829.26171875,16.390625,0.003098188666626811,0.999896950949926,0.009318519238149747,-0.00014728841301803186,0.679289273917675,0.027079132152721286
production-dppo,cfb5az1a,training_step,330,0.5066964030265808,0.5066964030265808,0.63671875,14673.015625,21.37890625,0.00274072727188468,0.9999216961686209,0.009274035401176661,5.1106803766742814e-06,0.9112809598445892,0.02949519839603454
production-dppo,cfb5az1a,training_step,331,0.7578125,0.7578125,0.63671875,15660.55859375,21.46484375,0.002365787047892809,0.999826469301873,0.010246278397971764,1.4115973613115784e-05,0.7767531797289848,0.030831807758659124
production-dppo,cfb5az1a,training_step,332,0.5697115659713745,0.5697115659713745,0.55078125,20250.41796875,26.13671875,0.0014945449074730277,0.9998603495904809,0.011370587162673473,-1.8776609294945956e-05,0.5235178843140602,0.029394774930551648
production-dppo,cfb5az1a,training_step,333,0.6000000238418579,0.6000000238418579,0.625,15770.609375,19.984375,0.0021501171868294477,0.9998777118236146,0.011008771805791184,5.993141536109192e-05,0.817789763212204,0.030732168816030025
production-dppo,cfb5az1a,training_step,334,0.5296052694320679,0.5296052694320679,0.5078125,20535.578125,20.26953125,0.0026980149559676647,0.9998287512781049,0.013951868517324328,0.00038148576661001243,0.5823291167616844,0.03333028021734208
production-dppo,cfb5az1a,training_step,335,0.6006944179534912,0.6006944179534912,0.7265625,18359.4921875,23.36328125,0.001170372823253274,0.9998613284617821,0.011905045917956159,0.00037830284782103263,0.6557820625603199,0.031976276310160756
production-dppo,cfb5az1a,training_step,336,0.59375,0.59375,0.70703125,15896.8046875,16.8203125,0.0013934045564383268,0.999867367255415,0.01122509129345417,0.0002947383200080367,0.5968527346849442,0.03056536673102528
production-dppo,cfb5az1a,training_step,337,0.6711309552192688,0.6711309552192688,0.63671875,13935.05859375,23.15234375,0.0005061582778580487,0.9998856768250175,0.008967138302978128,0.00014813117672929366,0.5223414674401283,0.026065823156386614
production-dppo,cfb5az1a,training_step,338,0.46164771914482117,0.46164771914482117,0.39453125,22125.09375,21.359375,0.004389173351228237,0.9998886826485492,0.010561418923316523,0.00044215440652806137,0.5135941877961159,0.02744316926691681
production-dppo,cfb5az1a,training_step,339,0.480654776096344,0.480654776096344,0.63671875,14508.984375,19.41015625,0.0006037431885488331,0.9999126994670401,0.008847407676512375,0.0004306415294195176,0.4788826107978821,0.022345891455188394
production-dppo,cfb5az1a,training_step,340,0.6229166388511658,0.6229166388511658,0.66796875,19757.3125,22.1015625,0.0014139271806925535,0.9998973537596784,0.011205187707673758,0.0005957964558547246,0.5887533724308014,0.028911161818541586
production-dppo,cfb5az1a,training_step,341,0.2934027910232544,0.2934027910232544,0.53515625,20458.59765625,24.890625,0.0018832391360774636,0.9998181935881394,0.013441412302199751,0.0006478672912635375,0.5926059149205685,0.03408054739702493
production-dppo,cfb5az1a,training_step,342,0.6475694179534912,0.6475694179534912,0.70703125,12459.7109375,19.03125,0.0004105090338271111,0.9998862762690583,0.009233292221324518,0.0003406184455343464,0.5426914095878601,0.02645371446851641
production-dppo,cfb5az1a,training_step,343,0.7745535969734192,0.7745535969734192,0.85546875,10943.87890625,18.8046875,0.001661819638684392,0.9998360954404867,0.010773679765406996,0.0004062587581756816,0.576970424503088,0.029583905125036836
production-dppo,cfb5az1a,training_step,344,0.6229166388511658,0.6229166388511658,0.54296875,14696.95703125,16.546875,0.0016525023384019732,0.9997256063458634,0.013069352600723505,0.0005130846966494573,0.8472878560423851,0.03351823356933892
production-dppo,cfb5az1a,training_step,345,0.7157738208770752,0.7157738208770752,0.87890625,10248.58203125,15.5546875,0.00025113008450716734,0.9998489314289998,0.009419863141374663,0.0004684683926825528,0.5219166800379753,0.028531814110465348
production-dppo,cfb5az1a,training_step,346,0.6354166865348816,0.6354166865348816,0.6796875,12381.96484375,17.7578125,0.0006599207990802824,0.9998829352377847,0.012115349585656077,0.00040444703154207673,0.4950268119573593,0.030011381953954697
production-dppo,cfb5az1a,training_step,347,0.7847222089767456,0.7847222089767456,0.640625,17227.62890625,20.22265625,0.0028974309097975492,0.9998841676260998,0.010036858962848783,0.00024419725605184794,0.5011373683810234,0.02644847787450999
production-dppo,cfb5az1a,training_step,348,0.7058823704719543,0.7058823704719543,0.625,10742.375,14.52734375,0.0037644528783857822,0.9999168384042201,0.01136128482175991,0.00013578587794427222,0.4536527618765831,0.029189615277573466
production-dppo,cfb5az1a,training_step,349,0.689338207244873,0.689338207244873,0.71484375,14633.1015625,20.07421875,0.002529675140976906,0.9998777825533011,0.01000976876821369,0.0002280781409353949,0.5389152690768242,0.0268573114881292
production-dppo,cfb5az1a,training_step,350,0.65234375,0.65234375,0.6796875,12994.8359375,18.6484375,0.0023041474632918835,0.9998527326912445,0.011057268391596153,0.00032217356965702493,0.6396061293780804,0.0301977131748572
production-dppo,cfb5az1a,training_step,351,0.5036764740943909,0.5036764740943909,0.5703125,16657.5859375,18.50390625,0.00021110408124513924,0.9998777418923739,0.008193381800083444,0.00017178176904053544,0.536247257143259,0.024440489243716
production-dppo,cfb5az1a,training_step,352,0.6682692170143127,0.6682692170143127,0.5859375,14237.640625,19.0390625,0.004924086853861809,0.9998644886506497,0.009791125310584903,0.000248034780895523,0.6142744794487953,0.027129970490932465
production-dppo,cfb5az1a,training_step,353,0.4854166805744171,0.4854166805744171,0.66015625,14746.75,17.3984375,0.0013471037382259965,0.9999144721476878,0.010553015425102785,0.0002762956098649738,0.6086515113711357,0.028273264644667506
production-dppo,cfb5az1a,training_step,354,0.5798611044883728,0.5798611044883728,0.5546875,15872.1796875,18.76953125,0.0018730489537119865,0.9998753490465985,0.012676281272433698,0.0004470032909011934,0.6585404053330421,0.031188145047053695
production-dppo,cfb5az1a,training_step,355,0.7017045617103577,0.7017045617103577,0.71484375,13584.52734375,19.37890625,0.002015722682699561,0.9998965808062529,0.009526552690658718,0.0003348648770042928,0.5721606463193893,0.026671763975173235
production-dppo,cfb5az1a,training_step,356,0.53125,0.53125,0.6875,13284.80078125,18.984375,0.0012345679569989443,0.9999030247374086,0.011417963920393959,0.0004025794687549933,0.6763749942183495,0.029448869521729648
production-dppo,cfb5az1a,training_step,357,0.6276041865348816,0.6276041865348816,0.81640625,10569.16796875,14.125,0.0011061946861445904,0.9999157263923564,0.011274047719780356,0.0003894249139193562,0.6766753643751144,0.02897681575268507
production-dppo,cfb5az1a,training_step,358,0.5325000286102295,0.5325000286102295,0.6640625,17670.21484375,18.5625,0.002735690213739872,0.999890416083957,0.01016108674230054,0.0006058782037143828,0.5890325382351875,0.027788599021732807
production-dppo,cfb5az1a,training_step,359,0.66796875,0.66796875,0.5859375,13515.34375,16.9765625,0.006902899127453566,0.9998787369196335,0.011295437579974532,0.000756848947276012,0.7765159159898758,0.02984960121102631
production-dppo,cfb5az1a,training_step,360,0.6812499761581421,0.6812499761581421,0.828125,13342.01953125,17.1015625,0.002284148009493947,0.9999311885259319,0.008541999908629805,0.0005900524429307552,0.5524931624531746,0.023410195135511458
production-dppo,cfb5az1a,training_step,361,0.4791666567325592,0.4791666567325592,0.5234375,20212.9296875,22.91015625,0.001875532791018486,0.9999004451665708,0.01016540132695809,0.0006868765558465384,0.45042476058006287,0.025724408100359142
production-dppo,cfb5az1a,training_step,362,0.7321428656578064,0.7321428656578064,0.65625,15826.203125,19.91796875,0.003922337666153908,0.9998832987761918,0.012145072920247912,0.0006986842126934789,0.7132292836904526,0.030147766112349927
production-dppo,cfb5az1a,training_step,363,0.8729166388511658,0.8729166388511658,0.88671875,13730.55078125,16.3515625,0.0033444815780967474,0.9998850465706883,0.011328989872708917,0.0005358589869501884,0.6470288448035717,0.029546028468757868
production-dppo,cfb5az1a,training_step,364,0.625,0.625,0.5,19612.48828125,21.44921875,0.00036423237179405987,0.9998387144927307,0.010766254737973213,0.0005444567195809213,0.5113087296485901,0.02689205703791231
production-dppo,cfb5az1a,training_step,365,0.87109375,0.87109375,0.8671875,10441.0546875,14.55859375,0.0010732492664828897,0.999838426453948,0.014753892843145877,0.0008230074236053042,0.6219212077558041,0.03386366553604603
production-dppo,cfb5az1a,training_step,366,0.6604166626930237,0.6604166626930237,0.7265625,12308.41015625,16.26171875,0,0.9999042807129154,0.010389324510470033,0.0005386469420045614,0.6262583807110786,0.028523692628368735
production-dppo,cfb5az1a,training_step,367,0.47235578298568726,0.47235578298568726,0.78515625,19553.96875,21.80859375,0.0001791151735233143,0.9999249397384895,0.008621227781986818,0.000557999193915748,0.5836951360106468,0.02490930852945894
production-dppo,cfb5az1a,training_step,368,0.53125,0.53125,0.8203125,16291.7421875,18.5,0.001266891835257411,0.9999371227807603,0.01071354586747475,0.0005901281501792255,0.5294115841388702,0.026504660840146244
production-dppo,cfb5az1a,training_step,369,0.396484375,0.396484375,0.41796875,19285.92578125,21.72265625,0.0016184139531105757,0.999914674011215,0.013395406946074218,0.0006485451795015251,0.5156331807374954,0.029717692639678717
production-dppo,cfb5az1a,training_step,370,0.5989583134651184,0.5989583134651184,0.47265625,18990.8203125,19.87890625,0.0039300452917814255,0.999911600923544,0.012942462402861565,0.0009196672363032121,0.5668058469891548,0.029446784290485084
production-dppo,cfb5az1a,training_step,371,0.6927083134651184,0.6927083134651184,0.93359375,14682.9609375,17.5234375,0.0006687472341582179,0.9999358918231723,0.008573638973757625,0.0004763456126966048,0.6868274807929993,0.024981459137052298
production-dppo,cfb5az1a,training_step,372,0.5989583134651184,0.5989583134651184,0.5234375,19508.2734375,19.9453125,0.004308656323701143,0.9998906212044982,0.012695000797975808,0.0009214328892994672,0.6317386776208878,0.030021048383787274
production-dppo,cfb5az1a,training_step,373,0.5062500238418579,0.5062500238418579,0.58203125,19900.13671875,20.05078125,0.003506721230223775,0.9998914102228936,0.010691984964068979,0.000711564922312391,0.606844387948513,0.028037354233674705
production-dppo,cfb5az1a,training_step,374,0.5575000047683716,0.5575000047683716,0.6171875,21694.07421875,24.1171875,0.0003239391080569476,0.9999387813837562,0.010990584152750671,0.0006155735591164557,0.5562900826334953,0.025821546674706042
production-dppo,cfb5az1a,training_step,375,0.570652186870575,0.570652186870575,0.640625,19560.46484375,19.9375,0.000979623873718083,0.9999420582505726,0.007061985452310182,0.0005109702469781041,0.6848613955080509,0.02091202838346362
production-dppo,cfb5az1a,training_step,376,0.32932692766189575,0.32932692766189575,0.53515625,23636.71875,24.9296875,0.0009401441784575582,0.9999231258127259,0.010648224706528708,0.0006834392552264035,0.4813597649335861,0.025653916411101818
production-dppo,cfb5az1a,training_step,377,0.5592105388641357,0.5592105388641357,0.453125,18151.71484375,20.9140625,0.0031751960050314665,0.999910625162479,0.008923588611651212,0.0005393481769715436,0.5393879190087318,0.02463640703354031
production-dppo,cfb5az1a,training_step,378,0.6711309552192688,0.6711309552192688,0.76171875,17593.73046875,21.8671875,0.0007145408890210092,0.9999113944595717,0.012211113818921149,0.0006821735241828719,0.4321678690612316,0.02710351103451103
production-dppo,cfb5az1a,training_step,379,0.5710227489471436,0.5710227489471436,0.66015625,15671.03515625,20.56640625,0.0015194681473076344,0.9998786860820336,0.011902028520125896,0.0007092371524777263,0.4552275910973549,0.025177999981679022
production-dppo,cfb5az1a,training_step,380,0.6227678656578064,0.6227678656578064,0.71484375,17629.87109375,19.19921875,0.00061037641717121,0.9998194305912462,0.011900025303475559,0.0007764856945868814,0.5523633435368538,0.028797337785363197
production-dppo,cfb5az1a,training_step,381,0.63722825050354,0.63722825050354,0.58203125,18173.68359375,20.71484375,0.0001885725068859756,0.9999065608430089,0.011017190350685269,0.0006618637198698707,0.4490608870983124,0.02520144230220467
production-dppo,cfb5az1a,training_step,382,0.768750011920929,0.768750011920929,0.65234375,18975.94921875,22.52734375,0.00034680074895732105,0.9998862939651691,0.010694821132346988,0.0005035465019318508,0.5513142086565495,0.024905049824155867
production-dppo,cfb5az1a,training_step,383,0.7321428656578064,0.7321428656578064,0.78125,16926.94921875,21.6875,0.00018011526844929904,0.9999232395420725,0.011120069830212742,0.0003621071523411956,0.5365733429789543,0.026707122335210443
production-dppo,cfb5az1a,training_step,384,0.591796875,0.591796875,0.68359375,20991.18359375,24.125,0.0022668393794447184,0.9998951023558162,0.013003536325413734,0.0004685968833655352,0.502559557557106,0.02884041133802384
production-dppo,cfb5az1a,training_step,385,0.6166666746139526,0.6166666746139526,0.65625,15239.71484375,17.90234375,0.0013091861037537456,0.9999411972554204,0.009541657695081085,0.00016442455944343237,0.4932301230728626,0.025294061633758247
production-dppo,cfb5az1a,training_step,386,0.7426470518112183,0.7426470518112183,0.703125,15029.45703125,20.34375,0.0030721966177225113,0.9999489990791086,0.010134480602573603,0.00010500195298845938,0.5653728768229485,0.02592285256832838
production-dppo,cfb5az1a,training_step,387,0.6317934989929199,0.6317934989929199,0.81640625,14698.40234375,18.16796875,0.0019350677030161023,0.9999400606630707,0.010664920613635331,8.179137559238825e-05,0.4786820784211159,0.026476774248294532
production-dppo,cfb5az1a,training_step,388,0.6473214030265808,0.6473214030265808,0.69921875,16143.0703125,16.81640625,0.0006968640955165029,0.9999454433523688,0.009288666275097057,0.0002953323701149202,0.414288017898798,0.022197411162778735
production-dppo,cfb5az1a,training_step,389,0.65625,0.65625,0.69140625,18022.51171875,20.390625,0.001149425283074379,0.9999413129029845,0.012718155630864203,0.0007717724674876081,0.45547934994101524,0.02630145475268364
production-dppo,cfb5az1a,training_step,390,0.657608687877655,0.657608687877655,0.640625,15674.91796875,18.51171875,0.0027431948110461235,0.9999404711618919,0.013207866984885186,0.0008111665811156854,0.5783717036247253,0.029177910997532308
production-dppo,cfb5az1a,training_step,391,0.6286764740943909,0.6286764740943909,0.8359375,18599.703125,21.81640625,0.002148612402379513,0.9999507602912964,0.011600395082496107,0.0005366694258555071,0.4473867528140545,0.025897589861415327
production-dppo,cfb5az1a,training_step,392,0.6640625,0.6640625,0.74609375,17810.078125,16.96875,0,0.9999415188632349,0.012485334067605436,0.0005602356959570898,0.5103251487016678,0.027010926278308034
production-dppo,cfb5az1a,training_step,393,0.6507353186607361,0.6507353186607361,0.5078125,19272.68359375,22.94140625,0.0006810829509049654,0.9999382435328357,0.013425405428279191,0.00047236309001164045,0.5955512896180153,0.030177383217960596
production-dppo,cfb5az1a,training_step,394,0.5044642686843872,0.5044642686843872,0.69921875,21750.98046875,22.42578125,0.0006967427325434983,0.9998661159917687,0.012009686994133517,0.0005201288986427244,0.59904420748353,0.028396715642884374
production-dppo,cfb5az1a,training_step,395,0.701171875,0.701171875,0.65234375,20267.01171875,22.4453125,0.0020884093828499317,0.9998546484533154,0.013117968454025686,0.00073126919050992,0.9680702798068523,0.03221234446391463
production-dppo,cfb5az1a,training_step,396,0.630859375,0.630859375,0.76171875,16375.15234375,21.65625,0.0005411255406215787,0.9998200327352436,0.012879832647740841,0.0006369952807290247,0.7913128435611725,0.030388263752683997
production-dppo,cfb5az1a,training_step,397,0.51171875,0.51171875,0.5234375,17605.3671875,20.3828125,0.000766577257309109,0.9998578108619347,0.013520586129743606,0.0007286232466867659,0.6486353948712349,0.030758609413169324
production-dppo,cfb5az1a,training_step,398,0.46507352590560913,0.46507352590560913,0.73828125,19374.609375,19.98046875,0.0013685239246115088,0.9998616477251326,0.013640640885569155,0.0007602895093441475,0.7235891371965408,0.028353813919238746
production-dppo,cfb5az1a,training_step,399,0.587890625,0.587890625,0.55078125,19361.5390625,21.1953125,0.0007371912943199277,0.9998990010259222,0.01269061618950218,0.0006632744680246105,0.5855987928807735,0.02669598360080272
production-dppo,cfb5az1a,training_step,400,0.8303571343421936,0.8303571343421936,0.828125,16058,19.19921875,0.00040691759204491973,0.999915395127178,0.012614962557563558,0.0005162090183148393,0.6170131415128708,0.028238336788490415
sgd-control,o55y4lhh,training_step,1,0.39182692766189575,0.39182692766189575,0.63671875,8882.98046875,17.35546875,0.006977267563343048,0.9999673647378723,0.006806727236835286,0.00012537205691387499,0.4166098050773144,0.020835456321947277
sgd-control,o55y4lhh,training_step,2,0.47187501192092896,0.47187501192092896,0.58984375,14617.0703125,35.46875,0.0008810572908259928,0.9998519864412098,0.008498961174154829,0.00032113066731653817,0.9767729472368956,0.028627968327782582
sgd-control,o55y4lhh,training_step,3,0.2946428656578064,0.2946428656578064,0.515625,13355.35546875,29.3125,0.00039978677523322403,0.9996377533487205,0.007842560968128964,0.0004368798339555724,0.9722172245383263,0.028040561242960393
sgd-control,o55y4lhh,training_step,4,0.390625,0.390625,0.5859375,10785.85546875,22.78125,0.00703017832711339,0.9994065359269547,0.006665806678938679,0.00012241941624324681,0.6752677857875824,0.02570914721582085
sgd-control,o55y4lhh,training_step,5,0.3854166567325592,0.3854166567325592,0.59765625,8659.25390625,22.73828125,0,0.999476698835415,0.010254928536596708,-1.0716436463553691e-05,0.6813197508454323,0.029695138335227966
sgd-control,o55y4lhh,training_step,6,0.4184027910232544,0.4184027910232544,0.81640625,9059.62109375,24.1796875,0.00016155089542735368,0.9999285774010407,0.007975301472470164,0.00017688673068505523,0.4945122264325619,0.02340533270034939
sgd-control,o55y4lhh,training_step,7,0.25271740555763245,0.25271740555763245,0.7265625,14425.84375,24.95703125,0.0015651901485398412,0.9999359705562554,0.008123907071421854,0.00026547413312982826,1.7723592035472393,0.03392830758821219
sgd-control,o55y4lhh,training_step,8,0.2829861044883728,0.2829861044883728,0.51171875,13074.40234375,31.36328125,0.003487358335405588,0.999946665857691,0.00836341650574468,7.033774706144413e-05,0.4398292973637581,0.022617242415435612
sgd-control,o55y4lhh,training_step,9,0.2421875,0.2421875,0.484375,17453.0625,34.08984375,0.00504182418808341,0.9999539398870049,0.010053361824247986,1.884420788655916e-05,0.5852810889482498,0.025671510840766132
sgd-control,o55y4lhh,training_step,10,0.3701923191547394,0.3701923191547394,0.4765625,16905.35546875,33.51171875,0.0027975288685411215,0.9999176785223735,0.00846946460660547,2.2986848080108757e-05,0.6041002199053764,0.02477733849082142
sgd-control,o55y4lhh,training_step,11,0.5170454382896423,0.5170454382896423,0.7109375,10464.0546875,24.16796875,0.001939550624229014,0.9999399323891369,0.007085845616529696,4.1958845834244585e-05,0.5484751164913177,0.02303529263008386
sgd-control,o55y4lhh,training_step,12,0.30000001192092896,0.30000001192092896,0.625,11652.12109375,27.80078125,0.0007025431841611862,0.999852232233343,0.010061281791422516,0.00028428885849507424,0.5035727247595787,0.02705406548921019
sgd-control,o55y4lhh,training_step,13,0.29567307233810425,0.29567307233810425,0.48046875,17688.28515625,37.0234375,0.0012660898501053452,0.9998897504672388,0.007775895021040924,0.0002565800328966361,0.48683620151132345,0.022397580192773603
sgd-control,o55y4lhh,training_step,14,0.6335227489471436,0.6335227489471436,0.74609375,8247.73046875,20.3671875,0.0007671653293073177,0.9999457732336801,0.00757698027882725,0.00019461671411136194,0.5220085009932518,0.0229338618228212
sgd-control,o55y4lhh,training_step,15,0.3046875,0.3046875,0.45703125,12098.46875,32.25390625,0.00024221872445195913,0.9999365022635048,0.011007893888745457,0.0002037968947661284,0.5359452664852142,0.027933449251577258
sgd-control,o55y4lhh,training_step,16,0.4441964328289032,0.4441964328289032,0.77734375,14050.94140625,24.25,0.0009664948447607458,0.9999103140911896,0.006327337876427919,6.540851626368749e-05,0.49785715341567993,0.020629766979254782
sgd-control,o55y4lhh,training_step,17,0.6022727489471436,0.6022727489471436,0.703125,15769.8984375,32.94140625,0.0005929088220000267,0.9998278907729529,0.008797869668342173,0.0004470613738476459,0.5888623371720314,0.024455096339806914
sgd-control,o55y4lhh,training_step,18,0.629807710647583,0.629807710647583,0.7734375,10665.4609375,23.2734375,0.0020140986889600754,0.9998044941977468,0.006670920178294182,1.0266161496019777e-05,0.5503754913806915,0.022817283403128386
sgd-control,o55y4lhh,training_step,19,0.3491847813129425,0.3491847813129425,0.50390625,14346.42578125,30.88671875,0.006070570554584265,0.9997480755014196,0.007899902964709327,-4.424472336950203e-06,0.747226171195507,0.026326119084842503
sgd-control,o55y4lhh,training_step,20,0.45432692766189575,0.45432692766189575,0.48828125,20685.04296875,35.67578125,0.0037227636203169823,0.999921922570532,0.007144342351239175,3.088500560011198e-05,0.4646117240190506,0.020685781491920352
sgd-control,o55y4lhh,training_step,21,0.4625000059604645,0.4625000059604645,0.578125,12786.140625,29.41015625,0.0037189533468335867,0.999932994911345,0.007157961226766929,0.00015396324420180463,0.5450735203921795,0.02212615462485701
sgd-control,o55y4lhh,training_step,22,0.6805555820465088,0.6805555820465088,0.765625,9545.2578125,22.890625,0.0013651876943185925,0.9999067724854059,0.008691979404829908,0.000227950499720464,0.47406879160553217,0.02494750657933764
sgd-control,o55y4lhh,training_step,23,0.3125,0.3125,0.5078125,14086.96875,34.18359375,0.0017140897689387202,0.9998762407067439,0.00896289324737154,3.7694413379085745e-05,0.5306758247315884,0.02529731555841863
sgd-control,o55y4lhh,training_step,24,0.3307291567325592,0.3307291567325592,0.49609375,14347.19140625,37.70703125,0.00010359473526477814,0.9998248148605826,0.008629820848000236,3.808434266261429e-05,0.5034033805131912,0.023232046980410814
sgd-control,o55y4lhh,training_step,25,0.376953125,0.376953125,0.62890625,16417.5078125,32.28125,0.0014520813710987568,0.999919724029577,0.010554975975537673,0.00013922453490522457,0.502404473721981,0.027292016486171633
sgd-control,o55y4lhh,training_step,26,0.5178571343421936,0.5178571343421936,0.78125,14424.21875,24.6796875,0.002057613106444478,0.9999470679108493,0.008325510963913985,-3.071215382988157e-05,0.5590290948748589,0.025121185812167823
sgd-control,o55y4lhh,training_step,27,0.536057710647583,0.536057710647583,0.74609375,14783.4375,23.94921875,0.0004893165896646678,0.9999403961687374,0.005004086808185093,4.840748317747057e-07,0.3122808523476124,0.01579797506565228
sgd-control,o55y4lhh,training_step,28,0.416015625,0.416015625,0.58203125,18740.29296875,34.89453125,0.0007836113218218088,0.9999276042817457,0.00823420520464424,0.00016671886845642803,0.44426602125167847,0.022996286512352526
sgd-control,o55y4lhh,training_step,29,0.4661458432674408,0.4661458432674408,0.57421875,16969.62890625,30.9296875,0.0037888356018811464,0.9999177677073929,0.007800500170560554,0.00019526699941252446,0.702193658798933,0.022770691313780844
sgd-control,o55y4lhh,training_step,30,0.3463541567325592,0.3463541567325592,0.51953125,20964.7734375,30.91015625,0.0031593579333275557,0.9998637420332049,0.008978069527074695,7.714249704804388e-05,0.6185506284236908,0.0266502391314134
sgd-control,o55y4lhh,training_step,31,0.3822115361690521,0.3822115361690521,0.62109375,13201.10546875,28.140625,0.0013881176710128784,0.9999029862389498,0.0039548916938656475,9.307819698278763e-05,0.31459874100983143,0.014830737374722958
sgd-control,o55y4lhh,training_step,32,0.28515625,0.28515625,0.5703125,13732.1484375,21.19140625,0.004423962906002998,0.9999322751042478,0.007256033713929355,5.155278126522944e-05,0.5752199739217758,0.022819069679826498
sgd-control,o55y4lhh,training_step,33,0.3080357015132904,0.3080357015132904,0.5390625,11611.14453125,27.8125,0.0025280897971242666,0.9999574569151684,0.00972351644304581,5.8673368641848356e-05,0.42361100390553474,0.0238780181389302
sgd-control,o55y4lhh,training_step,34,0.5034722089767456,0.5034722089767456,0.56640625,13707.234375,27.5859375,0.0016992352902889252,0.999935359067574,0.006417709722882137,5.5898751611493935e-05,0.48178520053625107,0.02041941019706428
sgd-control,o55y4lhh,training_step,35,0.3895833194255829,0.3895833194255829,0.73046875,9910.70703125,20.8203125,0.0005628517828881741,0.999947092295852,0.006885658338433132,-1.1650800900042668e-05,0.5037845447659492,0.021493096370249987
sgd-control,o55y4lhh,training_step,36,0.6619318127632141,0.6619318127632141,0.78515625,13002.29296875,29.74609375,0.0005252790288068354,0.9999406518856534,0.006925427092937753,-3.056118399058505e-05,0.46502938121557236,0.022360457107424736
sgd-control,o55y4lhh,training_step,37,0.4598214328289032,0.4598214328289032,0.5546875,20361.1015625,33.0390625,0.002719318959861994,0.9999135103710003,0.00894345820415765,7.950672659262636e-05,0.6700278148055077,0.02665166009683162
sgd-control,o55y4lhh,training_step,38,0.431640625,0.431640625,0.61328125,18419.75,30.484375,0.0030753458850085735,0.9999361618006738,0.0068504937225952744,4.471575107345416e-05,0.3639064058661461,0.01787986420094967
sgd-control,o55y4lhh,training_step,39,0.609375,0.609375,0.7890625,11675.03125,23.44921875,0.002998500829562545,0.9999502106287557,0.008059785584919155,-1.590168540843706e-05,0.7205639705061913,0.02504379441961646
sgd-control,o55y4lhh,training_step,40,0.38461539149284363,0.38461539149284363,0.625,20391.28125,35.375,0.001325088320299983,0.9999035786724115,0.008803948148852214,5.818304288141007e-06,0.4546104036271572,0.02438115025870502
sgd-control,o55y4lhh,training_step,41,0.4352678656578064,0.4352678656578064,0.76171875,18571.39453125,27.37890625,0.0009987159864977002,0.9999120725596483,0.007172424026066437,-4.13035468795897e-05,0.4218723177909851,0.022162001114338636
sgd-control,o55y4lhh,training_step,42,0.3677884638309479,0.3677884638309479,0.59765625,18667.20703125,37.83984375,0.0011355425231158733,0.9999172026771428,0.007803893036907539,7.097749470119652e-05,0.49924324452877045,0.022290861350484192
sgd-control,o55y4lhh,training_step,43,0.5034722089767456,0.5034722089767456,0.56640625,17177.59765625,29.9765625,0.0018243419472128153,0.9999022797245556,0.006851243902929127,-6.285143069817423e-05,0.499259851872921,0.022051429841667414
sgd-control,o55y4lhh,training_step,44,0.5041666626930237,0.5041666626930237,0.8203125,11147.140625,19.58984375,0.00019940179481636733,0.9999306574111545,0.0073267011903226376,-2.6637401902007696e-06,0.40579449385404587,0.02202668657992035
sgd-control,o55y4lhh,training_step,45,0.4779411852359772,0.4779411852359772,0.765625,11383.6875,32.3359375,0.0009664170211181045,0.9999574831394527,0.00952900352422148,-4.3427347975466546e-05,0.45557818561792374,0.025084955734200776
sgd-control,o55y4lhh,training_step,46,0.37132352590560913,0.37132352590560913,0.6640625,17953.7578125,32.59375,0.0029961648397147655,0.9999465984214129,0.011239502433454618,0.00020763115026056767,0.5563997402787209,0.0279059890890494
sgd-control,o55y4lhh,training_step,47,0.6625000238418579,0.6625000238418579,0.703125,9257.578125,28.8046875,0.002576620550826192,0.9999503163920982,0.010801285970956087,0.00034891654149760143,0.5745732188224792,0.02789503161329776
sgd-control,o55y4lhh,training_step,48,0.517578125,0.517578125,0.78515625,14105.546875,30.41015625,0.0007707129116170108,0.9998923096021678,0.011064632941270247,0.00020888237730787296,1.9603000283241272,0.04312791442498565
sgd-control,o55y4lhh,training_step,49,0.55078125,0.55078125,0.7265625,13520.796875,28.83203125,0.0028451429679989815,0.9999284381533878,0.007221946667414159,9.310039354204491e-05,0.47793105244636536,0.021387427230365574
sgd-control,o55y4lhh,training_step,50,0.5625,0.5625,0.609375,19795.421875,28.703125,0.0010887315729632974,0.999866290653505,0.006995114265009761,0.0001235512030461905,0.681019701063633,0.024901725351810455
sgd-control,o55y4lhh,training_step,51,0.3305920958518982,0.3305920958518982,0.53515625,12433.66015625,29.68359375,0.0038162916898727417,0.9999124552104646,0.008972590701887384,0.00028817868656005885,0.5928950496017933,0.02602582110557705
sgd-control,o55y4lhh,training_step,52,0.375,0.375,0.71875,16938.4296875,29.5078125,0.0015885623870417476,0.9999324900100028,0.007139114473829977,0.0001268299378125448,0.6169046834111214,0.021912032912950963
sgd-control,o55y4lhh,training_step,53,0.2586805522441864,0.2586805522441864,0.58203125,12155.93359375,25.09765625,0.003735408652573824,0.9999416312166883,0.008754891096032225,0.00017066414898181392,0.43609248101711273,0.023328976414632052
sgd-control,o55y4lhh,training_step,54,0.3102678656578064,0.3102678656578064,0.54296875,10553.5,17.8125,0.005043859593570232,0.9999472888622014,0.01135057321516797,5.6708231760183025e-05,0.4896768145263195,0.025454299175180495
sgd-control,o55y4lhh,training_step,55,0.4119318127632141,0.4119318127632141,0.56640625,16430.515625,29.078125,0.0012090273667126894,0.9999322326049117,0.007187770475866273,2.049491513389512e-06,0.5828512944281101,0.02372024138458073
sgd-control,o55y4lhh,training_step,56,0.4010416567325592,0.4010416567325592,0.6015625,14410.234375,30.30078125,0,0.9999400278266886,0.009194654470775276,-3.7720792420259386e-05,0.5067809820175171,0.024572520283982158
sgd-control,o55y4lhh,training_step,57,0.4744318127632141,0.4744318127632141,0.65234375,12618.69140625,27.5390625,0.0018439716659486294,0.9999470366034621,0.006707954336889088,-3.417380673909065e-05,0.45338232815265656,0.02061130153015256
sgd-control,o55y4lhh,training_step,58,0.3149999976158142,0.3149999976158142,0.609375,19068.9375,29.33203125,0.005193767603486776,0.9999308632525414,0.008511726904544048,1.727755602587422e-05,0.49301057308912277,0.024226359673775733
sgd-control,o55y4lhh,training_step,59,0.41826921701431274,0.41826921701431274,0.6796875,20830.49609375,27.95703125,0.0026547436136752367,0.9999054911780425,0.011778216110542417,4.901355686115494e-05,0.7174405083060265,0.031208269647322595
sgd-control,o55y4lhh,training_step,60,0.2647058963775635,0.2647058963775635,0.5625,17248.64453125,29.2265625,0.0022721197456121445,0.999914166956777,0.008351038020919077,0.00011439382024036604,0.5462986081838608,0.025480615557171404
sgd-control,o55y4lhh,training_step,61,0.3932291567325592,0.3932291567325592,0.46484375,21319.6796875,37.41015625,0.0007309178472496569,0.9999363978005953,0.007798405771609396,9.377360436246818e-05,0.38760650902986526,0.021188305923715234
sgd-control,o55y4lhh,training_step,62,0.26953125,0.26953125,0.5390625,12638.0625,24.58203125,0.004290481563657522,0.9999303198253485,0.010601783549645916,3.2568556378009816e-05,0.6495237983763218,0.026661418261937797
sgd-control,o55y4lhh,training_step,63,0.39375001192092896,0.39375001192092896,0.61328125,16805.3984375,31.3984375,0.0012440906139090657,0.999939401198722,0.008465328923193738,4.020888958677915e-05,0.42753300070762634,0.02347718272358179
sgd-control,o55y4lhh,training_step,64,0.3984375,0.3984375,0.59765625,14651.46484375,30.99609375,0,0.9999433791370701,0.006003712012898177,5.357892858626201e-05,0.5021994728595018,0.01931843883357942
sgd-control,o55y4lhh,training_step,65,0.2222222238779068,0.2222222238779068,0.5,11078.55078125,30.22265625,0.0045237173326313496,0.9999547247701216,0.010443674778798595,1.5685460311942734e-05,0.536249965429306,0.025939554208889604
sgd-control,o55y4lhh,training_step,66,0.37708333134651184,0.37708333134651184,0.45703125,15598.72265625,27.87109375,0.0043447790667414665,0.9999340693413424,0.008619575368356891,0.00013216685567840614,0.45835644006729126,0.022978816530667245
sgd-control,o55y4lhh,training_step,67,0.4166666567325592,0.4166666567325592,0.625,15307.25,26.359375,0.0014819205971434712,0.999916269426355,0.009296692966017872,6.531677468046837e-05,0.6375566087663174,0.025344673893414438
sgd-control,o55y4lhh,training_step,68,0.5874999761581421,0.5874999761581421,0.7265625,12092.6328125,24.5,0.0012755101779475808,0.9999310820143269,0.008017212327104062,7.925441008183043e-05,0.5215428695082664,0.023118261655326933
sgd-control,o55y4lhh,training_step,69,0.4114583432674408,0.4114583432674408,0.4921875,20513.11328125,36.9140625,0.004021164029836655,0.9998967491845256,0.008336999191669747,0.00016500064239721723,0.4874606505036354,0.023215447436086833
sgd-control,o55y4lhh,training_step,70,0.37132352590560913,0.37132352590560913,0.5390625,17520.2734375,28.37890625,0.0022023399360477924,0.9999111998632499,0.010181077755987644,5.606258667967268e-05,0.4272094592452049,0.025242334115318954
sgd-control,o55y4lhh,training_step,71,0.612500011920929,0.612500011920929,0.765625,8319.21875,17.9765625,0.0006518904701806605,0.9999626626019079,0.007321925018914044,-0.00015319832340310313,0.4909583367407322,0.02273776475340128
sgd-control,o55y4lhh,training_step,72,0.47265625,0.47265625,0.6953125,17409.16015625,32.76171875,0.0007153928745537996,0.9999322816228343,0.006959804042708129,-9.1606163096003e-05,0.5471739396452904,0.022153586498461664
sgd-control,o55y4lhh,training_step,73,0.48750001192092896,0.48750001192092896,0.7890625,18157.3984375,29.66796875,0.0006583278300240636,0.9999423972146251,0.007876424380810931,-7.241468871654888e-06,0.5146802738308907,0.022327733924612403
sgd-control,o55y4lhh,training_step,74,0.2984375059604645,0.2984375059604645,0.62109375,14473.89453125,29.5,0.004104872699826956,0.9999492260851119,0.009510475880233571,0.00014085639008953876,0.36779259145259857,0.023048199014738202
sgd-control,o55y4lhh,training_step,75,0.5267857313156128,0.5267857313156128,0.796875,11053.6796875,27.56640625,0.0014170326758176088,0.9999477808748741,0.008715292337001301,0.00011634158920514892,0.5912311094871257,0.023429878849128727
sgd-control,o55y4lhh,training_step,76,0.32536765933036804,0.32536765933036804,0.56640625,16138.7421875,41.91796875,0.0010250675259158015,0.9999602118983225,0.009392368694534525,5.667052340641021e-05,0.459331251680851,0.023478688672184944
sgd-control,o55y4lhh,training_step,77,0.4921875,0.4921875,0.73828125,13375.45703125,28.3359375,0.00013785497867502272,0.9999199546584445,0.007033430156297982,7.035740884475672e-05,0.554315622895956,0.023780905990861356
sgd-control,o55y4lhh,training_step,78,0.753125011920929,0.753125011920929,0.81640625,12246.9140625,27.5703125,0.002408614382147789,0.9998328907431929,0.011610499495873228,0.0001663747607381083,1.0889444798231125,0.03580240497831255
sgd-control,o55y4lhh,training_step,79,0.4283088147640228,0.4283088147640228,0.53515625,15991.8671875,33.49609375,0.003265306120738387,0.999872867160489,0.009232069831341505,0.0001567702595366427,0.4518168233335018,0.024634054279886186
sgd-control,o55y4lhh,training_step,80,0.4427083432674408,0.4427083432674408,0.49609375,11458.50390625,22.7578125,0.006179196760058403,0.9999394542447939,0.008793039101874456,9.671770328623097e-05,0.4821885675191879,0.024519684142433107
sgd-control,o55y4lhh,training_step,81,0.5147058963775635,0.5147058963775635,0.46875,12933.71484375,28.48828125,0.004524887073785067,0.9999401233727124,0.008412446652073413,8.540588642347302e-05,0.4964672178030014,0.02351512445602566
sgd-control,o55y4lhh,training_step,82,0.203125,0.203125,0.3828125,19204.91015625,33.37109375,0.002809317549690604,0.999930361913464,0.00659351417561993,0.00010087803127589723,0.3834865242242813,0.019390286528505385
sgd-control,o55y4lhh,training_step,83,0.3883928656578064,0.3883928656578064,0.5546875,14262.72265625,28.37890625,0.0034411561209708452,0.9999408585029531,0.007122464157873765,8.789019000232656e-05,0.41771844774484634,0.02055200980976224
sgd-control,o55y4lhh,training_step,84,0.4468750059604645,0.4468750059604645,0.43359375,12506.58984375,25.75,0.005461165215820074,0.9999293333035415,0.008250790153397247,8.144280627675471e-08,0.40845032036304474,0.022724207839928567
sgd-control,o55y4lhh,training_step,85,0.6701388955116272,0.6701388955116272,0.75390625,11410.34765625,23.50390625,0.0011633704416453838,0.9999106359001761,0.007163512898841873,4.483626207729685e-05,0.4932560622692108,0.023654641467146575
sgd-control,o55y4lhh,training_step,86,0.42897728085517883,0.42897728085517883,0.58984375,11338.54296875,23.25390625,0.004703511018306017,0.9999277753143347,0.008151945105055347,0.0001192069289572828,0.5480081290006638,0.02314119494985789
sgd-control,o55y4lhh,training_step,87,0.4468750059604645,0.4468750059604645,0.43359375,10999.0234375,26.00390625,0.0018026138423010707,0.9999341807227156,0.010080871725222096,-2.0332898372998898e-05,0.48244043067097664,0.025657625286839902
sgd-control,o55y4lhh,training_step,88,0.5803571343421936,0.5803571343421936,0.765625,10966.4765625,22.3046875,0.0012259194627404213,0.999948659618734,0.0080650863237679,2.0043491446131156e-05,0.5408306792378426,0.023100902617443353
sgd-control,o55y4lhh,training_step,89,0.3052884638309479,0.3052884638309479,0.49609375,17992.03125,29.22265625,0.005747894756495953,0.9999261093046233,0.008196677401429042,7.707818951985246e-05,0.5304804220795631,0.024786074412986636
sgd-control,o55y4lhh,training_step,90,0.4140625,0.4140625,0.49609375,16620.93359375,32.5234375,0.0021619023755192757,0.9999461268428108,0.007616393326316029,0.00010857782194761967,0.3961215913295746,0.02026738424319774
sgd-control,o55y4lhh,training_step,91,0.3806818127632141,0.3806818127632141,0.546875,18178.8203125,29.9609375,0.004563233349472284,0.9999410548517266,0.007796952035278082,5.013576367218775e-05,0.369777075946331,0.021174191846512258
sgd-control,o55y4lhh,training_step,92,0.5546875,0.5546875,0.609375,23542.86328125,37.96484375,0.002160716103389859,0.9999182124152759,0.01116832927800715,0.0002447140116146329,0.4660443216562271,0.02581975853536278
sgd-control,o55y4lhh,training_step,93,0.5608552694320679,0.5608552694320679,0.83203125,14471.05078125,27.91796875,0.0006995942094363272,0.9999452040254728,0.007820279570296407,0.00026873581919062417,0.4249408282339573,0.023255989770404994
sgd-control,o55y4lhh,training_step,94,0.60546875,0.60546875,0.7109375,11988.77734375,21.5390625,0.00018135654681827873,0.9999288242910733,0.00782771862577647,0.00017908183385628718,0.5463285148143768,0.022907650098204613
sgd-control,o55y4lhh,training_step,95,0.3619791567325592,0.3619791567325592,0.54296875,13592.38671875,26.296875,0.0011883541010320187,0.999925965320704,0.00964239877066575,0.00015028569561081895,0.4414464458823204,0.02529086614958942
sgd-control,o55y4lhh,training_step,96,0.7430555820465088,0.7430555820465088,0.8359375,16156.53125,32.46875,0.0003609239647630602,0.9999129672430365,0.009637818380724639,0.0003110924601514853,0.6248975545167923,0.027792353357654065
sgd-control,o55y4lhh,training_step,97,0.6057692170143127,0.6057692170143127,0.734375,11821.19140625,24.35546875,0.00016038492321968079,0.9999379652238917,0.008347013616003096,0.00016631191806482093,0.5182032361626625,0.024014082504436374
sgd-control,o55y4lhh,training_step,98,0.6223958134651184,0.6223958134651184,0.68359375,11682.93359375,27.33203125,0.0017150207422673702,0.9999486235862669,0.00947108565014787,0.00015464914855556344,0.5513418689370155,0.025418699136935174
sgd-control,o55y4lhh,training_step,99,0.4270833432674408,0.4270833432674408,0.80078125,15625.06640625,30.85546875,0.00012659830099437386,0.9999415486848474,0.009477249142946675,0.00012268052904573779,0.4586780294775963,0.025073489639908075
sgd-control,o55y4lhh,training_step,100,0.5852272510528564,0.5852272510528564,0.5546875,17765.90625,37.2421875,0.0022026430815458298,0.9999315291524017,0.009968131722416729,0.00012905912342375814,0.5709771513938904,0.026471112272702157
sgd-control,o55y4lhh,training_step,101,0.28125,0.28125,0.54296875,16597.40625,33.22265625,0.0007054673624224961,0.9999393690245963,0.008983977575553581,4.500294798504001e-05,0.39937110990285873,0.022928552236407995
sgd-control,o55y4lhh,training_step,102,0.6744791865348816,0.6744791865348816,0.88671875,13354.50390625,23.29296875,0.0005031024920754135,0.9999538196109616,0.008756975585129112,0.00014611539972975152,0.4730612486600876,0.022726877476088703
sgd-control,o55y4lhh,training_step,103,0.4975961446762085,0.4975961446762085,0.80859375,14437.96484375,24.625,0.00047588831512257457,0.9999258084285356,0.007933782588224858,6.154622201393067e-05,0.38359981030225754,0.021652411203831434
sgd-control,o55y4lhh,training_step,104,0.4661458432674408,0.4661458432674408,0.69921875,13864.44140625,26.2578125,0.0008925914880819619,0.9999224546757481,0.010432599548948929,0.0002599217423266964,0.586861178278923,0.028305135085247457
sgd-control,o55y4lhh,training_step,105,0.4375,0.4375,0.4609375,21038.89453125,37.73828125,0.0022771970834583044,0.9999144657846392,0.011305403808364645,0.0002087448406768999,0.8217064291238785,0.030151368817314506
sgd-control,o55y4lhh,training_step,106,0.41874998807907104,0.41874998807907104,0.546875,12248.66796875,25.3359375,0.0024668516125530005,0.999937942989867,0.008635934442281723,0.0003051227249670774,0.618047297000885,0.02307066263165325
sgd-control,o55y4lhh,training_step,107,0.541015625,0.541015625,0.83203125,11329.37109375,24.5390625,0.0007959248614497483,0.9999448715979735,0.008920064137782902,0.00024855877472873544,0.7669105343520641,0.026642947224900126
sgd-control,o55y4lhh,training_step,108,0.6322115659713745,0.6322115659713745,0.65234375,15544.48828125,28.484375,0.0016456390731036663,0.9999461720101822,0.008033161226194352,8.540652240185409e-05,0.4128634035587311,0.021812148275785148
sgd-control,o55y4lhh,training_step,109,0.4259868562221527,0.4259868562221527,0.63671875,11645.4140625,24.44140625,0.0020776730962097645,0.9999225915499387,0.009934681263985112,0.00012467972015883788,0.4959838092327118,0.027314698789268732
sgd-control,o55y4lhh,training_step,110,0.6964285969734192,0.6964285969734192,0.71875,16424.5234375,27.09765625,0.0005766181275248528,0.9999407161601879,0.007028189109405503,0.00013365292716116528,0.33024727180600166,0.019431109889410436
sgd-control,o55y4lhh,training_step,111,0.6205357313156128,0.6205357313156128,0.7109375,16627.73046875,27.7734375,0.0015471167862415314,0.9999299582372352,0.0072901175008155406,1.5223182003865077e-05,0.4540860280394554,0.01975878793746233
sgd-control,o55y4lhh,training_step,112,0.4149305522441864,0.4149305522441864,0.55859375,17036.05859375,30.7734375,0.003046458587050438,0.9999208292022734,0.006921715452335775,-4.1495915183986654e-05,0.3848418816924095,0.020077300257980824
sgd-control,o55y4lhh,training_step,113,0.4104166626930237,0.4104166626930237,0.64453125,15910.11328125,26.00390625,0.003755445359274745,0.9999490294454471,0.007852433656807989,0.00014662872308690567,0.35714681074023247,0.02171906514558941
sgd-control,o55y4lhh,training_step,114,0.6588541865348816,0.6588541865348816,0.73828125,10649.5703125,20.19921875,0.002900792984291911,0.9999561255979373,0.008569665893446654,9.657547909114328e-05,0.4166239406913519,0.02398217178415507
sgd-control,o55y4lhh,training_step,115,0.5528846383094788,0.5528846383094788,0.6484375,13966.6640625,29.1640625,0.0013394053094089031,0.9999267963721312,0.008473062160192057,0.00017660576952494011,0.5244978591799736,0.024663428659550846
sgd-control,o55y4lhh,training_step,116,0.5,0.5,0.625,13226.9609375,29.984375,0.000781657116021961,0.9999428704470364,0.01130443555302918,0.00031635068808100186,0.4349918067455292,0.026029959321022034
sgd-control,o55y4lhh,training_step,117,0.626953125,0.626953125,0.75390625,13576.26171875,22.83203125,0.001539777615107596,0.9999193811611334,0.006304750728304498,0.0001754589077336277,0.43515168130397797,0.020303551456891
sgd-control,o55y4lhh,training_step,118,0.38593751192092896,0.38593751192092896,0.71484375,16311.16796875,28.72265625,0.0010879912879317999,0.9999471452897851,0.008594585611717775,0.00024495635079802014,0.44364023953676224,0.02312408562283963
sgd-control,o55y4lhh,training_step,119,0.6838235259056091,0.6838235259056091,0.828125,14070.45703125,27.25,0.0028669724706560373,0.9999501561608461,0.007386113997199573,0.00013241985357126396,0.5000592656433582,0.021929608832579106
sgd-control,o55y4lhh,training_step,120,0.4025000035762787,0.4025000035762787,0.5078125,19048.87109375,34.62109375,0.0024822293780744076,0.9999320754724746,0.009685558528872207,7.90797996614856e-05,0.4818183593451977,0.025359592982567847
sgd-control,o55y4lhh,training_step,121,0.5404411554336548,0.5404411554336548,0.6484375,17370.2109375,29.62890625,0.003691496327519417,0.999955416681477,0.00553938330267556,-5.2503671270187624e-05,0.42902084439992905,0.019347535562701523
sgd-control,o55y4lhh,training_step,122,0.4933035671710968,0.4933035671710968,0.86328125,9137.95703125,20.57421875,0.0009493069956079125,0.9999590983264208,0.0061336408398346975,-6.823748996964696e-05,0.43966605328023434,0.020886446349322796
sgd-control,o55y4lhh,training_step,123,0.34090909361839294,0.34090909361839294,0.46875,16437.66796875,26.1796875,0.0029841838404536247,0.9999116675463847,0.009728485398227349,-2.2434446350416692e-05,0.4874291345477104,0.026259611593559384
sgd-control,o55y4lhh,training_step,124,0.45432692766189575,0.45432692766189575,0.73828125,8593.85546875,16.5859375,0.0002355157776037231,0.9999420907407226,0.008358305742149241,-1.5472706218488952e-05,0.5799409225583076,0.02534643094986677
sgd-control,o55y4lhh,training_step,125,0.5551470518112183,0.5551470518112183,0.8046875,10726.09375,22.05078125,0.0008857395732775331,0.9999688948859404,0.007019887387286872,9.51490177527603e-05,0.4264793358743191,0.021921061212196946
sgd-control,o55y4lhh,training_step,126,0.4281249940395355,0.4281249940395355,0.53515625,16081.1015625,33.1953125,0.0017651212401688099,0.9999322988156167,0.009509493334917352,0.00019952427211933355,0.4543501287698746,0.024015309987589717
sgd-control,o55y4lhh,training_step,127,0.7053571343421936,0.7053571343421936,0.734375,10754.24609375,20.70703125,0.0007545746047981083,0.9999218254165495,0.00837693372159265,0.00011409264894268745,0.4859548006206751,0.02488774387165904
sgd-control,o55y4lhh,training_step,128,0.48317307233810425,0.48317307233810425,0.66015625,13501.609375,27.671875,0.002540937392041087,0.9999421623445951,0.008701000711880624,-0.00014651238544871603,0.4433607831597328,0.024088898091576993
sgd-control,o55y4lhh,training_step,129,0.3798076808452606,0.3798076808452606,0.3671875,28034.34765625,40.375,0.0021284830290824175,0.9999126827462339,0.006569682722329162,-1.6859888276599122e-05,0.33694592490792274,0.018383719900157303
sgd-control,o55y4lhh,training_step,130,0.48161765933036804,0.48161765933036804,0.6484375,7428.74609375,18.265625,0.005132591817528009,0.999963369827483,0.011052674701204523,4.8044753157228115e-05,0.4394306652247906,0.025106357876211405
sgd-control,o55y4lhh,training_step,131,0.3584558963775635,0.3584558963775635,0.63671875,9561.95703125,22.33203125,0.005422424525022507,0.9999491302203104,0.011866430344525725,0.00011367942806828069,0.48796770349144936,0.026763837900944054
sgd-control,o55y4lhh,training_step,132,0.4431818127632141,0.4431818127632141,0.609375,12387.8828125,23.3828125,0.004009355325251818,0.9999395466756693,0.007533270108979195,0.00017379771827563673,0.48106174916028976,0.023299038293771446
sgd-control,o55y4lhh,training_step,133,0.5375000238418579,0.5375000238418579,0.671875,13079.43359375,19.546875,0.0003996802552137524,0.9999225498278158,0.006307744566584006,9.234933099833142e-05,0.4970610961318016,0.01999076665379107
sgd-control,o55y4lhh,training_step,134,0.4665178656578064,0.4665178656578064,0.69140625,10393.76171875,21.3203125,0.002198607660830021,0.9999355748633889,0.007809297210769728,0.00013248840761548308,0.49270932748913765,0.02248451777268201
sgd-control,o55y4lhh,training_step,135,0.5394737124443054,0.5394737124443054,0.65625,16384.95703125,28.8125,0.0009490238735452294,0.9999400478314915,0.008219827635912225,0.00015260596273947158,0.41956158727407455,0.022681718110106885
sgd-control,o55y4lhh,training_step,136,0.43465909361839294,0.43465909361839294,0.59765625,12122.0390625,28.140625,0.0013881176710128784,0.9999283728318858,0.009985350363422185,0.0001483261522992052,0.5710419192910194,0.026062756776809692
sgd-control,o55y4lhh,training_step,137,0.4320652186870575,0.4320652186870575,0.4921875,19112.53125,33.7734375,0.00173490634188056,0.9999250625771605,0.007289929024409503,4.7283265018904785e-05,0.47691042721271515,0.021233781124465168
sgd-control,o55y4lhh,training_step,138,0.4194079041481018,0.4194079041481018,0.62109375,16308.21875,34.41015625,0.0006811216007918119,0.9999300770037011,0.01098058556090109,0.00023582470521432697,0.5850799232721329,0.02826808567624539
sgd-control,o55y4lhh,training_step,139,0.4261363744735718,0.4261363744735718,0.5859375,16075.8984375,35.24609375,0.00011082788114435971,0.9999506481196985,0.007047008548397571,0.0001942995277204318,0.48633692786097527,0.021882431348785758
sgd-control,o55y4lhh,training_step,140,0.4488636255264282,0.4488636255264282,0.6171875,10515.59765625,23.04296875,0.005085607524961233,0.999915437716851,0.008517788985045627,0.0002967101145259221,0.524377129971981,0.0240424977382645
sgd-control,o55y4lhh,training_step,141,0.5795454382896423,0.5795454382896423,0.671875,14776.91796875,21.921875,0.0021382751874625683,0.9999166637128977,0.008725042978767306,0.0001568985803146461,0.6078867316246033,0.024737994419410825
sgd-control,o55y4lhh,training_step,142,0.4739583432674408,0.4739583432674408,0.5859375,15508.75390625,28.9921875,0.0004042037180624902,0.9999226018525591,0.00900476734386757,0.00012824929626731318,0.5402316972613335,0.02584278944414109
sgd-control,o55y4lhh,training_step,143,0.518750011920929,0.518750011920929,0.6484375,13833.7734375,29.87890625,0,0.9999275641223422,0.008349000330781564,0.00011531705763445643,0.5121671333909035,0.023886116105131805
sgd-control,o55y4lhh,training_step,144,0.5147058963775635,0.5147058963775635,0.71875,8266.734375,21.90625,0.00035663339076563716,0.9999476233243179,0.009426544565940276,0.00012412501003034038,0.4174174405634403,0.025349408388137817
sgd-control,o55y4lhh,training_step,145,0.5973557829856873,0.5973557829856873,0.94140625,8270.83984375,23.55078125,0,0.9999334782653825,0.010423389379866421,5.966187525530131e-05,0.5450969934463501,0.02735202433541417
sgd-control,o55y4lhh,training_step,146,0.4791666567325592,0.4791666567325592,0.6328125,11759.484375,23.875,0.0009816753445193172,0.9999242751105212,0.00799919557175599,0.0001391338103076123,0.5282161980867386,0.023736078990623355
sgd-control,o55y4lhh,training_step,147,0.5845588445663452,0.5845588445663452,0.6171875,11897.32421875,22.44921875,0.011136244982481003,0.9999156398421853,0.009676441637566313,0.0003121244299109094,0.5083051919937134,0.02569007594138384
sgd-control,o55y4lhh,training_step,148,0.5729166865348816,0.5729166865348816,0.51953125,15688.5703125,28.3671875,0.000688515545334667,0.9999247056784716,0.008657337981276214,0.00020611250204183307,0.5912976637482643,0.02426521060988307
sgd-control,o55y4lhh,training_step,149,0.7057291865348816,0.7057291865348816,0.68359375,14081.11328125,28.9765625,0.0037746024318039417,0.9999250982530449,0.010580491594737396,0.0002620261013817071,0.5692545250058174,0.026846257504075766
sgd-control,o55y4lhh,training_step,150,0.609375,0.609375,0.63671875,11299.0546875,27.1484375,0.0002877697697840631,0.9999277034783072,0.009244755114195868,2.2545916294802737e-05,0.5523352548480034,0.02620101731736213
sgd-control,o55y4lhh,training_step,151,0.6153846383094788,0.6153846383094788,0.5,16111.92578125,25.01171875,0.0020302983466535807,0.9999256650189937,0.009328189946245402,7.417032315970573e-05,0.47273053228855133,0.022557044168934226
sgd-control,o55y4lhh,training_step,152,0.3258928656578064,0.3258928656578064,0.48046875,17606.91015625,28.28125,0.002348066307604313,0.9999013684165348,0.007830024638678879,-5.576211918878471e-06,0.5962522178888321,0.025584321934729815
sgd-control,o55y4lhh,training_step,153,0.388671875,0.388671875,0.52734375,16957.34375,34.0625,0.0017201835289597511,0.9999345039029304,0.008036439860006794,2.9291033683875867e-05,0.4213806316256523,0.02244265901390463
sgd-control,o55y4lhh,training_step,154,0.4319852888584137,0.4319852888584137,0.66796875,14797.3671875,29.609375,0.000791556725744158,0.9999455536602936,0.00887514595524408,0.00022531076365339686,0.5356194041669369,0.02441211068071425
sgd-control,o55y4lhh,training_step,155,0.4888392984867096,0.4888392984867096,0.48046875,13812.68359375,29.81640625,0.005764443892985582,0.9999263804374358,0.00758228603808675,0.0001894342517516634,0.4664403349161148,0.022913230292033404
sgd-control,o55y4lhh,training_step,156,0.565625011920929,0.565625011920929,0.70703125,14522.4765625,24.4140625,0.0006399999838322401,0.9999290742790017,0.008501871605403721,1.9607636488672142e-05,0.4436625577509403,0.023213926469907165
sgd-control,o55y4lhh,training_step,157,0.46875,0.46875,0.6875,9879.078125,15.74609375,0.001488464418798685,0.9999287556258993,0.006929765018867329,6.249974433103489e-05,0.41613126546144485,0.020757402176968753
sgd-control,o55y4lhh,training_step,158,0.550000011920929,0.550000011920929,0.65625,14156.9765625,28.65234375,0.003544648876413703,0.9993189446014342,0.01335832878248766,0.0006696220452795387,1.0534021072089672,0.038253892213106155
sgd-control,o55y4lhh,training_step,159,0.4352678656578064,0.4352678656578064,0.63671875,13811.875,26.30078125,0.0004455666057765484,0.999414189289165,0.009899502212647349,0.0005070605329819955,0.9451576694846153,0.033719751285389066
sgd-control,o55y4lhh,training_step,160,0.32894736528396606,0.32894736528396606,0.53125,14924.34765625,25.703125,0.0010638297535479069,0.9998371846037077,0.009133005514740944,0.00012306897195912825,0.46728411316871643,0.0243221428245306
sgd-control,o55y4lhh,training_step,161,0.43421053886413574,0.43421053886413574,0.53125,13061.92578125,25.7265625,0.0063771638087928295,0.9998692967974308,0.00810019305208698,3.7585655604743806e-05,0.4122225120663643,0.02258796221576631
sgd-control,o55y4lhh,training_step,162,0.3461538553237915,0.3461538553237915,0.4375,13378.34375,24.64453125,0.01204628311097622,0.9999455501986134,0.007880677178036422,5.5517106204661104e-05,0.47658153995871544,0.022904989426024258
sgd-control,o55y4lhh,training_step,163,0.40992647409439087,0.40992647409439087,0.49609375,11102.328125,23.10546875,0.004395604599267244,0.9999552302415552,0.005978053333819844,3.978221539568949e-05,0.3767123520374298,0.017816743813455105
sgd-control,o55y4lhh,training_step,164,0.1785714328289032,0.1785714328289032,0.46875,21287.6875,34.40625,0.0014759310288354754,0.9999352982490953,0.006981594284297898,4.881019455638125e-05,0.4348071627318859,0.021434039226733148
sgd-control,o55y4lhh,training_step,165,0.643750011920929,0.643750011920929,0.8046875,9556.8203125,18.51953125,0.0008437038632109761,0.999962022575353,0.007438995613483712,0.000123499325894727,0.5348295271396637,0.02230366412550211
sgd-control,o55y4lhh,training_step,166,0.4759615361690521,0.4759615361690521,0.6484375,13886,24.00390625,0.002278275089338422,0.9999379466070917,0.008244625205406919,0.00028323973492661025,0.5485523603856564,0.024453080841340125
sgd-control,o55y4lhh,training_step,167,0.6392045617103577,0.6392045617103577,0.75390625,14811.7578125,25.73828125,0.00030353618785738945,0.9999340220320347,0.009688510705018416,0.00018870421172323404,0.5165299102663994,0.026147023891098797
sgd-control,o55y4lhh,training_step,168,0.53125,0.53125,0.63671875,14894.47265625,26.46484375,0,0.9999473940165733,0.009425456111785024,0.0001274326210136678,0.4523915946483612,0.023610772332176566
sgd-control,o55y4lhh,training_step,169,0.3799342215061188,0.3799342215061188,0.52734375,11005.21875,23.0546875,0.0020332091953605413,0.9999371140299771,0.008893447753507644,0.00017786739113034855,0.5595204457640648,0.024177328450605273
sgd-control,o55y4lhh,training_step,170,0.581250011920929,0.581250011920929,0.703125,15670.1875,25.37109375,0.001231716712936759,0.9999189263111493,0.007743359485175461,7.383761811752265e-05,0.4242432713508606,0.022032863344065845
sgd-control,o55y4lhh,training_step,171,0.25679346919059753,0.25679346919059753,0.48828125,19581.8984375,38.73046875,0.001311144675128162,0.9999097542495974,0.010357380611822009,0.0003178595106874127,0.4237406253814697,0.02408745849970728
sgd-control,o55y4lhh,training_step,172,0.5104166865348816,0.5104166865348816,0.70703125,16713.12890625,29.5625,0.0031712474301457405,0.9999353194265455,0.008902652596589178,0.00011358632067981489,0.4661813974380493,0.02414787351153791
sgd-control,o55y4lhh,training_step,173,0.47159090638160706,0.47159090638160706,0.6484375,19443.16796875,33.8984375,0.0014980409760028124,0.9999493039021929,0.009887828637147322,7.401124867101316e-05,0.5530711226165295,0.025954701588489115
sgd-control,o55y4lhh,training_step,174,0.5062500238418579,0.5062500238418579,0.69921875,13012.15234375,26.94140625,0.001884877448901534,0.999961514400142,0.011678169074002653,9.944176112242076e-05,0.5170307382941246,0.027588615543209016
sgd-control,o55y4lhh,training_step,175,0.5178571343421936,0.5178571343421936,0.78125,10877.359375,21.34765625,0.0009149130783043802,0.9999372531895694,0.009366841259179637,4.213642478134716e-05,0.5148505941033363,0.025426656124182045
sgd-control,o55y4lhh,training_step,176,0.512499988079071,0.512499988079071,0.65625,12190.69921875,27.44921875,0.0008538494585081935,0.9999583679487095,0.01057329773902893,0.00016307344023402948,0.5982885509729385,0.026773081626743078
sgd-control,o55y4lhh,training_step,177,0.546875,0.546875,0.71875,13440.296875,23.078125,0.0016926202224567533,0.9999446781465245,0.006453273672377691,0.0001854413829960322,0.3681636080145836,0.019996154122054577
sgd-control,o55y4lhh,training_step,178,0.6651785969734192,0.6651785969734192,0.6640625,14333.95703125,29.0859375,0.0014773032162338495,0.9999324524296206,0.008880723005859181,0.00026175757750479534,0.48328739404678345,0.023939990787766874
sgd-control,o55y4lhh,training_step,179,0.3482142984867096,0.3482142984867096,0.5390625,17918.4765625,25.59375,0.0004578754596877843,0.9998968198521158,0.008223981218179688,0.00021906217762079905,0.5872876420617104,0.025137426680885255
sgd-control,o55y4lhh,training_step,180,0.3452380895614624,0.3452380895614624,0.65625,20136.29296875,26.66015625,0.002783882897347212,0.9999362915085092,0.006371642972226255,6.372385939812375e-05,0.45716236159205437,0.01986931706778705
sgd-control,o55y4lhh,training_step,181,0.22812500596046448,0.22812500596046448,0.28515625,20962.86328125,34.56640625,0.0014690925600007176,0.9999105466459208,0.008407990535488352,0.00012711265662801452,0.46059469506144524,0.021767277386970818
sgd-control,o55y4lhh,training_step,182,0.5568181872367859,0.5568181872367859,0.640625,14064.859375,27.328125,0.003859348129481077,0.999938320634319,0.007842859689844772,0.00016532780500710942,0.5514786541461945,0.021964916959404945
sgd-control,o55y4lhh,training_step,183,0.5494791865348816,0.5494791865348816,0.82421875,11336.90234375,25.046875,0.0001559575757710263,0.9999437530690813,0.008387733527342789,7.72420731323109e-05,0.44240476563572884,0.023742439108900726
sgd-control,o55y4lhh,training_step,184,0.587890625,0.587890625,0.67578125,11321.44140625,22.8671875,0.00017082337581086904,0.9999471309230452,0.008476456860080361,0.00026282557865897616,0.44843391329050064,0.0237502510426566
sgd-control,o55y4lhh,training_step,185,0.42656248807907104,0.42656248807907104,0.56640625,20763.02734375,29.08203125,0.0022834117989987135,0.999923798842465,0.007784818299114704,0.00027919784042751417,0.3851604796946049,0.02158697519917041
sgd-control,o55y4lhh,training_step,186,0.39945653080940247,0.39945653080940247,0.5234375,17200.02734375,33.51953125,0.005710290279239416,0.9999498124419837,0.009231151052517816,0.00013573085914231342,0.4460199810564518,0.022414554026909173
sgd-control,o55y4lhh,training_step,187,0.4154411852359772,0.4154411852359772,0.5078125,14350.0078125,26.8046875,0.003351792460307479,0.9999445606048719,0.010860635957214981,0.00013706135712254763,0.5103763937950134,0.026539587997831404
sgd-control,o55y4lhh,training_step,188,0.6223958134651184,0.6223958134651184,0.55859375,12888.171875,26.671875,0.0016110134311020374,0.9999498078489499,0.01055214399821125,0.00012878027814622328,0.5088517814874649,0.02604202483780682
sgd-control,o55y4lhh,training_step,189,0.5909090638160706,0.5909090638160706,0.8125,8994.734375,19.62890625,0.0017910447204485536,0.99992343712923,0.00820595322875306,-5.624592620279145e-05,0.5641748234629631,0.024911218788474798
sgd-control,o55y4lhh,training_step,190,0.5568181872367859,0.5568181872367859,0.765625,10155.83984375,20.98828125,0.0018611575942486525,0.9999264044169313,0.009109429782256484,-1.0813548669830197e-05,0.6021893136203289,0.025872629950754344
sgd-control,o55y4lhh,training_step,191,0.4661458432674408,0.4661458432674408,0.57421875,15157.02734375,23.54296875,0.001659200293943286,0.9999319203657362,0.0087201468704734,9.224090517356842e-05,0.5309942811727524,0.025445263949222863
sgd-control,o55y4lhh,training_step,192,0.7276785969734192,0.7276785969734192,0.7734375,14337.88671875,23.4375,0.0005000000237487257,0.9999410642000545,0.007950790779432282,0.00010077487394255513,0.4754742309451103,0.024133466300554574
sgd-control,o55y4lhh,training_step,193,0.6129807829856873,0.6129807829856873,0.74609375,13693.5625,27.36328125,0,0.9999641568452071,0.011190143472049385,0.00030952477945334067,0.5486707612872124,0.026341676013544202
sgd-control,o55y4lhh,training_step,194,0.5227272510528564,0.5227272510528564,0.6875,14966.3515625,30.1640625,0.0006475006230175495,0.999939289107054,0.009459687833441421,0.00017654223097451904,0.548955075442791,0.024556603166274726
sgd-control,o55y4lhh,training_step,195,0.578125,0.578125,0.5703125,20064.49609375,34.0078125,0.0012634964659810066,0.9999314735152204,0.00900708173867315,6.443167771408298e-05,1.5689504314213991,0.03094024513848126
sgd-control,o55y4lhh,training_step,196,0.6654411554336548,0.6654411554336548,0.6640625,17313,30.40625,0.0006423432496376336,0.9999409888722909,0.008391213210416026,0.0001615654884972173,0.49474357068538666,0.022093614912591875
sgd-control,o55y4lhh,training_step,197,0.3211805522441864,0.3211805522441864,0.34765625,21079.984375,37.125,0.0021043771412223577,0.9999381463313675,0.009189457108732313,0.00013520271633638004,0.5056381672620773,0.02522068819962442
sgd-control,o55y4lhh,training_step,198,0.4583333432674408,0.4583333432674408,0.5625,19869.65625,36.6953125,0.00287417508661747,0.9999262953960868,0.009386916091898456,0.00019520412570273038,0.4614045098423958,0.023095622193068266
sgd-control,o55y4lhh,training_step,199,0.5275735259056091,0.5275735259056091,0.62109375,17835.0078125,31.2421875,0.002000500215217471,0.9999427937155243,0.008868317119777203,0.00023731907930368834,0.5004822425544262,0.02335681626573205
sgd-control,o55y4lhh,training_step,200,0.34375,0.34375,0.4765625,22199.0234375,30.71875,0.004196337889879942,0.9999156896093193,0.008627127768704668,0.00013673726112983786,0.370237834751606,0.020876313908956945
sgd-control,o55y4lhh,training_step,201,0.46666666865348816,0.46666666865348816,0.625,13218.4453125,24.8671875,0.0043983664363622665,0.9999464138424681,0.0073144769994542,0.00011361055703673628,0.49700654298067093,0.021282771020196378
sgd-control,o55y4lhh,training_step,202,0.4232954680919647,0.4232954680919647,0.58203125,11180.59375,24.73828125,0.0015790305333212018,0.9999298407889696,0.007956532266689464,0.00020757550510097644,0.5795100182294846,0.02439923502970487
sgd-control,o55y4lhh,training_step,203,0.33088234066963196,0.33088234066963196,0.578125,13391.98828125,29.4921875,0.001059602596797049,0.9999262788535997,0.00997439818456769,9.81596593589984e-05,0.446464866399765,0.02604546316433698
sgd-control,o55y4lhh,training_step,204,0.53125,0.53125,0.671875,11876.30859375,19.6015625,0.0027899560518562794,0.9997891050794869,0.01010061681154184,2.3333412428883094e-06,0.6005071438848972,0.030282354447990656
sgd-control,o55y4lhh,training_step,205,0.4322916567325592,0.4322916567325592,0.59765625,7820.51953125,18.69140625,0.005851619876921177,0.9999163078606471,0.00685589131899178,-1.9342385883192037e-05,0.49873221665620804,0.020877711358480155
sgd-control,o55y4lhh,training_step,206,0.5625,0.5625,0.71875,14511.8203125,28.9296875,0.002430461812764406,0.9999411034085501,0.006321363995084539,0.000112624357882396,0.470568485558033,0.020934839150868356
sgd-control,o55y4lhh,training_step,207,0.4357638955116272,0.4357638955116272,0.73046875,7165.7890625,18.5703125,0.000631047529168427,0.9999587703602533,0.005573386268224567,0.0001448743057608226,0.37380465865135193,0.018376309657469392
sgd-control,o55y4lhh,training_step,208,0.6629464030265808,0.6629464030265808,0.78515625,11842.18359375,23.8359375,0.0022943296935409307,0.9999513834643219,0.009570800815708935,0.00017045050537944917,0.46641426533460617,0.025440681842155755
sgd-control,o55y4lhh,training_step,209,0.7215909361839294,0.7215909361839294,0.8671875,12963.375,26.18359375,0.0005967477336525917,0.9999337956223863,0.007555347925517708,0.00014240638461160415,0.5661281459033489,0.02377961459569633
sgd-control,o55y4lhh,training_step,210,0.4375,0.4375,0.515625,13380.2890625,34.71875,0.005288028623908758,0.9999601891052213,0.009088006743695587,-6.545501805987897e-05,0.4240226596593857,0.024175555794499815
sgd-control,o55y4lhh,training_step,211,0.4352678656578064,0.4352678656578064,0.76171875,14012.03125,27.64453125,0.0018369365716353059,0.9999536950229643,0.006311264020041563,7.286250075821954e-05,0.4371090903878212,0.019474786124192178
sgd-control,o55y4lhh,training_step,212,0.3385416567325592,0.3385416567325592,0.51171875,16824.41796875,30.60546875,0.0025526483077555895,0.9999457212904467,0.010912394238403067,-2.1079862847273034e-05,0.5287878159433603,0.02763711614534259
sgd-control,o55y4lhh,training_step,213,0.518750011920929,0.518750011920929,0.5234375,18454.51953125,30.9453125,0.0016409996896982193,0.9999171491398189,0.006418267279514112,8.900518423615722e-06,0.34758543968200684,0.01916159869870171
sgd-control,o55y4lhh,training_step,214,0.4020833373069763,0.4020833373069763,0.62890625,11143.65234375,23.5078125,0.00016616815992165357,0.9999246359382153,0.008379561040783301,0.00013999476652770682,0.45847654342651367,0.02237273834180087
sgd-control,o55y4lhh,training_step,215,0.533088207244873,0.533088207244873,0.6328125,12793.28125,19.546875,0.0005995203973725438,0.9999309056669391,0.006945128785446286,7.9145424351168e-05,0.4247581362724304,0.021806603530421853
sgd-control,o55y4lhh,training_step,216,0.44583332538604736,0.44583332538604736,0.4609375,13763.79296875,29.63671875,0.0036905233282595873,0.9999018449715735,0.006935726385563612,9.665436732575472e-05,0.3905549868941307,0.02066759893205017
sgd-control,o55y4lhh,training_step,217,0.7379807829856873,0.7379807829856873,0.82421875,9479.734375,25.3203125,0.004165381193161011,0.9999641166627986,0.007770286843879148,6.29011736918983e-05,0.4137875810265541,0.022213009069673717
sgd-control,o55y4lhh,training_step,218,0.484375,0.484375,0.47265625,10498.73828125,23.10546875,0.008284023962914944,0.999960699538474,0.008137455792166293,3.688213877239832e-05,0.401797816157341,0.021398771321401
sgd-control,o55y4lhh,training_step,219,0.5056818127632141,0.5056818127632141,0.6953125,16201.8046875,27.33203125,0.0037158781196922064,0.9999338459680424,0.009697698405943811,0.00013372808483325116,0.36602144688367844,0.023105720058083534
sgd-control,o55y4lhh,training_step,220,0.37215909361839294,0.37215909361839294,0.51171875,21069.09765625,35.16796875,0.0037765188608318567,0.9999198371345791,0.009547278401441872,0.00018667671554339904,0.39346185326576233,0.021673375624231994
sgd-control,o55y4lhh,training_step,221,0.5078125,0.5078125,0.76171875,14227.3203125,23.08984375,0.000507528311572969,0.9999346992234875,0.008872871199855581,0.00023375650880552712,0.5038931388407946,0.02462006942369044
sgd-control,o55y4lhh,training_step,222,0.3295454680919647,0.3295454680919647,0.53125,11120.60546875,22.00390625,0.0010651517659425735,0.999919659776731,0.008269381040008739,0.00026275323807567474,0.5172856897115707,0.022090880549512804
sgd-control,o55y4lhh,training_step,223,0.4615384638309479,0.4615384638309479,0.625,15069.875,27.6796875,0.0035280834417790174,0.9999254440710089,0.01095472215092741,0.00016639764771753107,0.49289073050022125,0.026356486603617668
sgd-control,o55y4lhh,training_step,224,0.39638158679008484,0.39638158679008484,0.56640625,13742.4453125,22.66015625,0.0020686087664216757,0.9999416196209115,0.007931950240163133,0.0001726464215607848,0.38521649688482285,0.021354048745706677
sgd-control,o55y4lhh,training_step,225,0.423828125,0.423828125,0.47265625,15019.62109375,33.140625,0.0011786893010139465,0.9999296093168856,0.009690266364486888,0.0002005609635489236,0.5355511829257011,0.025807323632761836
sgd-control,o55y4lhh,training_step,226,0.4866071343421936,0.4866071343421936,0.7265625,12091.484375,27.515625,0.003123225411400199,0.999938029060011,0.008722410828340799,-5.928772935703819e-06,0.4802616275846958,0.023575284518301487
sgd-control,o55y4lhh,training_step,227,0.3151041567325592,0.3151041567325592,0.5703125,10202.79296875,24.5078125,0.0027095952536910772,0.9999243428770326,0.008838066190946847,-1.4275909833827427e-05,0.42584913969039917,0.023385652108117938
sgd-control,o55y4lhh,training_step,228,0.6692708134651184,0.6692708134651184,0.75390625,11761.3046875,23.609375,0.00016545334074180573,0.9999441578582557,0.008977474441053346,1.0551410518644389e-05,0.5464817732572556,0.024577051983214915
sgd-control,o55y4lhh,training_step,229,0.4756944477558136,0.4756944477558136,0.53515625,13218.34375,28.94921875,0.0021589528769254684,0.9999403698033199,0.008086932968581095,7.812928576811373e-05,0.4259922429919243,0.02119998214766383
sgd-control,o55y4lhh,training_step,230,0.49632352590560913,0.49632352590560913,0.6796875,16794.484375,28.57421875,0.0005468216259032488,0.9999399635580773,0.009150131838396192,0.00019584856045185006,0.5682665258646011,0.023829167359508574
sgd-control,o55y4lhh,training_step,231,0.5078125,0.5078125,0.5078125,17870.9140625,33.94140625,0.0028772009536623955,0.9999467718882972,0.009117392037296668,0.0002176478647015756,0.52923833578825,0.025903048343025148
sgd-control,o55y4lhh,training_step,232,0.5213068127632141,0.5213068127632141,0.68359375,13233.41796875,23.54296875,0.0019910403061658144,0.9999307515635151,0.006163850615848787,0.00016793088161648484,0.4764428362250328,0.019668773224111646
sgd-control,o55y4lhh,training_step,233,0.5557065010070801,0.5557065010070801,0.59765625,10660.13671875,24.4375,0.002237851731479168,0.9999482231359823,0.009565320622641593,0.00011113484697489184,0.4451815187931061,0.02536825684364885
sgd-control,o55y4lhh,training_step,234,0.6477272510528564,0.6477272510528564,0.640625,15914.48046875,26.140625,0.0017931859474629164,0.9999150337355248,0.008604395959991962,8.048674328620109e-05,0.6409350037574768,0.0267455808352679
sgd-control,o55y4lhh,training_step,235,0.625,0.625,0.890625,9594.359375,22.8984375,0.0011941316770389676,0.9999591565221516,0.0067628827528096735,5.6404497968287615e-05,0.4167788475751877,0.021109680645167828
sgd-control,o55y4lhh,training_step,236,0.6753472089767456,0.6753472089767456,0.64453125,11945.25390625,27.953125,0.002375628799200058,0.9999192219472095,0.009588558867108077,0.00011592066522325695,0.4608008936047554,0.025709501933306456
sgd-control,o55y4lhh,training_step,237,0.4270833432674408,0.4270833432674408,0.48046875,13732.30078125,32.08203125,0.00036527455085888505,0.9999280313469286,0.007484210247639567,0.00025295280647696927,0.35448990389704704,0.021488298196345568
sgd-control,o55y4lhh,training_step,238,0.6590909361839294,0.6590909361839294,0.65625,16817.88671875,32.7734375,0.0014302741037681699,0.9999387223827876,0.009408661862835288,0.00032189868124987697,0.8779874481260777,0.026618483243510127
sgd-control,o55y4lhh,training_step,239,0.3602941036224365,0.3602941036224365,0.765625,8552.10546875,19.609375,0.0015936255222186446,0.9999528642910044,0.007900967437308282,8.617830542334559e-05,0.4684041813015938,0.02263103099539876
sgd-control,o55y4lhh,training_step,240,0.5562499761581421,0.5562499761581421,0.6953125,14806.8046875,29.15625,0,0.9999436622295446,0.009018027893034741,5.669662616014648e-05,0.5596933700144291,0.025510628358460963
sgd-control,o55y4lhh,training_step,241,0.3947368562221527,0.3947368562221527,0.4375,13574.453125,26.16796875,0.002089864108711481,0.9999318572101894,0.005549370544031262,-8.250554145661226e-06,0.4841180071234703,0.019156218564603478
sgd-control,o55y4lhh,training_step,242,0.4553571343421936,0.4553571343421936,0.671875,16477.62109375,25.5234375,0.002448729705065489,0.9999458370936568,0.008392033138079569,0.0001762508566116594,0.529286477714777,0.024292439687997103
sgd-control,o55y4lhh,training_step,243,0.326171875,0.326171875,0.52734375,19778.19921875,33.4375,0.0053738318383693695,0.9999257874959107,0.006805422279285267,0.00019897552238035132,0.41630878299474716,0.01919348386581987
sgd-control,o55y4lhh,training_step,244,0.7265625,0.7265625,0.7265625,11521.68359375,20.88671875,0.001683186856098473,0.9999412373324743,0.009393873246153817,0.00015428999181210656,0.7296292930841446,0.02712711924687028
sgd-control,o55y4lhh,training_step,245,0.29296875,0.29296875,0.4609375,21502.65625,34.93359375,0.0030191210098564625,0.9999353619424709,0.007747229843516834,0.00015362911926786182,0.4394930228590965,0.021793202788103372
sgd-control,o55y4lhh,training_step,246,0.5451388955116272,0.5451388955116272,0.61328125,13334.57421875,27.31640625,0.0028600029181689024,0.9999164902203738,0.008486292383167893,0.00024993158513098024,0.494776114821434,0.023372716270387173
sgd-control,o55y4lhh,training_step,247,0.70703125,0.70703125,0.70703125,15370.15625,22.28515625,0.0001752848329488188,0.9999285915687492,0.010104963381309062,8.673414345139463e-05,0.4700179547071457,0.024248149595223367
sgd-control,o55y4lhh,training_step,248,0.3950892984867096,0.3950892984867096,0.56640625,11230.7109375,18.2109375,0.001072501065209508,0.9999242781692019,0.007774007157422602,0.00012061770513582815,0.46331777423620224,0.023409165325574577
sgd-control,o55y4lhh,training_step,249,0.5746527910232544,0.5746527910232544,0.66796875,12469.04296875,23.640625,0.0001652346400078386,0.9999438142663089,0.010178852884564549,0.00018982967439029608,0.4954134225845337,0.02699251368176192
sgd-control,o55y4lhh,training_step,250,0.7708333134651184,0.7708333134651184,0.78125,11546.0078125,24.19140625,0.00016147263522725552,0.9999377328671246,0.00841210744692944,0.00013016674927257554,0.41058775782585144,0.023095292039215565
sgd-control,o55y4lhh,training_step,251,0.55859375,0.55859375,0.8671875,7939.94921875,18.80078125,0.003739871084690094,0.999932411483647,0.007483937341021374,0.00012021478062251845,0.6045548021793365,0.024063980556093156
sgd-control,o55y4lhh,training_step,252,0.6527777910232544,0.6527777910232544,0.84375,12758.87109375,24.2265625,0,0.9999403339999625,0.007443272595992312,4.563495754439373e-05,0.46458595246076584,0.022143235779367387
sgd-control,o55y4lhh,training_step,253,0.5198863744735718,0.5198863744735718,0.4296875,15536.3671875,35.4765625,0.005285179708153009,0.9999449184093137,0.009416721703018993,8.25741341259345e-06,0.4761573597788811,0.024669504957273602
sgd-control,o55y4lhh,training_step,254,0.637499988079071,0.637499988079071,0.546875,19273.3671875,31.97265625,0.0008552229846827686,0.999936157400286,0.010532890359172598,0.00026188492247269934,0.6716584414243698,0.026649316656403244
sgd-control,o55y4lhh,training_step,255,0.35597825050354004,0.35597825050354004,0.7734375,13387.4921875,22.671875,0.0031013095285743475,0.9999398096990479,0.007449655822711065,0.0003428175764383923,0.45064737647771835,0.02262951247394085
sgd-control,o55y4lhh,training_step,256,0.3950892984867096,0.3950892984867096,0.69140625,9008.28515625,18.1875,0.005154639016836882,0.9999454607336197,0.009968683560146019,0.00010464233302265313,0.44473225623369217,0.02564369305036962
sgd-control,o55y4lhh,training_step,257,0.5234375,0.5234375,0.78515625,9935.6640625,20.8515625,0,0.999921339510099,0.0076096470293123275,0.0001234738574567018,0.42576269060373306,0.021595799829810858
sgd-control,o55y4lhh,training_step,258,0.5390625,0.5390625,0.68359375,9253.4609375,17.97265625,0.00043468811782076955,0.9999459930661638,0.010083976871101186,0.0001884282838773288,0.46926068514585495,0.027405401691794395
sgd-control,o55y4lhh,training_step,259,0.59375,0.59375,0.6796875,12418.87890625,26.75390625,0.00189808732829988,0.9999049085570514,0.00883487454848364,-5.334784896149358e-05,0.5348509140312672,0.0256593634840101
sgd-control,o55y4lhh,training_step,260,0.6286764740943909,0.6286764740943909,0.8359375,12195.41015625,25.37890625,0.0012313375482335687,0.999923326851119,0.00964043429121375,-1.1163856470375322e-05,0.600779578089714,0.027007420547306538
sgd-control,o55y4lhh,training_step,261,0.5954861044883728,0.5954861044883728,0.58984375,18018.0703125,30.3125,0.0012886597542092204,0.9999043910725385,0.01252000269596465,0.00043174921449917747,0.5183567851781845,0.030206231283955276
sgd-control,o55y4lhh,training_step,262,0.4447115361690521,0.4447115361690521,0.47265625,18743.125,32.75390625,0.0019081693608313799,0.9999039433757909,0.010472222580574453,0.00042548839041955944,0.5562556460499763,0.028518160106614232
sgd-control,o55y4lhh,training_step,263,0.5133928656578064,0.5133928656578064,0.72265625,16209.375,30.21875,0.0016804550541564822,0.9999274054851874,0.009406749333720654,0.00020391024349919462,0.6246924325823784,0.0266024733427912
sgd-control,o55y4lhh,training_step,264,0.3173076808452606,0.3173076808452606,0.65625,15267.44140625,31.69140625,0.003327992046251893,0.9999655761646938,0.007873447495512664,-2.4785731454812776e-05,0.5476858466863632,0.021701732999645174
sgd-control,o55y4lhh,training_step,265,0.3270833194255829,0.3270833194255829,0.61328125,9371.40625,19,0,0.9999514602777183,0.009303153376094997,-4.6726765042137686e-05,0.5175399966537952,0.023698970209807158
sgd-control,o55y4lhh,training_step,266,0.590624988079071,0.590624988079071,0.73828125,13639.1875,21.6328125,0.0018057060660794377,0.9999390960388723,0.005194036915781908,2.067412981432426e-05,0.35840871930122375,0.015976157155819237
sgd-control,o55y4lhh,training_step,267,0.6205357313156128,0.6205357313156128,0.7109375,10944.41796875,23.27734375,0,0.999956870605881,0.008889160846592858,3.951523251544131e-05,0.5233436264097691,0.024665224133059382
sgd-control,o55y4lhh,training_step,268,0.5989583134651184,0.5989583134651184,0.72265625,15966.62109375,33.1875,0.0028248587623238564,0.9999175313383761,0.00877797941211611,2.150655245714006e-05,1.0563728287816048,0.029052855097688735
sgd-control,o55y4lhh,training_step,269,0.48828125,0.48828125,0.71484375,10170.5390625,22.8125,0.0017123287543654442,0.9999255183823085,0.007911258901003748,0.00016428745152552438,0.4835476540029049,0.02336828818079084
sgd-control,o55y4lhh,training_step,270,0.293154776096344,0.293154776096344,0.51953125,16375.75390625,28.1015625,0.0059772031381726265,0.9999408976280085,0.0066288063244428486,0.0002550153058109572,0.3732957988977432,0.01988516270648688
sgd-control,o55y4lhh,training_step,271,0.5340909361839294,0.5340909361839294,0.734375,12292.01171875,22.08203125,0.001238280558027327,0.9999482210093731,0.007170949509600177,0.00014605106673570845,0.4875318706035614,0.021452687680721283
sgd-control,o55y4lhh,training_step,272,0.4263392984867096,0.4263392984867096,0.62109375,10630.56640625,19.6796875,0.0005954743828624487,0.9999515731443538,0.007444530609063804,0.00020439324543986004,0.6384446993470192,0.023258061963133514
sgd-control,o55y4lhh,training_step,273,0.46507352590560913,0.46507352590560913,0.73828125,14260.83984375,25.82421875,0.005747995804995298,0.9999303627348096,0.009087152953725308,0.00012666078384881985,0.49595657736063004,0.024868637206964195
sgd-control,o55y4lhh,training_step,274,0.5610119104385376,0.5610119104385376,0.72265625,14212.16015625,24.32421875,0.004014774225652218,0.999922363235521,0.008109665679512545,0.00015931723987705482,0.4850325584411621,0.023321498301811516
sgd-control,o55y4lhh,training_step,275,0.4801136255264282,0.4801136255264282,0.66015625,11091.28125,25.86328125,0.0022655187640339136,0.9999504553775745,0.009362978569697589,0.00024068424272627453,0.4048265963792801,0.023715108982287347
sgd-control,o55y4lhh,training_step,276,0.5788690447807312,0.5788690447807312,0.64453125,15769.71484375,26.6953125,0.0005853087641298771,0.999945205141798,0.009620355092920363,0.00019473292718430457,0.4610489495098591,0.024286393774673343
sgd-control,o55y4lhh,training_step,277,0.5687500238418579,0.5687500238418579,0.7109375,12413.51171875,25.70703125,0.00136757327709347,0.9999419171042241,0.008961139363236725,-4.391796403524495e-05,0.45066164433956146,0.023302035871893167
sgd-control,o55y4lhh,training_step,278,0.6985294222831726,0.6985294222831726,0.734375,17176.3359375,28.24609375,0.0012446411419659853,0.9999122392702876,0.007514178782003,-7.796824775141431e-06,0.4682198725640774,0.022701691486872733
sgd-control,o55y4lhh,training_step,279,0.4392361044883728,0.4392361044883728,0.48828125,18650.421875,37.08984375,0.0041074249893426895,0.9999290295842357,0.00916309181775432,0.00015621409568211675,0.6159858629107475,0.024626332975458354
sgd-control,o55y4lhh,training_step,280,0.3382352888584137,0.3382352888584137,0.46875,16600.703125,23.73046875,0.007242798339575529,0.9999100828091442,0.009189108750433661,0.00011293047515437138,0.43907738476991653,0.024321440840139985
sgd-control,o55y4lhh,training_step,281,0.609375,0.609375,0.76171875,11606.859375,26.125,0.00014952152559999377,0.9999492600939943,0.009331157751148567,0.0001320701128975088,0.4995631165802479,0.024714529514312744
sgd-control,o55y4lhh,training_step,282,0.7013888955116272,0.7013888955116272,0.7890625,8757.92578125,20.76953125,0,0.999955962538071,0.006754807312972844,0.00011921136209025462,0.3960156738758087,0.021573353558778763
sgd-control,o55y4lhh,training_step,283,0.875,0.875,0.875,8509.81640625,19.7890625,0,0.9999604061738726,0.007211756746983156,0.00011067167349665397,0.4954013451933861,0.022697326843626797
sgd-control,o55y4lhh,training_step,284,0.4791666567325592,0.4791666567325592,0.3984375,18137.13671875,30.35546875,0.0019302534637972713,0.9999170542146483,0.0073775605706032366,1.4923384298981546e-05,0.3770405724644661,0.021256448584608734
sgd-control,o55y4lhh,training_step,285,0.4196428656578064,0.4196428656578064,0.609375,14036.11328125,27.49609375,0.001704787602648139,0.999938121874737,0.008983209554571658,-0.0002223034525741241,0.5392716564238071,0.02467061800416559
sgd-control,o55y4lhh,training_step,286,0.5963541865348816,0.5963541865348816,0.64453125,10354.45703125,22.7734375,0.0017152659129351377,0.9999494261229075,0.008833244006382301,-6.972415781092423e-05,0.4365997016429901,0.022342202137224376
sgd-control,o55y4lhh,training_step,287,0.581250011920929,0.581250011920929,0.703125,14942.29296875,27.47265625,0.0015640552155673504,0.9998956485971312,0.008867001190083101,-6.794839003987363e-05,0.44782768189907074,0.02331469429191202
sgd-control,o55y4lhh,training_step,288,0.453125,0.453125,0.6328125,16131.31640625,27.796875,0.0005621135351248085,0.9999215912817269,0.009745503251906484,0.00028386731696627976,0.40660523623228073,0.023357297061011195
sgd-control,o55y4lhh,training_step,289,0.5551470518112183,0.5551470518112183,0.5546875,20655.5703125,32.5546875,0.0003599711926653981,0.9999187842084536,0.009055353235453367,0.000253747218010858,0.638041540980339,0.02606167772319168
sgd-control,o55y4lhh,training_step,290,0.6104166507720947,0.6104166507720947,0.76953125,12736.9140625,23.5703125,0,0.9999561950084022,0.0072386521205771714,8.1864796300124e-05,0.47285574674606323,0.02160927711520344
sgd-control,o55y4lhh,training_step,291,0.5168269276618958,0.5168269276618958,0.58984375,18525.234375,33.79296875,0.0021962779574096203,0.9999541370721001,0.010545340104727075,0.00012507626183833054,0.4049801155924797,0.025353605276905
sgd-control,o55y4lhh,training_step,292,0.5072115659713745,0.5072115659713745,0.57421875,18762.28125,31.21484375,0.00037542235804721713,0.9999506063232286,0.007732204714557156,8.620198306985571e-05,0.5175578445196152,0.02248062950093299
sgd-control,o55y4lhh,training_step,293,0.55859375,0.55859375,0.4921875,12248.6171875,26.49609375,0.0042753941379487514,0.9999531519350722,0.00969429055112414,5.5901603449370896e-05,0.4246428310871124,0.024658308597281575
sgd-control,o55y4lhh,training_step,294,0.6450892686843872,0.6450892686843872,0.62890625,10372.82421875,19.95703125,0.0003914660483133048,0.9999600300716182,0.008425446838373318,-3.1334813058947475e-05,0.454033475369215,0.02347189886495471
sgd-control,o55y4lhh,training_step,295,0.5538194179534912,0.5538194179534912,0.74609375,11807.17578125,25.49609375,0.0001532097376184538,0.9999556470666822,0.009417962341103703,-0.00011457475807219453,0.49181123077869415,0.025067789596505463
sgd-control,o55y4lhh,training_step,296,0.634765625,0.634765625,0.64453125,16260.85546875,32.51953125,0,0.9999460535412523,0.008641375752631575,6.179653814086805e-05,0.5105212926864624,0.02429502084851265
sgd-control,o55y4lhh,training_step,297,0.5874999761581421,0.5874999761581421,0.7265625,14243.80078125,24.6484375,0.001901743235066533,0.999927310489084,0.007542572770034894,0.00043920775897277053,0.490044541656971,0.02189490443561226
sgd-control,o55y4lhh,training_step,298,0.3270833194255829,0.3270833194255829,0.36328125,22735.58203125,40.47265625,0.00472927326336503,0.9999332656425121,0.008061008935328573,0.0003455311234574765,0.45700978115200996,0.023002574569545686
sgd-control,o55y4lhh,training_step,299,0.44034090638160706,0.44034090638160706,0.60546875,18713.1796875,29.234375,0.0036076963879168034,0.999915698845954,0.008069986652117223,0.0001648554316489026,0.4052799791097641,0.021331963827833533
sgd-control,o55y4lhh,training_step,300,0.578125,0.578125,0.59765625,10742.73046875,24.03125,0.0029258776921778917,0.9999418217514126,0.008985559019492939,0.0002702754745769198,0.4363633394241333,0.02386565168853849
sgd-control,o55y4lhh,training_step,301,0.6382211446762085,0.6382211446762085,0.82421875,14105.1484375,21.5390625,0.0009067827486433089,0.9999345245648039,0.008635398640763015,0.00011410594157723608,0.43211645632982254,0.02411730750463903
sgd-control,o55y4lhh,training_step,302,0.41874998807907104,0.41874998807907104,0.78515625,10726.6875,23.73828125,0.0018101036548614502,0.9999175899102627,0.008497340022586286,5.995111678203102e-06,0.5813692510128021,0.024598287302069366
sgd-control,o55y4lhh,training_step,303,0.47610294818878174,0.47610294818878174,0.63671875,18335.89453125,33.63671875,0.0011613053502514958,0.9999041430779882,0.008660877036163583,-0.0001370520195109748,0.4966927766799927,0.022778571234084666
sgd-control,o55y4lhh,training_step,304,0.518750011920929,0.518750011920929,0.72265625,12156.7578125,30.30859375,0.0021910041105002165,0.9999294110067547,0.007535108888987452,4.360156009397542e-05,0.39278119802474976,0.02067485952284187
sgd-control,o55y4lhh,training_step,305,0.4352678656578064,0.4352678656578064,0.63671875,18923.8984375,32.7578125,0.0019079417688772082,0.9999400231899839,0.007452193589415401,2.1268009874120253e-05,0.4855790436267853,0.02008523268159479
sgd-control,o55y4lhh,training_step,306,0.71875,0.71875,0.66796875,16192.515625,25.30859375,0.005093378480523825,0.9999388683356875,0.009270371490856633,-2.2287749942506707e-05,0.43899206444621086,0.022875321097671986
sgd-control,o55y4lhh,training_step,307,0.6607142686843872,0.6607142686843872,0.65625,15647.26953125,33.5859375,0.0015119794989004731,0.9999635474026725,0.008952686592238024,-6.017188081841596e-05,0.46376892179250717,0.023860357352532446
sgd-control,o55y4lhh,training_step,308,0.7270833253860474,0.7270833253860474,0.73828125,11176.17578125,21.66015625,0,0.9999488937922705,0.007602704019518569,6.031490386249061e-05,0.603154294192791,0.023890641168691218
sgd-control,o55y4lhh,training_step,309,0.5677083134651184,0.5677083134651184,0.6015625,13443.265625,27.95703125,0.007684784010052681,0.9999096558876713,0.010576064203632995,0.00013202299538761508,0.5723937526345253,0.02809435804374516
sgd-control,o55y4lhh,training_step,310,0.675000011920929,0.675000011920929,0.640625,10298.21875,19.23046875,0.016250254586338997,0.999904872034364,0.00772393264924176,0.00017525635144011176,0.8277993276715279,0.024351033964194357
sgd-control,o55y4lhh,training_step,311,0.43359375,0.43359375,0.6171875,20166.86328125,26.64453125,0.0007330303196795285,0.9999257155427035,0.0063686082867207006,0.00010063820332106843,0.39541202038526535,0.01910167938331142
sgd-control,o55y4lhh,training_step,312,0.400390625,0.400390625,0.55078125,18665.12109375,32.09375,0.002312560798600316,0.9999385748127623,0.008090220391750336,4.538264364839506e-05,0.44889506697654724,0.023003276553936303
sgd-control,o55y4lhh,training_step,313,0.4735576808452606,0.4735576808452606,0.64453125,16595.68359375,29.12890625,0.0002682043705135584,0.9999546430442469,0.0047655041271355,6.308935235210811e-05,0.25110432505607605,0.014256211812607944
sgd-control,o55y4lhh,training_step,314,0.536057710647583,0.536057710647583,0.74609375,18345.1015625,26.95703125,0.00347775686532259,0.9999449212318847,0.006410640344256535,0.00012532003347587306,0.4035971537232399,0.019792274455539882
sgd-control,o55y4lhh,training_step,315,0.5082237124443054,0.5082237124443054,0.45703125,16855.78515625,28.82421875,0.0033879929687827826,0.9999445154324571,0.005675690801581368,4.290795345696097e-05,0.47044359147548676,0.018394397920928895
sgd-control,o55y4lhh,training_step,316,0.6629464030265808,0.6629464030265808,0.78515625,16581.13671875,29.34375,0.00013312033843249083,0.9999341025326919,0.007990319951204583,5.4460837532133155e-05,0.731967693194747,0.02574243547860533
sgd-control,o55y4lhh,training_step,317,0.5345394611358643,0.5345394611358643,0.76953125,11918.390625,22.98828125,0.00203908234834671,0.9999596238753405,0.008463390986435115,9.836741696744866e-05,0.5034918114542961,0.02326482639182359
sgd-control,o55y4lhh,training_step,318,0.6029411554336548,0.6029411554336548,0.65625,13010.875,27.4765625,0.005544498097151518,0.9999446906224401,0.007880303484853357,7.319980119291358e-05,0.4860151596367359,0.022774650366045535
sgd-control,o55y4lhh,training_step,319,0.375,0.375,0.609375,11618.79296875,24.45703125,0.0014374700840562582,0.999955181646151,0.009366111713461578,0.00022342497470617673,0.4810386374592781,0.024712172453291714
sgd-control,o55y4lhh,training_step,320,0.5200892686843872,0.5200892686843872,0.66015625,15870.99609375,36.49609375,0.00010703199950512499,0.9999560588350189,0.00945691906963475,8.283560092081643e-05,0.45467187464237213,0.024875697796233
sgd-control,o55y4lhh,training_step,321,0.543749988079071,0.543749988079071,0.734375,12673.49609375,27.96484375,0.0008381058578379452,0.9999607486379709,0.010921817651251331,7.320981819702865e-05,0.3903314471244812,0.02569786598905921
sgd-control,o55y4lhh,training_step,322,0.2782738208770752,0.2782738208770752,0.48046875,15293.6015625,26.86328125,0.006979787722229958,0.9999515911289522,0.007031731540337205,9.812251295215901e-05,0.5283326357603073,0.022223142557777464
sgd-control,o55y4lhh,training_step,323,0.43541666865348816,0.43541666865348816,0.81640625,6488.27734375,17.11328125,0.0031956173479557037,0.9999555863039516,0.007132166269002482,1.4584895694724764e-05,0.46597983315587044,0.022031365893781185
sgd-control,o55y4lhh,training_step,324,0.572265625,0.572265625,0.64453125,13653.88671875,21.171875,0.0009225092362612486,0.999933511801659,0.00787885586032644,-2.942752702850271e-05,0.4075365848839283,0.022226083208806813
sgd-control,o55y4lhh,training_step,325,0.3072916567325592,0.3072916567325592,0.4609375,12948.62890625,27.48828125,0.004263180308043957,0.9999345151224951,0.009765314200194553,0.0001604665467311861,0.4344363547861576,0.024359457078389823
sgd-control,o55y4lhh,training_step,326,0.5028409361839294,0.5028409361839294,0.69140625,12062.3203125,24.78125,0.0017339218175038695,0.9999407187616388,0.011053987691411749,0.00011762889748467842,0.4994489327073097,0.027069969451986253
sgd-control,o55y4lhh,training_step,327,0.5395833253860474,0.5395833253860474,0.63671875,10354.08984375,20.953125,0.0029828485567122698,0.9999559109883199,0.009197017323458567,3.3833622353540704e-05,0.5084119513630867,0.025777980918064713
sgd-control,o55y4lhh,training_step,328,0.49671053886413574,0.49671053886413574,0.6796875,16629.0703125,28.3671875,0.00027540622977539897,0.9999380589476674,0.008580839115893468,-7.883004968789464e-05,0.4168492928147316,0.023496576468460262
sgd-control,o55y4lhh,training_step,329,0.5347222089767456,0.5347222089767456,0.453125,17560.28515625,37.10546875,0.0045267920941114426,0.9999378677634427,0.00816116455825977,-7.030828672327516e-05,0.38356634974479675,0.020835564588196576
sgd-control,o55y4lhh,training_step,330,0.3779761791229248,0.3779761791229248,0.4921875,19502.74609375,32.640625,0.0015557683072984219,0.9999490561215791,0.006506615754915401,2.0130041335164606e-05,0.4866183362901211,0.02109169086907059
sgd-control,o55y4lhh,training_step,331,0.5,0.5,0.625,14687.73046875,25.2890625,0.00015446401084773242,0.9999238415016607,0.006889819429488853,5.2523295096307265e-05,0.4135939031839371,0.020096487714909017
sgd-control,o55y4lhh,training_step,332,0.4226190447807312,0.4226190447807312,0.609375,13036.0625,26.35546875,0.0004446420643944293,0.9999516266399157,0.005932087282417342,6.58170715723827e-05,0.36238008365035057,0.01961521274643019
sgd-control,o55y4lhh,training_step,333,0.595703125,0.595703125,0.81640625,9987.5546875,23.109375,0,0.9999649483915415,0.008334741607541218,7.62310950221945e-05,0.6186635978519917,0.024018685333430767
sgd-control,o55y4lhh,training_step,334,0.7017045617103577,0.7017045617103577,0.58984375,15339.56640625,34.6796875,0.0013516558101400733,0.9999578190472297,0.009765568654984236,0.00014245059219319955,0.4065636098384857,0.02463640086352825
sgd-control,o55y4lhh,training_step,335,0.4192708432674408,0.4192708432674408,0.6328125,13824.41796875,28.29296875,0.005246445070952177,0.9999330143259104,0.008025234244996682,7.164237499068804e-05,0.468267310410738,0.02313002140726894
sgd-control,o55y4lhh,training_step,336,0.6941964030265808,0.6941964030265808,0.83984375,18749.84765625,29.52734375,0.0010583410039544106,0.9999136132563496,0.008260840695584193,4.8772311174616334e-05,0.47885342687368393,0.024596421979367733
sgd-control,o55y4lhh,training_step,337,0.59375,0.59375,0.76171875,14958.02734375,28.08984375,0.0027812542393803596,0.9999373492927374,0.009822868014452979,0.00012866375607245573,0.5108852237462997,0.025340980617329478
sgd-control,o55y4lhh,training_step,338,0.6033653616905212,0.6033653616905212,0.60546875,15343.453125,33.3828125,0.0040954831056296825,0.9999319860679721,0.007933062908705324,6.090057439678276e-05,0.4549232944846153,0.02213763038162142
sgd-control,o55y4lhh,training_step,339,0.37316176295280457,0.37316176295280457,0.54296875,14429.18359375,28.45703125,0.0020590254571288824,0.9999327129282002,0.009190620970912278,9.851554580109223e-05,0.5627985745668411,0.025494104251265526
sgd-control,o55y4lhh,training_step,340,0.39453125,0.39453125,0.6640625,13411.63671875,27.43359375,0.0048412359319627285,0.9999360182917185,0.010077286569867283,9.725894204848373e-05,0.4095388427376747,0.02577064442448318
sgd-control,o55y4lhh,training_step,341,0.65625,0.65625,0.77734375,15649.86328125,30.04296875,0.0013002210762351751,0.9998829305003228,0.011743804789148271,9.453089495536915e-05,0.5737961605191231,0.03100403246935457
sgd-control,o55y4lhh,training_step,342,0.512499988079071,0.512499988079071,0.7109375,13804.75,27.671875,0.0012704686960205436,0.9999246533301056,0.008483185898512602,5.768528285443608e-05,0.533352293074131,0.02401447214651853
sgd-control,o55y4lhh,training_step,343,0.5555555820465088,0.5555555820465088,0.625,11203.69921875,22.18359375,0,0.9999440396342408,0.005012731679016724,0.00018328663856159721,0.2846168354153633,0.01604446698911488
sgd-control,o55y4lhh,training_step,344,0.63671875,0.63671875,0.53515625,15539.56640625,26.21484375,0.006109372712671757,0.9998987267879889,0.006827038683695719,6.217487002402322e-05,0.5247823894023895,0.020945079857483506
sgd-control,o55y4lhh,training_step,345,0.4014423191547394,0.4014423191547394,0.52734375,13813.5703125,31.91015625,0.00208103796467185,0.9999314708154775,0.008565443684346974,-0.00025517741869407473,0.35539498180150986,0.022280288860201836
sgd-control,o55y4lhh,training_step,346,0.512499988079071,0.512499988079071,0.7109375,18076.21875,26.75,0.0037967290263623,0.9998809089174163,0.011265944631304592,-0.0002451703003885086,0.6447552442550659,0.03032135043758899
sgd-control,o55y4lhh,training_step,347,0.4759615361690521,0.4759615361690521,0.5234375,14734.70703125,26.3046875,0.005049005150794983,0.9999339666775887,0.01106480706948787,-3.56416632030232e-05,0.4615698382258415,0.027007055934518576
sgd-control,o55y4lhh,training_step,348,0.5372023582458496,0.5372023582458496,0.66015625,18364.50390625,28.98046875,0.003234937321394682,0.9999186011897159,0.007504498760681599,2.3417505332190558e-05,0.42656654119491577,0.0230847675120458
sgd-control,o55y4lhh,training_step,349,0.48828125,0.48828125,0.7265625,13928.69921875,26.32421875,0.0019290696363896132,0.9999505153244622,0.008608250733232126,9.915650457514857e-05,0.4702034220099449,0.024771380121819675
sgd-control,o55y4lhh,training_step,350,0.59375,0.59375,0.640625,17182.10546875,30.0859375,0.0020773825235664845,0.99994257427048,0.007930299063446,0.00011546226801328885,0.440103255212307,0.021870561526156962
sgd-control,o55y4lhh,training_step,351,0.6180555820465088,0.6180555820465088,0.765625,13453.31640625,28.0078125,0,0.9999419369516486,0.006743646983522922,0.00014507384366879705,0.39397692680358887,0.020711251418106258
sgd-control,o55y4lhh,training_step,352,0.5552884340286255,0.5552884340286255,0.65234375,18017.37109375,32.19140625,0.00012134449934819713,0.9999388683495921,0.005962408758932725,0.00010638889168035348,0.31481093168258667,0.01728864572942257
sgd-control,o55y4lhh,training_step,353,0.5089285969734192,0.5089285969734192,0.640625,16949.69140625,32.78125,0.005004766397178173,0.9999373432222115,0.008751203946303576,0.00015549223360267206,0.39957503229379654,0.022842640639282763
sgd-control,o55y4lhh,training_step,354,0.5056818127632141,0.5056818127632141,0.5703125,18667.515625,29.36328125,0.0006651589646935463,0.9999290982388364,0.006452951347455382,3.5703688126886846e-05,0.4094749689102173,0.019538210821337998
sgd-control,o55y4lhh,training_step,355,0.3461538553237915,0.3461538553237915,0.5,14750.94140625,31,0.0011340725468471646,0.9999127580551437,0.00977119617164135,0.00016263186307696742,0.5157629400491714,0.026116221910342574
sgd-control,o55y4lhh,training_step,356,0.581250011920929,0.581250011920929,0.71484375,12487.53125,27.1953125,0.002154553309082985,0.9999405187867095,0.008904450107365847,1.8507854520066758e-06,0.4960326626896858,0.025120902922935784
sgd-control,o55y4lhh,training_step,357,0.556640625,0.556640625,0.73828125,16014.97265625,30.5390625,0.0008953696815297008,0.9999457666960457,0.006844494811957702,-6.726599968942537e-05,0.41640549153089523,0.021065301494672894
sgd-control,o55y4lhh,training_step,358,0.6666666865348816,0.6666666865348816,0.875,12016.28515625,24.58203125,0.0012712538009509444,0.9999514213354901,0.008973077055998147,-0.00011241754759794276,0.47519034892320633,0.025496333371847868
sgd-control,o55y4lhh,training_step,359,0.519345223903656,0.519345223903656,0.61328125,16923.28125,28.38671875,0.005229117814451456,0.9999051785771604,0.010343047440983355,0.00010759335691545857,0.55614223331213,0.02603277878370136
sgd-control,o55y4lhh,training_step,360,0.35661765933036804,0.35661765933036804,0.3828125,21401.234375,39.86328125,0.0006859382847324014,0.999921170135188,0.008401409693760797,0.0002219949814161737,0.4680600203573704,0.022078092209994793
sgd-control,o55y4lhh,training_step,361,0.604687511920929,0.604687511920929,0.63671875,16776.3828125,30.71875,0.0013987792190164328,0.9999010905101471,0.009411284932866693,0.00025968257966724195,0.49731849879026413,0.02660162467509508
sgd-control,o55y4lhh,training_step,362,0.6470588445663452,0.6470588445663452,0.75,13996.046875,27.6484375,0.0005651313695125282,0.9999031609065806,0.006947177811525762,0.00029871209062548587,0.6363804824650288,0.023615608224645257
sgd-control,o55y4lhh,training_step,363,0.4662500023841858,0.4662500023841858,0.58203125,17325.23828125,29.5625,0.002114164875820279,0.9999265328611056,0.009467155992751941,0.0002601729752313986,0.3984302543103695,0.025546577177010477
sgd-control,o55y4lhh,training_step,364,0.4895833432674408,0.4895833432674408,0.54296875,13773.0546875,27.89453125,0.0019605096895247698,0.99991657341032,0.008535485161701217,0.00020468550928853801,0.49648895487189293,0.024913488887250423
sgd-control,o55y4lhh,training_step,365,0.6540178656578064,0.6540178656578064,0.76953125,10808.7578125,27.8203125,0.002386969979852438,0.9999292862828606,0.008619816304417327,7.711693638157158e-05,0.6239127665758133,0.023894031182862818
sgd-control,o55y4lhh,training_step,366,0.5300480723381042,0.5300480723381042,0.72265625,14933.359375,28.40625,0.001375137479044497,0.9999413392021765,0.008357697923202068,0.00011537917464465863,0.4845070093870163,0.02497754932846874
sgd-control,o55y4lhh,training_step,367,0.7130681872367859,0.7130681872367859,0.73046875,10759.83203125,22.703125,0.0053337919525802135,0.9999501615269719,0.006775819114409387,8.999013869015471e-05,0.5069760903716087,0.022103594499640167
sgd-control,o55y4lhh,training_step,368,0.4161931872367859,0.4161931872367859,0.64453125,11747.203125,21.796875,0.0021505376789718866,0.9999494978552027,0.0059892248682444915,0.00014738737081643194,0.45796725153923035,0.020676563028246164
sgd-control,o55y4lhh,training_step,369,0.39338234066963196,0.39338234066963196,0.4609375,16079.15234375,26.58203125,0.00499632628634572,0.9999073417420337,0.006770282605430111,0.0002278292517985392,0.5750287119299173,0.020668146782554686
sgd-control,o55y4lhh,training_step,370,0.5583333373069763,0.5583333373069763,0.796875,11012.7890625,24.56640625,0.0014310701517388225,0.9999370196687499,0.010271871520671993,0.0002281442983900206,0.4866994433104992,0.026982242590747774
sgd-control,o55y4lhh,training_step,371,0.40808823704719543,0.40808823704719543,0.6171875,11158.16015625,21.84765625,0.0005363847594708204,0.9999139031388788,0.008565724012441933,0.0002519319997418279,0.6692856699228287,0.02694246917963028
sgd-control,o55y4lhh,training_step,372,0.6328125,0.6328125,0.69921875,11232.49609375,23.87890625,0.005071159917861223,0.999943995666549,0.008794604917056859,4.866388985647063e-05,0.5830468386411667,0.025741768651641905
sgd-control,o55y4lhh,training_step,373,0.5910326242446899,0.5910326242446899,0.82421875,11831.625,24.32421875,0.002087682718411088,0.9999474656295377,0.008558956382330507,2.0301238862430182e-05,0.4234742745757103,0.022612595465034246
sgd-control,o55y4lhh,training_step,374,0.4453125,0.4453125,0.640625,23295.91796875,38.55078125,0.0014185834443196654,0.9999350735048651,0.010126153618330136,0.0002954655046778498,0.47775136679410934,0.025487169506959617
sgd-control,o55y4lhh,training_step,375,0.4704861044883728,0.4704861044883728,0.68359375,18146.1484375,32.65625,0.004306219983845949,0.9999274917358009,0.007719623186858371,0.0003557139361873851,0.5248689204454422,0.02208023937419057
sgd-control,o55y4lhh,training_step,376,0.3618420958518982,0.3618420958518982,0.609375,13277.30859375,27.734375,0.0042253523133695126,0.9999324753764788,0.008763829537201673,0.00030144155425659847,0.45462140068411827,0.025160799152217805
sgd-control,o55y4lhh,training_step,377,0.6215277910232544,0.6215277910232544,0.69921875,9774.5,15.93359375,0.0029418976046144962,0.9999233981446201,0.008979826758150011,0.00044968343172513414,0.49289675429463387,0.026448615710251033
sgd-control,o55y4lhh,training_step,378,0.2723214328289032,0.2723214328289032,0.4765625,16191.37890625,26.796875,0.000583090353757143,0.999919290176152,0.011114803492091596,0.0001888404106722419,0.48207908868789673,0.02860233827959746
sgd-control,o55y4lhh,training_step,379,0.650390625,0.650390625,0.67578125,11316.87890625,19.79296875,0.0005920663243159652,0.9999415282781425,0.006835324165876955,4.51534722856195e-05,0.38972627371549606,0.020835610455833375
sgd-control,o55y4lhh,training_step,380,0.6607142686843872,0.6607142686843872,0.53125,11336.71484375,24.046875,0.005685510113835335,0.9999410290287625,0.008973912539659068,9.092839724189616e-05,0.4378269538283348,0.02506762440316379
sgd-control,o55y4lhh,training_step,381,0.5396634340286255,0.5396634340286255,0.50390625,19852.68359375,33.625,0.0034851301461458206,0.9999188580273604,0.007815010350896046,0.00017350668167637195,0.5344340316951275,0.023354378645308316
sgd-control,o55y4lhh,training_step,382,0.4020833373069763,0.4020833373069763,0.50390625,20881.84375,35.41015625,0.0003309431776870042,0.9999500751070912,0.00805535411927849,0.0001946856458516777,0.5098119229078293,0.022913919878192246
sgd-control,o55y4lhh,training_step,383,0.4921875,0.4921875,0.484375,20686.6171875,27.82421875,0.003228976624086499,0.9999235250775564,0.006898876774357632,0.00015443045936081035,0.3856098800897598,0.01985159469768405
sgd-control,o55y4lhh,training_step,384,0.4392361044883728,0.4392361044883728,0.73828125,18209.66796875,32.18359375,0.0008496176451444626,0.9999474184602183,0.007426621217746288,0.00020163680460427713,0.3549242615699768,0.021042729960754514
sgd-control,o55y4lhh,training_step,385,0.3559027910232544,0.3559027910232544,0.80078125,13993.83203125,27.40625,0.0009977194713428617,0.9999496236589976,0.0089808888733387,0.0004441131477506133,0.4132302328944206,0.024080035975202918
sgd-control,o55y4lhh,training_step,386,0.5871710777282715,0.5871710777282715,0.51953125,12965.046875,26.765625,0.00758902495726943,0.9999178130788713,0.00825881605851464,0.0004340941522968933,0.6233951300382614,0.025232269428670406
sgd-control,o55y4lhh,training_step,387,0.47187501192092896,0.47187501192092896,0.46484375,13545.58984375,23.8828125,0.001799149438738823,0.999935672860091,0.008582429523812607,0.0001943830462778351,0.7200639024376869,0.025593513622879982
sgd-control,o55y4lhh,training_step,388,0.4583333432674408,0.4583333432674408,0.515625,17010.6796875,27.5703125,0.002408614382147789,0.9999140303135253,0.010120058519532904,0.0002181336203648243,0.4423154890537262,0.0257626473903656
sgd-control,o55y4lhh,training_step,389,0.46590909361839294,0.46590909361839294,0.640625,13439.8125,26.22265625,0.0055116936564445496,0.9999136339500232,0.009455943043576553,0.0003507445794639352,0.4859610106796026,0.026229713927023113
sgd-control,o55y4lhh,training_step,390,0.5279605388641357,0.5279605388641357,0.62890625,12082.7890625,24.80078125,0.003465112531557679,0.9999362569340067,0.012645233189687133,0.0004303237283238559,0.5982409678399563,0.03095326980110258
sgd-control,o55y4lhh,training_step,391,0.51953125,0.51953125,0.6640625,10220.37109375,24.296875,0.004662379622459412,0.9999270291677324,0.006335915706586093,0.00029712031846429454,0.4915599301457405,0.021454731817357242
sgd-control,o55y4lhh,training_step,392,0.8096590638160706,0.8096590638160706,0.86328125,16655.59375,34.85546875,0.0001120699307648465,0.9999247438388814,0.010846254212083295,7.516464143009216e-05,0.5066177472472191,0.028181860921904445
sgd-control,o55y4lhh,training_step,393,0.675000011920929,0.675000011920929,0.765625,13935.48046875,28.0703125,0.0008349568815901875,0.9999007004164279,0.010469921224284917,-0.00027039403903472703,0.6210164576768875,0.028456914122216403
sgd-control,o55y4lhh,training_step,394,0.546875,0.546875,0.58203125,17654.46484375,26.58984375,0.008520640432834625,0.9999270472854217,0.008340741216670722,-0.00019115601531893844,0.48847927153110504,0.02372001891490072
sgd-control,o55y4lhh,training_step,395,0.6184210777282715,0.6184210777282715,0.46875,20096.6875,33.2265625,0.0028215376660227776,0.9999111020033075,0.010167051019379869,-7.16085298968494e-05,0.5545651763677597,0.028426976990886033
sgd-control,o55y4lhh,training_step,396,0.6197916865348816,0.6197916865348816,0.6796875,14108.89453125,26.0703125,0.003146538743749261,0.9999231564133746,0.0051304983790032566,4.3522246152782884e-05,0.45717547461390495,0.017157044145278633
sgd-control,o55y4lhh,training_step,397,0.4319852888584137,0.4319852888584137,0.66796875,14053.9921875,29.16796875,0.0018749162554740906,0.9999149546839657,0.008492348599247634,0.00019812531934348954,0.5483673438429832,0.024026364437304437
sgd-control,o55y4lhh,training_step,398,0.5795454382896423,0.5795454382896423,0.671875,15698.6875,24.96484375,0.0009388201870024204,0.9999339903438118,0.008806766476482153,3.1843468107695116e-05,0.4085741639137268,0.02168930321931839
sgd-control,o55y4lhh,training_step,399,0.73046875,0.73046875,0.73046875,9945.28125,20.015625,0.0005854800692759454,0.9999412623824815,0.007529696769779548,9.767589421016964e-05,0.5297563076019287,0.023866915027610958
sgd-control,o55y4lhh,training_step,400,0.4375,0.4375,0.6953125,18061.68359375,32.7421875,0.00155094254296273,0.9999013634656557,0.0075030739535577595,-0.00010793816338150464,0.4536224901676178,0.02367892605252564
